Employee_ID,Name,Age,Gender,Department,Salary,Experience,City,Education,Performance,Projects,Joining_Year
1001,Rahul,39,Female,HR,60047.5,12.0,Lucknow,MCA,2,10,2024
1002,Rohit,59,Male,Finance,98179.0,12.0,Delhi,B.Com,3,13,2020
1003,Amit,55,Female,Marketing,55069.0,12.0,Lucknow,MCA,2,18,2018
1004,Rohit,34,Male,Finance,93246.0,12.0,Lucknow,B.Tech,1,10,2016
1005,Rohit,47,Female,Sales,58560.0,12.0,Lucknow,MCA,3,9,2019
1006,Priya,37,Male,Finance,60047.5,2.0,Lucknow,MCA,4,3,2020
1007,Rahul,21,Male,HR,60047.5,12.0,Delhi,BCA,2,8,2018
1008,Amit,39,Male,Marketing,80496.0,10.0,Lucknow,MBA,1,13,2020
1010,Rohit,39,Male,IT,60047.5,1.0,Noida,MCA,3,10,2023
1011,Neha,48,Female,HR,97248.0,19.0,Lucknow,BCA,3,11,2020
1012,Amit,39,Male,Finance,60047.5,4.0,Pune,B.Tech,2,3,2017
1013,Rahul,22,Female,Marketing,68534.0,22.0,Lucknow,MCA,1,10,2024
1014,Rohit,39,Male,HR,47930.0,22.0,Lucknow,MCA,3,14,2020
1015,Rahul,22,Male,HR,60047.5,24.0,Pune,B.Tech,5,19,2020
1016,Rahul,33,Male,HR,60047.5,12.0,Lucknow,B.Tech,3,4,2020
1017,Sneha,59,Male,Finance,52400.0,12.0,Lucknow,MCA,3,1,2023
1018,Sneha,39,Male,IT,21567.0,14.0,Mumbai,MBA,4,2,2019
1019,Rahul,30,Male,Finance,67878.0,12.0,Lucknow,B.Com,5,6,2023
1020,Neha,50,Male,HR,60047.5,11.0,Lucknow,B.Tech,3,10,2020
1022,Rahul,46,Male,IT,31135.0,7.0,Delhi,BCA,4,1,2024
1023,Neha,49,Male,IT,60047.5,12.0,Pune,MCA,3,8,2018
1024,Rahul,21,Female,IT,65113.0,18.0,Delhi,MBA,4,18,2015
1025,Sneha,28,Male,IT,78791.0,24.0,Lucknow,B.Tech,2,14,2016
1026,Rohit,47,Male,Finance,60047.5,22.0,Noida,MCA,4,10,2016
1027,Neha,50,Male,Marketing,91727.0,0.0,Pune,MCA,2,12,2024
1028,Rahul,53,Female,HR,60047.5,7.0,Lucknow,MCA,5,1,2025
1029,Rahul,39,Male,Marketing,28046.0,9.0,Lucknow,MCA,3,15,2019
1030,Amit,39,Female,HR,60047.5,12.0,Noida,MCA,5,11,2015
1031,Rahul,55,Male,HR,60047.5,12.0,Lucknow,BCA,1,18,2024
1032,Priya,27,Female,HR,66806.0,21.0,Pune,MBA,3,17,2017
1033,Neha,28,Female,IT,21354.0,12.0,Delhi,BCA,3,3,2025
1034,Neha,56,Female,Finance,73046.0,9.0,Pune,MCA,4,10,2020
1035,Rahul,39,Male,HR,85064.0,13.0,Pune,MBA,4,10,2015
1036,Sneha,51,Male,Marketing,77184.0,23.0,Noida,MBA,3,3,2026
1037,Sneha,36,Male,HR,22963.0,10.0,Mumbai,B.Com,5,13,2020
1038,Rahul,54,Male,HR,47424.0,13.0,Noida,BCA,1,9,2015
1040,Neha,38,Female,HR,60047.5,20.0,Noida,BCA,5,10,2023
1041,Rahul,48,Female,HR,31226.0,15.0,Lucknow,B.Com,3,10,2016
1042,Rahul,26,Male,HR,58108.0,19.0,Delhi,B.Com,4,10,2020
1043,Rohit,47,Male,HR,90647.0,16.0,Delhi,B.Com,1,10,2020
1044,Rahul,28,Male,Finance,60047.5,12.0,Delhi,MCA,3,10,2017
1045,Rohit,47,Female,HR,60047.5,12.0,Lucknow,B.Com,3,19,2020
1046,Rahul,25,Male,HR,27802.0,16.0,Lucknow,MBA,3,8,2020
1047,Priya,48,Male,Sales,62230.0,19.0,Delhi,B.Tech,3,13,2020
1048,Rahul,36,Female,HR,83372.0,12.0,Delhi,MCA,4,9,2020
1049,Rahul,35,Female,Marketing,74020.0,10.0,Mumbai,B.Tech,3,10,2020
1050,Neha,39,Male,HR,37465.0,11.0,Lucknow,B.Tech,2,4,2016
1051,Sneha,39,Female,HR,27994.0,24.0,Pune,MBA,3,10,2020
1052,Priya,22,Male,Sales,23531.0,23.0,Noida,MCA,3,5,2020
1053,Rahul,40,Female,HR,60047.5,12.0,Mumbai,B.Tech,2,6,2020
1054,Rahul,45,Female,Finance,79066.0,12.0,Mumbai,MCA,1,10,2019
1055,Priya,55,Male,HR,26229.0,12.0,Mumbai,MCA,3,1,2015
1057,Rahul,39,Male,HR,60047.5,22.0,Lucknow,MCA,3,4,2015
1058,Neha,31,Male,Marketing,29524.0,12.0,Pune,MCA,1,1,2020
1059,Neha,39,Male,Finance,83103.0,12.0,Mumbai,MBA,2,19,2020
1060,Neha,30,Female,IT,28103.0,20.0,Lucknow,BCA,4,4,2020
1061,Neha,35,Female,Sales,78581.0,21.0,Lucknow,MCA,3,14,2020
1062,Rahul,27,Female,HR,74203.0,5.0,Lucknow,MBA,3,14,2020
1063,Amit,59,Male,Finance,60047.5,12.0,Delhi,B.Tech,3,9,2020
1065,Rahul,21,Male,Finance,61477.0,3.0,Pune,MCA,3,11,2020
1066,Neha,49,Female,HR,76987.0,7.0,Delhi,MCA,2,16,2020
1067,Priya,49,Male,HR,73238.0,8.0,Mumbai,BCA,4,19,2026
1068,Neha,39,Male,Marketing,35029.0,12.0,Lucknow,MCA,3,4,2020
1069,Rahul,29,Female,HR,73520.0,24.0,Pune,B.Tech,2,9,2025
1070,Sneha,30,Male,Marketing,90053.0,10.0,Lucknow,B.Tech,4,17,2016
1071,Rahul,39,Female,HR,71464.0,19.0,Delhi,MBA,3,15,2020
1072,Sneha,39,Female,Sales,41961.0,21.0,Noida,MCA,1,10,2019
1073,Rahul,36,Male,HR,46835.0,6.0,Mumbai,B.Tech,4,13,2021
1074,Neha,39,Male,HR,47725.0,3.0,Noida,B.Com,1,1,2016
1075,Sneha,21,Female,Finance,45357.0,23.0,Noida,B.Com,3,2,2020
1076,Rohit,31,Male,HR,21244.0,12.0,Pune,MBA,3,10,2025
1077,Priya,45,Male,HR,87952.0,12.0,Lucknow,MCA,5,13,2019
1078,Rahul,42,Male,HR,60047.5,0.0,Delhi,MCA,3,11,2020
1080,Priya,51,Female,HR,97219.0,12.0,Lucknow,BCA,3,16,2021
1081,Priya,57,Male,Marketing,25839.0,18.0,Delhi,B.Com,4,6,2019
1082,Rahul,22,Female,HR,44992.0,4.0,Lucknow,BCA,3,2,2021
1083,Neha,57,Female,HR,64938.0,7.0,Delhi,MCA,1,10,2015
1084,Sneha,39,Female,HR,76249.0,10.0,Lucknow,B.Com,2,19,2023
1085,Sneha,49,Female,HR,60047.5,12.0,Delhi,B.Tech,1,7,2020
1086,Neha,20,Female,IT,70734.0,12.0,Lucknow,BCA,1,17,2020
1087,Rahul,49,Male,IT,67080.0,14.0,Lucknow,MCA,2,5,2020
1088,Rahul,51,Female,Sales,94460.0,19.0,Noida,BCA,1,12,2020
1089,Rohit,47,Female,HR,44260.0,12.0,Noida,MCA,3,10,2021
1090,Rohit,40,Male,HR,79607.0,19.0,Lucknow,MBA,4,18,2018
1091,Rahul,32,Male,HR,81852.0,21.0,Pune,B.Tech,4,10,2020
1092,Rohit,39,Male,Marketing,48380.0,22.0,Mumbai,MCA,3,3,2015
1093,Priya,55,Male,Finance,91257.0,20.0,Lucknow,BCA,3,10,2020
1094,Rahul,39,Female,HR,61191.0,12.0,Mumbai,MCA,3,10,2020
1095,Neha,39,Male,IT,24930.0,23.0,Lucknow,BCA,1,15,2020
1096,Rahul,39,Female,Marketing,60047.5,15.0,Lucknow,B.Com,3,11,2020
1097,Rahul,39,Male,IT,27832.0,12.0,Delhi,B.Tech,3,2,2020
1098,Rohit,34,Male,HR,69554.0,7.0,Lucknow,BCA,4,10,2017
1100,Rohit,23,Male,IT,60047.5,7.0,Lucknow,MCA,3,18,2020
1101,Rahul,39,Male,HR,60047.5,5.0,Pune,MCA,2,10,2026
1102,Rahul,39,Female,Finance,93306.0,2.0,Lucknow,MCA,1,10,2024
1103,Rahul,25,Female,IT,45525.0,7.0,Lucknow,MBA,3,2,2020
1104,Rahul,43,Male,HR,93471.0,22.0,Noida,B.Tech,4,1,2020
1105,Rahul,39,Male,HR,88211.0,9.0,Lucknow,B.Com,4,10,2023
1106,Neha,39,Male,Finance,51280.0,4.0,Lucknow,MBA,3,10,2020
1107,Rahul,39,Male,HR,31240.0,10.0,Mumbai,BCA,2,18,2016
1108,Amit,39,Female,HR,60047.5,3.0,Pune,BCA,5,10,2020
1109,Rahul,39,Male,Marketing,89541.0,16.0,Lucknow,MCA,3,18,2018
1110,Amit,47,Male,HR,82851.0,2.0,Lucknow,MCA,4,10,2020
1111,Rahul,27,Female,Marketing,60047.5,12.0,Lucknow,BCA,3,5,2026
1112,Rahul,39,Female,IT,60047.5,12.0,Noida,MBA,4,7,2020
1113,Rahul,56,Male,IT,60047.5,12.0,Delhi,B.Com,3,10,2020
1114,Rohit,41,Male,HR,60047.5,11.0,Lucknow,BCA,1,10,2022
1115,Priya,25,Male,Finance,34388.0,20.0,Lucknow,MCA,4,13,2024
1116,Priya,39,Male,HR,21694.0,12.0,Lucknow,MCA,4,16,2020
1118,Rahul,54,Male,Marketing,60047.5,20.0,Pune,B.Com,2,10,2020
1119,Rahul,34,Female,Marketing,60047.5,12.0,Lucknow,B.Tech,2,7,2019
1120,Neha,24,Male,Marketing,57855.0,12.0,Lucknow,BCA,2,12,2020
1121,Priya,39,Female,Marketing,21460.0,12.0,Lucknow,MCA,3,12,2017
1122,Rahul,44,Female,HR,60047.5,12.0,Lucknow,B.Tech,1,1,2015
1123,Sneha,59,Male,Finance,61252.0,21.0,Pune,MCA,3,6,2022
1124,Rohit,39,Female,HR,29835.0,14.0,Mumbai,MCA,3,8,2020
1125,Amit,26,Male,HR,30910.0,12.0,Lucknow,B.Com,3,13,2019
1126,Neha,59,Female,IT,60047.5,12.0,Lucknow,BCA,3,5,2015
1127,Sneha,32,Male,Sales,33336.0,2.0,Pune,B.Com,1,10,2020
1128,Rahul,57,Male,HR,46534.0,13.0,Lucknow,MCA,3,14,2023
1129,Amit,37,Male,Finance,22369.0,8.0,Lucknow,BCA,3,9,2015
1130,Rahul,39,Male,HR,60047.5,18.0,Mumbai,MCA,3,10,2023
1131,Rahul,27,Male,IT,45407.0,7.0,Delhi,MCA,3,3,2017
1132,Rahul,30,Female,HR,82552.0,1.0,Noida,B.Tech,3,12,2017
1133,Rahul,52,Female,HR,60047.5,3.0,Pune,MBA,2,12,2020
1134,Amit,57,Female,HR,87576.0,12.0,Lucknow,B.Com,1,11,2019
1135,Rahul,46,Male,HR,46170.0,10.0,Lucknow,B.Com,4,4,2020
1136,Rohit,39,Male,HR,60047.5,12.0,Delhi,MCA,5,10,2020
1137,Priya,31,Male,HR,60047.5,1.0,Lucknow,B.Com,5,10,2024
1139,Amit,39,Male,HR,60047.5,16.0,Delhi,B.Com,5,1,2015
1140,Rahul,51,Male,HR,60047.5,12.0,Lucknow,B.Com,1,12,2023
1141,Priya,39,Female,Marketing,60733.0,17.0,Lucknow,MCA,1,5,2018
1142,Rahul,39,Male,HR,20589.0,20.0,Pune,MCA,5,10,2021
1143,Neha,46,Male,Finance,60047.5,8.0,Pune,MCA,3,4,2020
1144,Rohit,54,Female,HR,85311.0,5.0,Delhi,MCA,4,17,2020
1145,Rahul,50,Female,Finance,60047.5,19.0,Pune,B.Tech,3,13,2020
1146,Rahul,34,Male,HR,90599.0,2.0,Lucknow,B.Tech,4,3,2025
1147,Neha,39,Male,Sales,60047.5,12.0,Mumbai,B.Tech,3,11,2020
1148,Rahul,32,Female,Finance,86794.0,2.0,Delhi,MCA,5,11,2021
1149,Neha,54,Male,HR,60047.5,0.0,Noida,B.Tech,3,5,2026
1150,Sneha,30,Male,Finance,22866.0,19.0,Pune,MCA,5,10,2023
1151,Rahul,40,Male,Marketing,72890.0,12.0,Lucknow,MCA,2,4,2020
1152,Rohit,39,Female,HR,61504.0,20.0,Pune,BCA,3,10,2021
1153,Amit,49,Male,Marketing,73374.0,12.0,Noida,MCA,3,10,2025
1154,Rohit,39,Male,HR,60047.5,15.0,Lucknow,MCA,2,10,2022
1155,Neha,39,Female,HR,85223.0,12.0,Noida,MCA,1,18,2020
1156,Rohit,57,Female,Finance,20637.0,23.0,Lucknow,BCA,1,15,2018
1157,Rahul,50,Female,IT,60047.5,12.0,Lucknow,MCA,3,18,2024
1158,Amit,33,Male,Marketing,73544.0,23.0,Lucknow,B.Com,4,10,2020
1159,Sneha,43,Female,Marketing,65097.0,11.0,Noida,BCA,1,3,2015
1160,Neha,51,Male,Finance,60047.5,12.0,Delhi,MBA,3,1,2018
1161,Priya,39,Male,IT,52202.0,3.0,Lucknow,MCA,5,10,2026
1162,Priya,39,Male,HR,48704.0,12.0,Pune,MCA,3,10,2020
1163,Rohit,39,Female,HR,60047.5,15.0,Lucknow,MBA,1,6,2020
1164,Sneha,54,Male,HR,60047.5,0.0,Mumbai,MCA,3,11,2026
1166,Rohit,35,Female,HR,60047.5,20.0,Lucknow,MCA,5,10,2026
1167,Sneha,39,Female,Sales,62912.0,4.0,Mumbai,B.Tech,1,7,2020
1168,Rahul,39,Male,HR,60047.5,23.0,Mumbai,MCA,4,10,2018
1169,Neha,29,Female,HR,60047.5,12.0,Delhi,B.Com,3,11,2017
1170,Neha,38,Male,Finance,60047.5,18.0,Lucknow,MCA,1,19,2025
1171,Rahul,39,Female,Finance,77563.0,8.0,Noida,MCA,3,10,2020
1172,Rahul,23,Female,IT,60047.5,7.0,Pune,B.Com,2,10,2024
1173,Sneha,48,Male,HR,60047.5,18.0,Lucknow,MBA,5,4,2020
1174,Sneha,39,Male,IT,29941.0,12.0,Lucknow,MCA,3,16,2020
1175,Rahul,39,Female,HR,60047.5,14.0,Noida,MCA,3,6,2020
1176,Priya,29,Male,HR,57827.0,3.0,Lucknow,MCA,4,6,2020
1177,Neha,44,Male,Finance,66225.0,14.0,Lucknow,MCA,2,19,2018
1178,Rahul,39,Female,HR,60047.5,12.0,Lucknow,B.Com,4,2,2016
1179,Sneha,39,Male,Finance,70546.0,17.0,Lucknow,B.Tech,3,11,2023
1180,Rahul,42,Female,Sales,60047.5,19.0,Lucknow,BCA,1,10,2021
1181,Rahul,39,Female,HR,88309.0,4.0,Noida,MCA,3,9,2020
1182,Rahul,39,Male,Marketing,89998.0,17.0,Noida,B.Com,2,16,2024
1183,Rahul,39,Male,Marketing,50268.0,12.0,Mumbai,BCA,3,10,2017
1184,Rahul,47,Male,IT,62078.0,12.0,Lucknow,MCA,3,14,2022
1185,Rahul,24,Male,IT,21865.0,18.0,Lucknow,MCA,4,8,2020
1186,Neha,39,Male,HR,48887.0,12.0,Lucknow,MCA,3,13,2025
1187,Rahul,40,Male,HR,69876.0,16.0,Delhi,MCA,3,10,2020
1188,Rahul,31,Female,HR,53479.0,12.0,Lucknow,MCA,3,12,2019
1189,Amit,39,Male,Sales,60047.5,18.0,Delhi,B.Tech,3,10,2019
1190,Sneha,39,Male,Sales,46401.0,12.0,Mumbai,MCA,1,2,2026
1191,Rahul,57,Male,Finance,60047.5,12.0,Pune,B.Com,1,11,2017
1192,Rahul,44,Female,HR,60047.5,1.0,Lucknow,MBA,3,18,2020
1193,Sneha,33,Female,IT,29262.0,5.0,Noida,MBA,4,4,2020
1194,Rohit,30,Female,IT,24487.0,6.0,Lucknow,MCA,5,8,2020
1195,Rahul,39,Male,HR,60047.5,12.0,Lucknow,MCA,3,10,2026
1196,Amit,30,Female,Finance,60047.5,5.0,Delhi,MBA,4,15,2025
1197,Rahul,39,Female,HR,60047.5,8.0,Noida,MCA,1,2,2020
1198,Neha,46,Male,IT,60047.5,7.0,Noida,MCA,3,19,2020
1199,Rahul,37,Male,HR,91602.0,23.0,Mumbai,B.Com,3,15,2019
1200,Sneha,39,Male,Finance,60047.5,21.0,Mumbai,MCA,3,13,2020
1201,Rahul,30,Male,HR,89108.0,12.0,Mumbai,BCA,5,2,2025
1202,Neha,40,Female,IT,60047.5,8.0,Noida,MCA,2,3,2020
1203,Rahul,24,Male,Marketing,60047.5,12.0,Noida,BCA,3,10,2026
1204,Sneha,42,Female,HR,68707.0,17.0,Lucknow,MBA,3,13,2020
1205,Rahul,44,Female,IT,69028.0,12.0,Lucknow,MBA,1,16,2015
1206,Rahul,39,Male,Finance,60047.5,5.0,Lucknow,B.Tech,3,10,2024
1207,Neha,41,Male,Marketing,80760.0,22.0,Noida,MBA,4,10,2020
1208,Rahul,39,Male,Finance,60047.5,12.0,Lucknow,MBA,2,10,2020
1209,Rahul,39,Male,Marketing,87847.0,24.0,Lucknow,B.Tech,3,13,2024
1210,Priya,26,Male,HR,60047.5,6.0,Lucknow,MCA,1,2,2024
1211,Amit,23,Male,HR,59673.0,12.0,Lucknow,BCA,1,18,2020
1212,Rahul,20,Male,Finance,60047.5,19.0,Mumbai,MBA,2,17,2020
1213,Rohit,34,Female,HR,26338.0,4.0,Lucknow,B.Tech,3,19,2024
1214,Rahul,59,Female,Finance,71761.0,12.0,Lucknow,MBA,5,15,2018
1215,Rahul,31,Female,HR,60047.5,12.0,Lucknow,B.Tech,2,8,2020
1217,Rahul,41,Male,IT,62873.0,0.0,Noida,B.Com,3,8,2020
1218,Priya,36,Female,HR,67565.0,14.0,Mumbai,MCA,3,10,2016
1219,Priya,48,Female,Sales,27806.0,2.0,Noida,B.Com,2,11,2025
1220,Neha,33,Female,HR,20757.0,14.0,Delhi,B.Tech,3,18,2022
1221,Sneha,39,Male,Finance,60047.5,13.0,Mumbai,MBA,3,17,2026
1222,Rohit,39,Male,HR,26220.0,12.0,Noida,MCA,3,6,2015
1223,Rahul,34,Male,Finance,74754.0,20.0,Mumbai,BCA,4,2,2020
1224,Rahul,39,Female,Finance,60047.5,7.0,Delhi,MCA,5,1,2020
1225,Amit,39,Female,Sales,60047.5,6.0,Mumbai,MBA,4,10,2020
1226,Rahul,39,Male,HR,48288.0,8.0,Lucknow,B.Com,3,8,2015
1227,Rahul,49,Male,HR,94492.0,17.0,Delhi,B.Tech,4,16,2024
1228,Rohit,57,Male,Marketing,39109.0,11.0,Lucknow,B.Com,5,14,2025
1229,Neha,22,Female,Marketing,60047.5,12.0,Delhi,MCA,4,16,2026
1230,Rahul,39,Male,IT,60047.5,12.0,Pune,MBA,4,14,2015
1231,Sneha,39,Female,Finance,29864.0,12.0,Noida,B.Tech,2,7,2025
1232,Neha,49,Male,Sales,60047.5,12.0,Pune,MBA,4,18,2021
1233,Amit,39,Male,Marketing,41017.0,1.0,Delhi,MBA,5,9,2020
1234,Amit,32,Female,HR,21821.0,12.0,Lucknow,MCA,3,4,2017
1235,Rahul,21,Female,IT,60047.5,7.0,Mumbai,MCA,3,16,2020
1237,Rohit,39,Male,HR,76388.0,3.0,Lucknow,MBA,4,9,2016
1238,Neha,21,Female,HR,30372.0,12.0,Delhi,MCA,3,17,2020
1240,Sneha,39,Male,Finance,36283.0,12.0,Noida,MBA,3,3,2026
1241,Sneha,39,Male,HR,60857.0,8.0,Mumbai,MBA,2,11,2022
1243,Rahul,59,Male,HR,79670.0,8.0,Pune,MBA,3,10,2021
1244,Rahul,41,Male,HR,93133.0,12.0,Lucknow,MBA,5,6,2026
1245,Rahul,39,Male,Marketing,51261.0,23.0,Lucknow,MCA,4,17,2021
1246,Amit,27,Male,Marketing,77154.0,12.0,Lucknow,B.Tech,3,6,2019
1247,Rahul,48,Female,HR,26107.0,11.0,Lucknow,B.Com,3,7,2026
1248,Rohit,39,Male,Sales,55561.0,1.0,Mumbai,MCA,2,13,2020
1249,Amit,45,Male,HR,96674.0,18.0,Pune,MCA,5,6,2017
1250,Neha,49,Male,Sales,60047.5,15.0,Lucknow,MCA,2,3,2020
1251,Rahul,39,Female,Sales,60047.5,23.0,Delhi,MBA,3,13,2015
1252,Amit,39,Male,HR,33138.0,12.0,Pune,MCA,3,10,2020
1253,Neha,39,Male,IT,57693.0,4.0,Lucknow,MBA,4,10,2020
1254,Amit,26,Female,Marketing,41248.0,22.0,Lucknow,MCA,3,5,2020
1255,Priya,35,Male,Finance,38632.0,12.0,Mumbai,B.Com,5,19,2024
1256,Amit,39,Male,HR,67547.0,5.0,Lucknow,B.Tech,1,18,2020
1257,Rahul,42,Female,Sales,32100.0,20.0,Lucknow,MCA,1,7,2024
1258,Neha,43,Female,HR,67930.0,23.0,Lucknow,B.Tech,4,1,2015
1259,Neha,28,Male,Marketing,60047.5,16.0,Lucknow,MBA,3,17,2020
1260,Rahul,54,Male,Sales,96905.0,16.0,Lucknow,MBA,3,18,2021
1261,Rahul,39,Female,Finance,73025.0,12.0,Noida,B.Com,3,5,2015
1262,Priya,56,Male,Finance,95876.0,2.0,Lucknow,B.Com,3,6,2020
1263,Rahul,36,Female,Finance,98944.0,12.0,Lucknow,MCA,3,10,2023
1264,Rahul,50,Male,IT,60047.5,11.0,Lucknow,BCA,3,10,2020
1265,Neha,39,Male,Sales,60047.5,12.0,Delhi,B.Com,1,10,2020
1266,Rahul,34,Female,Sales,60047.5,12.0,Noida,MCA,3,6,2025
1267,Rahul,39,Male,IT,60047.5,20.0,Lucknow,B.Tech,3,10,2018
1268,Priya,49,Male,Sales,62362.0,12.0,Mumbai,B.Com,3,10,2020
1269,Sneha,39,Male,IT,48610.0,12.0,Lucknow,B.Tech,1,12,2019
1270,Priya,39,Male,HR,60047.5,12.0,Lucknow,BCA,3,4,2017
1271,Amit,39,Female,Marketing,27717.0,4.0,Lucknow,B.Tech,5,13,2020
1272,Neha,36,Male,Finance,98867.0,13.0,Lucknow,B.Com,2,10,2016
1273,Priya,39,Male,IT,60047.5,12.0,Lucknow,MBA,4,16,2020
1274,Rahul,48,Male,IT,60047.5,12.0,Lucknow,B.Com,3,10,2020
1275,Neha,39,Female,IT,73668.0,12.0,Lucknow,MCA,4,6,2020
1276,Neha,30,Male,HR,71645.0,6.0,Delhi,MCA,2,10,2018
1277,Rahul,53,Male,IT,49550.0,19.0,Pune,MCA,3,10,2022
1278,Priya,26,Male,Marketing,23576.0,12.0,Lucknow,MBA,1,10,2020
1279,Rahul,53,Male,Marketing,60868.0,3.0,Lucknow,B.Com,3,8,2020
1280,Sneha,39,Female,Finance,66380.0,12.0,Lucknow,MCA,3,3,2023
1281,Neha,39,Female,HR,25728.0,3.0,Lucknow,B.Com,5,17,2017
1282,Rahul,43,Male,Marketing,60047.5,2.0,Pune,BCA,3,10,2020
1283,Rohit,29,Female,Sales,60047.5,7.0,Lucknow,MCA,3,10,2019
1284,Amit,51,Male,Sales,60047.5,12.0,Delhi,MCA,3,14,2024
1285,Rahul,34,Male,Sales,60047.5,12.0,Delhi,MBA,3,6,2015
1286,Rahul,56,Male,IT,60047.5,24.0,Delhi,MCA,3,10,2017
1287,Amit,39,Male,IT,65805.0,16.0,Noida,MCA,1,18,2018
1288,Rahul,22,Female,Sales,60047.5,14.0,Lucknow,MBA,3,12,2020
1289,Amit,56,Female,HR,60047.5,12.0,Lucknow,MCA,4,15,2026
1290,Neha,39,Female,Finance,31063.0,12.0,Delhi,MCA,1,6,2020
1291,Rahul,27,Female,IT,43089.0,23.0,Noida,B.Com,2,12,2024
1293,Neha,42,Male,HR,71829.0,5.0,Delhi,MBA,3,7,2015
1294,Amit,39,Female,HR,70553.0,9.0,Lucknow,BCA,3,10,2017
1295,Rahul,30,Female,Sales,53585.0,3.0,Lucknow,BCA,3,18,2020
1296,Neha,27,Male,HR,91739.0,8.0,Lucknow,MCA,1,2,2017
1297,Sneha,39,Male,Sales,60047.5,15.0,Delhi,MCA,5,13,2020
1298,Neha,39,Female,Sales,22438.0,6.0,Lucknow,MCA,5,15,2025
1299,Sneha,39,Male,HR,60047.5,12.0,Pune,MBA,3,10,2020
1300,Amit,39,Male,Marketing,60047.5,5.0,Mumbai,MCA,3,10,2020
1301,Sneha,39,Male,HR,60047.5,0.0,Mumbai,BCA,3,3,2016
1302,Rahul,55,Male,HR,36983.0,17.0,Lucknow,MCA,3,16,2024
1303,Amit,32,Male,HR,34026.0,11.0,Lucknow,B.Com,2,9,2020
1304,Rahul,51,Female,HR,70998.0,21.0,Lucknow,MCA,3,10,2026
1305,Rahul,55,Male,HR,75744.0,12.0,Lucknow,MCA,3,10,2020
1306,Rahul,56,Male,Sales,77013.0,0.0,Delhi,B.Tech,3,18,2020
1307,Sneha,39,Male,IT,60047.5,14.0,Noida,BCA,4,13,2016
1308,Priya,41,Female,HR,60047.5,12.0,Lucknow,B.Com,3,2,2016
1309,Rahul,23,Female,Finance,54603.0,15.0,Lucknow,MCA,2,10,2020
1310,Sneha,39,Male,Sales,97758.0,12.0,Mumbai,BCA,1,16,2026
1312,Rahul,39,Male,Marketing,33105.0,2.0,Lucknow,MCA,3,11,2020
1313,Rahul,39,Male,HR,60047.5,12.0,Pune,MBA,3,4,2022
1315,Rahul,41,Male,HR,95400.0,4.0,Noida,MCA,3,10,2025
1316,Neha,21,Female,Marketing,66434.0,12.0,Noida,BCA,3,10,2020
1317,Rahul,50,Male,IT,46515.0,0.0,Mumbai,BCA,1,1,2020
1318,Sneha,30,Male,HR,78001.0,14.0,Delhi,BCA,2,10,2020
1319,Rohit,47,Female,Finance,78397.0,12.0,Lucknow,MCA,5,7,2016
1320,Neha,51,Male,Sales,81415.0,10.0,Lucknow,MBA,3,3,2020
1321,Amit,24,Male,Sales,36960.0,12.0,Delhi,MCA,4,9,2025
1322,Rahul,57,Male,HR,65778.0,24.0,Lucknow,MBA,3,2,2022
1323,Rahul,29,Male,IT,50941.0,22.0,Pune,MCA,4,10,2017
1324,Neha,59,Male,Finance,60955.0,12.0,Mumbai,B.Com,3,10,2020
1325,Amit,43,Male,HR,98565.0,18.0,Lucknow,MCA,5,1,2021
1326,Amit,54,Male,HR,76908.0,12.0,Mumbai,B.Tech,5,18,2022
1327,Sneha,39,Male,IT,84067.0,21.0,Delhi,B.Com,3,6,2020
1328,Sneha,36,Female,Finance,75696.0,12.0,Lucknow,BCA,5,6,2021
1329,Sneha,39,Male,HR,38429.0,3.0,Mumbai,MCA,3,10,2019
1330,Sneha,50,Male,HR,60047.5,12.0,Lucknow,B.Com,2,10,2020
1331,Rahul,50,Female,HR,34847.0,12.0,Pune,MCA,5,15,2016
1333,Rohit,28,Female,HR,54256.0,4.0,Noida,MCA,4,8,2020
1334,Amit,41,Male,Marketing,48774.0,10.0,Lucknow,MCA,2,4,2022
1335,Sneha,32,Female,Sales,29127.0,12.0,Pune,B.Tech,4,3,2017
1336,Rahul,39,Female,Finance,60047.5,8.0,Pune,B.Tech,2,4,2016
1337,Amit,39,Male,HR,78764.0,2.0,Delhi,BCA,3,1,2023
1338,Rahul,39,Male,Finance,60047.5,8.0,Pune,MCA,1,9,2020
1339,Rohit,39,Female,IT,76795.0,11.0,Lucknow,MBA,3,11,2024
1340,Sneha,36,Female,Marketing,52333.0,2.0,Delhi,MBA,3,19,2017
1341,Rahul,34,Male,HR,60047.5,19.0,Mumbai,BCA,3,7,2019
1342,Neha,39,Male,Sales,44259.0,12.0,Delhi,MBA,3,5,2015
1343,Rahul,39,Male,Marketing,60047.5,20.0,Lucknow,BCA,2,2,2016
1344,Rahul,58,Male,Marketing,60047.5,11.0,Lucknow,BCA,3,19,2023
1345,Neha,32,Male,HR,60047.5,24.0,Lucknow,B.Com,3,3,2024
1346,Rohit,36,Female,Finance,81829.0,12.0,Delhi,B.Tech,3,15,2025
1347,Amit,39,Male,HR,58230.0,3.0,Lucknow,MCA,2,7,2024
1348,Neha,28,Male,HR,76049.0,12.0,Lucknow,MCA,2,5,2020
1349,Amit,39,Male,HR,60047.5,17.0,Mumbai,B.Tech,3,10,2022
1350,Rahul,39,Male,HR,60047.5,7.0,Noida,MCA,3,9,2020
1351,Rahul,45,Male,Sales,60315.0,12.0,Lucknow,MBA,4,14,2020
1352,Rahul,46,Female,IT,52795.0,18.0,Lucknow,MBA,2,13,2020
1353,Neha,39,Male,Marketing,59191.0,12.0,Pune,MCA,5,1,2022
1354,Sneha,39,Female,IT,74453.0,24.0,Mumbai,B.Com,1,10,2016
1355,Rohit,32,Male,HR,32453.0,12.0,Noida,MCA,3,8,2020
1356,Rahul,35,Male,Finance,60047.5,21.0,Noida,BCA,2,10,2020
1357,Rohit,28,Female,HR,69490.0,12.0,Lucknow,BCA,2,6,2018
1358,Sneha,39,Male,HR,60047.5,20.0,Lucknow,MCA,3,2,2020
1359,Amit,57,Male,Sales,69993.0,12.0,Lucknow,MCA,4,13,2016
1360,Neha,38,Male,Marketing,65706.0,10.0,Noida,MCA,2,10,2020
1361,Rahul,26,Male,HR,62817.0,16.0,Delhi,MCA,3,9,2020
1363,Rahul,37,Female,HR,60047.5,24.0,Lucknow,MBA,3,10,2022
1364,Rahul,39,Male,Finance,70799.0,11.0,Mumbai,MBA,3,10,2026
1366,Rohit,23,Female,Sales,73678.0,20.0,Lucknow,B.Com,3,2,2020
1367,Rahul,44,Male,HR,91150.0,23.0,Pune,MCA,3,4,2020
1368,Rahul,39,Female,Marketing,60047.5,12.0,Noida,B.Com,1,18,2020
1369,Rahul,39,Male,Marketing,97223.0,17.0,Mumbai,BCA,1,17,2023
1370,Rahul,32,Female,HR,60047.5,6.0,Lucknow,B.Com,2,12,2020
1371,Rohit,36,Male,HR,23801.0,24.0,Lucknow,MBA,2,16,2022
1372,Rohit,39,Female,Sales,61048.0,22.0,Lucknow,MCA,2,13,2020
1373,Rahul,25,Female,Finance,60144.0,4.0,Delhi,MCA,1,11,2015
1374,Amit,38,Male,HR,30148.0,15.0,Delhi,MCA,2,10,2021
1375,Priya,32,Male,Sales,39861.0,21.0,Noida,MBA,4,10,2020
1376,Rahul,45,Male,Sales,81717.0,3.0,Lucknow,BCA,4,10,2026
1377,Priya,39,Female,IT,42480.0,12.0,Delhi,MBA,4,17,2017
1378,Sneha,50,Female,HR,60047.5,12.0,Pune,B.Tech,2,9,2020
1379,Priya,23,Female,HR,64621.0,3.0,Lucknow,MBA,4,10,2021
1380,Amit,58,Male,HR,80304.0,2.0,Noida,MCA,2,5,2020
1381,Sneha,27,Male,Finance,67431.0,3.0,Mumbai,MCA,4,3,2015
1382,Priya,44,Female,IT,76172.0,12.0,Lucknow,B.Com,2,8,2017
1383,Sneha,39,Male,HR,60047.5,11.0,Delhi,BCA,5,18,2020
1385,Amit,57,Male,Sales,60047.5,12.0,Lucknow,B.Tech,3,10,2022
1386,Rahul,39,Male,HR,43119.0,8.0,Lucknow,B.Tech,3,11,2024
1387,Rahul,47,Female,Finance,66117.0,6.0,Pune,B.Com,3,5,2020
1389,Rahul,22,Male,Finance,88835.0,21.0,Noida,BCA,3,10,2015
1390,Rahul,39,Male,IT,60047.5,12.0,Lucknow,MBA,3,19,2024
1391,Rahul,39,Male,Sales,80805.0,0.0,Delhi,B.Tech,5,2,2019
1392,Amit,53,Male,Finance,60047.5,17.0,Noida,B.Tech,3,9,2025
1393,Rahul,35,Female,HR,48634.0,12.0,Pune,MCA,3,10,2023
1394,Rohit,39,Male,HR,34760.0,17.0,Lucknow,B.Tech,2,19,2024
1395,Priya,51,Male,HR,30826.0,18.0,Mumbai,MCA,4,17,2023
1396,Priya,39,Male,IT,65775.0,7.0,Lucknow,MCA,3,7,2015
1397,Amit,27,Male,IT,94676.0,22.0,Lucknow,MBA,3,10,2020
1398,Rahul,39,Male,Finance,26798.0,11.0,Pune,MCA,5,10,2020
1399,Rahul,25,Male,IT,86103.0,10.0,Delhi,MCA,1,10,2019
1400,Rahul,33,Male,HR,97160.0,12.0,Lucknow,MCA,3,8,2020
1401,Rahul,51,Male,HR,97751.0,12.0,Lucknow,B.Tech,1,9,2016
1402,Priya,54,Male,HR,93502.0,12.0,Lucknow,MBA,3,10,2026
1403,Rahul,29,Female,HR,71410.0,16.0,Lucknow,MCA,5,2,2026
1404,Neha,22,Female,IT,60888.0,10.0,Mumbai,B.Com,3,4,2026
1405,Rohit,31,Female,Finance,69047.0,12.0,Lucknow,MCA,4,18,2018
1406,Neha,50,Male,HR,60047.5,12.0,Delhi,B.Com,4,10,2020
1407,Rahul,48,Male,IT,21982.0,17.0,Lucknow,B.Com,3,1,2026
1408,Rahul,24,Male,Sales,53864.0,21.0,Lucknow,MCA,3,10,2020
1409,Sneha,44,Male,Sales,60047.5,11.0,Mumbai,B.Com,2,9,2024
1410,Neha,50,Male,HR,59265.0,8.0,Pune,MCA,2,10,2015
1411,Amit,39,Male,IT,66313.0,10.0,Pune,MCA,2,10,2020
1412,Rahul,39,Female,HR,60047.5,12.0,Lucknow,MCA,5,18,2021
1413,Priya,58,Female,Marketing,35378.0,6.0,Pune,BCA,3,13,2022
1414,Rahul,41,Male,HR,60047.5,0.0,Mumbai,B.Com,3,10,2024
1415,Sneha,23,Female,Sales,47924.0,23.0,Lucknow,B.Com,4,2,2020
1416,Amit,32,Male,IT,60047.5,24.0,Noida,MCA,3,7,2015
1417,Rahul,39,Male,HR,60047.5,4.0,Delhi,B.Tech,1,10,2022
1418,Rahul,32,Male,IT,60047.5,12.0,Delhi,MBA,3,10,2016
1419,Rahul,36,Female,HR,60047.5,12.0,Lucknow,MCA,4,14,2026
1420,Rohit,55,Male,Sales,25432.0,10.0,Lucknow,B.Com,4,17,2017
1421,Sneha,39,Male,Marketing,77225.0,7.0,Delhi,B.Tech,3,11,2020
1422,Priya,39,Female,HR,60047.5,12.0,Pune,MCA,4,10,2018
1423,Priya,34,Male,Sales,85604.0,1.0,Noida,MCA,3,12,2020
1424,Sneha,32,Male,HR,60047.5,14.0,Lucknow,MBA,3,9,2020
1425,Rahul,36,Male,IT,26774.0,12.0,Lucknow,B.Tech,3,10,2025
1426,Neha,43,Male,HR,60047.5,12.0,Lucknow,MCA,1,8,2021
1427,Priya,27,Male,Marketing,51286.0,12.0,Delhi,B.Com,3,8,2020
1428,Sneha,46,Male,HR,96325.0,20.0,Lucknow,MBA,4,12,2026
1429,Sneha,39,Female,IT,92427.0,14.0,Mumbai,B.Com,3,19,2021
1430,Amit,27,Male,HR,84014.0,12.0,Pune,MCA,1,10,2015
1431,Rahul,27,Female,HR,60047.5,4.0,Lucknow,MCA,3,2,2015
1432,Rohit,45,Male,IT,75256.0,21.0,Lucknow,MCA,3,10,2022
1433,Rahul,39,Male,HR,78630.0,12.0,Mumbai,B.Tech,5,14,2024
1434,Rohit,58,Male,IT,82771.0,2.0,Mumbai,B.Tech,3,19,2020
1435,Neha,56,Male,Finance,60047.5,10.0,Pune,B.Com,1,4,2024
1436,Neha,39,Male,HR,27466.0,10.0,Delhi,MBA,3,10,2020
1437,Neha,39,Female,Finance,60047.5,15.0,Mumbai,MCA,3,10,2018
1438,Rohit,35,Male,HR,88745.0,12.0,Lucknow,B.Com,5,9,2020
1439,Neha,39,Female,Finance,60047.5,8.0,Noida,MBA,3,10,2021
1440,Sneha,39,Female,HR,69766.0,12.0,Lucknow,BCA,1,16,2026
1441,Rahul,36,Female,Marketing,60047.5,18.0,Mumbai,MCA,3,10,2021
1442,Neha,39,Male,Marketing,47299.0,10.0,Lucknow,B.Com,1,8,2020
1443,Rahul,39,Male,Finance,23543.0,13.0,Pune,MCA,3,9,2024
1444,Rahul,32,Male,HR,71052.0,1.0,Noida,MCA,3,13,2021
1445,Neha,39,Male,Marketing,42064.0,6.0,Lucknow,B.Com,5,10,2019
1446,Rahul,48,Male,HR,92287.0,9.0,Lucknow,B.Tech,3,9,2020
1447,Priya,49,Male,Finance,34425.0,9.0,Delhi,MCA,3,10,2019
1448,Neha,39,Male,HR,60047.5,19.0,Mumbai,B.Tech,3,10,2020
1449,Rahul,32,Female,HR,97347.0,0.0,Lucknow,MCA,5,5,2026
1451,Amit,39,Female,Finance,70530.0,12.0,Noida,B.Tech,2,10,2020
1452,Rahul,40,Male,HR,45888.0,13.0,Delhi,BCA,5,9,2021
1453,Amit,39,Male,HR,47491.0,1.0,Pune,B.Com,3,2,2016
1454,Neha,59,Male,HR,52352.0,5.0,Noida,MBA,1,10,2020
1455,Priya,38,Male,Marketing,60047.5,0.0,Mumbai,B.Tech,3,12,2018
1456,Priya,34,Male,HR,85836.0,2.0,Lucknow,B.Tech,3,2,2022
1457,Rohit,28,Male,Finance,57463.0,12.0,Noida,MCA,3,15,2015
1458,Rahul,29,Female,Marketing,68990.0,12.0,Delhi,MBA,5,3,2020
1459,Rohit,50,Female,Finance,83627.0,2.0,Noida,MCA,4,10,2021
1460,Rahul,42,Female,Sales,40221.0,14.0,Lucknow,B.Com,3,7,2020
1461,Rahul,49,Female,IT,92843.0,12.0,Delhi,MCA,3,9,2020
1462,Neha,52,Male,IT,60047.5,12.0,Pune,MCA,2,11,2026
1463,Rohit,28,Female,HR,60047.5,10.0,Mumbai,MCA,4,16,2020
1464,Rahul,20,Male,Sales,66586.0,3.0,Delhi,B.Tech,3,7,2026
1465,Priya,54,Female,Finance,94418.0,12.0,Delhi,B.Tech,5,13,2020
1466,Rahul,39,Male,Marketing,73884.0,4.0,Delhi,BCA,1,3,2020
1468,Priya,39,Male,Finance,60047.5,24.0,Lucknow,MBA,2,3,2015
1469,Sneha,39,Male,Sales,91677.0,23.0,Mumbai,MBA,1,15,2025
1470,Sneha,39,Female,HR,65878.0,12.0,Mumbai,MCA,4,8,2018
1471,Rahul,34,Female,IT,25969.0,20.0,Lucknow,MBA,1,7,2019
1472,Rohit,31,Female,HR,33162.0,23.0,Noida,BCA,5,5,2020
1474,Rahul,33,Male,HR,60047.5,12.0,Lucknow,MCA,3,19,2020
1475,Rohit,27,Male,HR,25037.0,16.0,Lucknow,B.Com,3,3,2020
1476,Rohit,27,Female,HR,80526.0,12.0,Pune,B.Com,2,11,2026
1477,Sneha,46,Male,Sales,34693.0,12.0,Noida,BCA,2,6,2016
1478,Rahul,39,Female,HR,79090.0,18.0,Delhi,MCA,3,14,2020
1479,Amit,20,Male,HR,60047.5,12.0,Mumbai,MCA,3,17,2021
1480,Neha,59,Female,Marketing,60047.5,23.0,Lucknow,MCA,5,10,2019
1481,Priya,30,Female,Sales,60047.5,12.0,Lucknow,B.Tech,4,4,2026
1482,Amit,39,Male,HR,36444.0,21.0,Delhi,MCA,3,9,2024
1483,Rohit,50,Male,HR,60443.0,19.0,Pune,MCA,3,10,2015
1484,Sneha,39,Male,HR,36506.0,12.0,Pune,BCA,2,10,2026
1485,Rahul,39,Female,Sales,58384.0,5.0,Delhi,MCA,3,10,2019
1486,Rohit,51,Male,HR,60047.5,9.0,Delhi,MCA,3,13,2025
1487,Sneha,48,Male,HR,60047.5,12.0,Lucknow,B.Com,3,14,2015
1488,Neha,40,Male,HR,62690.0,24.0,Lucknow,MBA,4,12,2023
1489,Rohit,40,Male,HR,89625.0,12.0,Mumbai,MCA,5,13,2022
1490,Rahul,59,Female,IT,60047.5,9.0,Mumbai,MBA,3,10,2020
1491,Sneha,39,Male,HR,80309.0,9.0,Pune,MCA,4,7,2025
1492,Sneha,25,Male,HR,60047.5,4.0,Delhi,BCA,1,5,2015
1493,Sneha,41,Male,Sales,55732.0,21.0,Pune,MCA,2,10,2020
1494,Rahul,57,Female,Finance,28104.0,3.0,Lucknow,MCA,3,2,2022
1495,Rohit,56,Male,HR,60047.5,12.0,Noida,MCA,2,8,2019
1497,Rahul,54,Female,Marketing,60047.5,6.0,Noida,B.Tech,1,19,2016
1498,Rahul,30,Female,HR,29554.0,17.0,Delhi,MCA,3,5,2019
1500,Neha,40,Male,HR,50985.0,10.0,Lucknow,MCA,5,10,2024
1501,Rahul,21,Male,Finance,60047.5,12.0,Mumbai,B.Com,3,10,2022
1502,Sneha,39,Female,HR,60428.0,12.0,Lucknow,BCA,2,10,2025
1503,Sneha,38,Male,Finance,60047.5,7.0,Lucknow,MCA,3,7,2024
1504,Rohit,58,Female,HR,82723.0,11.0,Pune,MCA,1,19,2022
1505,Priya,47,Female,Sales,60047.5,23.0,Pune,B.Tech,5,11,2020
1506,Priya,36,Male,HR,42219.0,0.0,Noida,MCA,4,8,2020
1507,Sneha,25,Male,Marketing,24271.0,19.0,Mumbai,MCA,4,16,2021
1508,Rohit,38,Female,Marketing,60047.5,12.0,Lucknow,MBA,3,10,2020
1509,Rahul,39,Male,Marketing,94491.0,20.0,Lucknow,MCA,4,6,2020
1510,Rahul,47,Female,HR,49602.0,11.0,Lucknow,B.Tech,5,10,2020
1511,Rahul,21,Male,HR,74471.0,5.0,Noida,MBA,1,10,2024
1512,Priya,57,Male,Sales,82150.0,2.0,Noida,MCA,4,19,2020
1513,Priya,39,Male,HR,64227.0,12.0,Delhi,MCA,3,4,2016
1514,Amit,23,Male,Sales,43116.0,13.0,Mumbai,MCA,3,19,2018
1515,Priya,39,Male,Sales,26674.0,11.0,Delhi,MCA,4,3,2020
1516,Rahul,45,Female,Sales,60047.5,12.0,Lucknow,MBA,3,17,2020
1517,Rohit,39,Male,Finance,25446.0,12.0,Noida,MCA,5,14,2020
1518,Rohit,39,Male,Sales,60047.5,16.0,Mumbai,MCA,2,10,2020
1519,Neha,39,Female,HR,21963.0,12.0,Lucknow,B.Tech,5,6,2017
1520,Priya,36,Female,Marketing,60047.5,14.0,Delhi,B.Tech,5,10,2020
1521,Rahul,55,Female,Finance,47262.0,5.0,Lucknow,B.Com,4,9,2019
1522,Neha,38,Male,IT,25177.0,11.0,Pune,BCA,3,12,2026
1523,Amit,54,Male,Sales,31160.0,1.0,Lucknow,MBA,4,10,2024
1524,Neha,59,Female,HR,60047.5,3.0,Mumbai,B.Tech,1,14,2020
1525,Rahul,47,Male,Marketing,59278.0,19.0,Pune,MBA,4,2,2015
1526,Rahul,20,Female,Finance,60047.5,24.0,Mumbai,B.Com,4,10,2025
1527,Rahul,39,Female,IT,37221.0,12.0,Delhi,BCA,1,4,2018
1528,Neha,39,Male,HR,23323.0,12.0,Lucknow,MCA,2,6,2024
1529,Rahul,52,Male,Marketing,72105.0,11.0,Mumbai,BCA,1,13,2024
1530,Rahul,39,Male,HR,96151.0,2.0,Noida,B.Com,4,14,2020
1531,Rohit,27,Male,HR,86968.0,16.0,Mumbai,BCA,3,4,2020
1532,Amit,39,Male,Marketing,43238.0,12.0,Noida,MCA,4,10,2020
1533,Rahul,35,Female,Finance,83830.0,23.0,Mumbai,B.Tech,3,10,2019
1534,Rohit,39,Male,IT,93967.0,16.0,Mumbai,BCA,4,10,2025
1535,Neha,57,Female,HR,28330.0,12.0,Noida,B.Com,1,4,2023
1536,Amit,39,Male,HR,64153.0,10.0,Delhi,MCA,5,12,2020
1537,Rahul,28,Male,HR,28611.0,12.0,Lucknow,MCA,3,14,2017
1538,Rahul,35,Male,Sales,60047.5,6.0,Lucknow,B.Com,2,7,2023
1539,Rahul,31,Female,HR,60047.5,1.0,Delhi,BCA,3,2,2017
1540,Amit,39,Male,Marketing,54930.0,18.0,Mumbai,B.Com,2,14,2020
1541,Neha,43,Female,Marketing,92022.0,1.0,Lucknow,MCA,3,10,2026
1542,Rohit,33,Male,Marketing,60047.5,12.0,Delhi,MCA,3,16,2023
1543,Rohit,39,Female,Marketing,60047.5,12.0,Delhi,MCA,2,3,2018
1545,Sneha,39,Female,IT,60047.5,23.0,Noida,MBA,3,10,2020
1546,Priya,39,Female,IT,96441.0,15.0,Pune,MCA,2,4,2022
1547,Rohit,28,Male,HR,90779.0,16.0,Noida,B.Tech,4,19,2023
1548,Amit,39,Male,HR,91435.0,10.0,Mumbai,MBA,3,15,2024
1549,Rahul,39,Male,Marketing,29888.0,12.0,Noida,MCA,5,10,2018
1550,Amit,39,Male,HR,60047.5,12.0,Lucknow,MBA,3,10,2020
1551,Rahul,29,Male,Finance,60047.5,8.0,Pune,B.Com,2,12,2018
1552,Priya,38,Female,HR,60047.5,13.0,Delhi,MCA,2,10,2021
1553,Rohit,22,Male,Finance,35935.0,12.0,Lucknow,MCA,2,15,2020
1554,Priya,39,Female,Marketing,93002.0,24.0,Delhi,MCA,1,18,2020
1555,Rahul,39,Male,HR,60047.5,10.0,Noida,MCA,1,10,2025
1556,Priya,22,Female,HR,21320.0,11.0,Noida,B.Com,4,3,2016
1557,Sneha,39,Female,Sales,60047.5,21.0,Lucknow,MCA,4,8,2024
1558,Priya,35,Male,Sales,97763.0,2.0,Delhi,MCA,3,7,2019
1559,Rahul,34,Male,Finance,60047.5,0.0,Lucknow,MBA,2,15,2020
1560,Rahul,39,Male,Marketing,60047.5,7.0,Delhi,B.Com,3,8,2020
1561,Neha,31,Male,Finance,60047.5,18.0,Delhi,B.Com,2,15,2020
1562,Priya,45,Male,HR,60047.5,12.0,Pune,MCA,3,5,2020
1563,Rahul,53,Male,Marketing,20552.0,12.0,Lucknow,MBA,1,10,2021
1564,Priya,42,Male,HR,40140.0,12.0,Mumbai,B.Tech,3,12,2017
1565,Rahul,50,Male,HR,60047.5,12.0,Lucknow,MCA,5,10,2020
1566,Amit,39,Male,IT,53367.0,12.0,Mumbai,BCA,5,9,2017
1567,Rohit,39,Male,Sales,60047.5,5.0,Pune,MCA,5,10,2024
1568,Neha,42,Female,Finance,62124.0,2.0,Lucknow,MCA,3,15,2026
1569,Rahul,23,Female,HR,60047.5,12.0,Lucknow,B.Tech,5,12,2021
1570,Rohit,42,Female,Marketing,60047.5,12.0,Lucknow,B.Tech,5,5,2023
1571,Rohit,20,Female,HR,60047.5,24.0,Lucknow,MCA,5,1,2023
1572,Rahul,44,Female,HR,74681.0,12.0,Noida,MCA,4,19,2020
1573,Neha,21,Male,HR,83232.0,0.0,Delhi,BCA,3,11,2022
1574,Priya,39,Male,HR,60047.5,7.0,Lucknow,MBA,5,18,2015
1575,Rohit,22,Male,IT,60047.5,4.0,Delhi,MCA,3,6,2020
1576,Rahul,40,Male,IT,60047.5,19.0,Pune,BCA,4,17,2022
1577,Amit,44,Male,Finance,42592.0,16.0,Lucknow,MCA,3,14,2020
1578,Rahul,39,Male,HR,60047.5,8.0,Noida,MCA,3,12,2016
1579,Amit,39,Male,HR,60047.5,12.0,Mumbai,MCA,5,5,2018
1580,Rahul,40,Male,HR,35409.0,24.0,Delhi,MCA,1,7,2020
1581,Priya,52,Female,Marketing,60047.5,12.0,Lucknow,MCA,3,16,2020
1582,Rahul,57,Male,IT,44154.0,4.0,Lucknow,B.Com,5,10,2020
1583,Sneha,34,Female,HR,60047.5,13.0,Lucknow,B.Com,3,15,2020
1584,Rohit,39,Female,HR,60047.5,12.0,Lucknow,BCA,2,4,2020
1586,Rahul,40,Male,IT,95281.0,13.0,Pune,BCA,4,14,2018
1587,Rohit,43,Female,Marketing,60047.5,12.0,Lucknow,MCA,2,10,2020
1588,Rahul,24,Female,Finance,60047.5,6.0,Lucknow,MCA,2,4,2021
1589,Amit,25,Female,HR,22988.0,23.0,Lucknow,MCA,2,10,2018
1590,Rahul,42,Male,HR,60047.5,16.0,Pune,MCA,3,7,2022
1591,Sneha,23,Male,Finance,68426.0,3.0,Mumbai,B.Com,3,15,2016
1592,Rahul,46,Male,HR,72167.0,12.0,Mumbai,B.Tech,5,12,2020
1593,Rahul,39,Female,HR,29013.0,9.0,Noida,B.Tech,5,10,2016
1594,Sneha,40,Male,HR,59113.0,14.0,Noida,MCA,3,10,2025
1595,Neha,47,Female,Sales,23574.0,19.0,Delhi,MCA,3,10,2022
1596,Rahul,54,Male,HR,60047.5,12.0,Noida,MCA,4,12,2020
1597,Rahul,41,Female,Finance,51368.0,8.0,Mumbai,B.Com,1,16,2016
1598,Rohit,59,Male,HR,60047.5,2.0,Lucknow,MCA,3,16,2020
1599,Amit,42,Female,IT,69711.0,14.0,Lucknow,B.Com,3,1,2015
1600,Amit,39,Female,Marketing,66097.0,11.0,Noida,BCA,3,10,2026
1601,Rahul,59,Male,HR,75773.0,14.0,Pune,MBA,5,5,2019
1602,Neha,29,Female,Sales,48639.0,0.0,Mumbai,B.Com,3,6,2019
1603,Neha,44,Male,Finance,34823.0,14.0,Lucknow,MBA,4,10,2020
1604,Rohit,27,Female,Sales,60047.5,10.0,Delhi,MCA,1,10,2016
1605,Rahul,30,Male,Finance,58333.0,12.0,Pune,B.Tech,2,4,2016
1606,Amit,24,Male,HR,24435.0,12.0,Lucknow,MCA,3,18,2026
1607,Rahul,56,Female,IT,60047.5,12.0,Mumbai,MCA,3,14,2020
1608,Rahul,57,Male,HR,77955.0,12.0,Lucknow,MCA,2,10,2025
1609,Rahul,39,Female,HR,79507.0,12.0,Delhi,B.Com,5,3,2024
1610,Sneha,39,Male,HR,71033.0,12.0,Noida,MCA,4,3,2017
1611,Rahul,28,Female,HR,60047.5,12.0,Noida,MCA,3,10,2022
1612,Amit,21,Male,Sales,67219.0,12.0,Lucknow,MBA,4,5,2020
1613,Priya,20,Male,HR,54477.0,12.0,Lucknow,B.Com,3,4,2024
1614,Rahul,59,Female,Sales,60047.5,20.0,Lucknow,MCA,2,10,2018
1615,Rohit,49,Male,HR,87228.0,21.0,Noida,B.Com,1,12,2021
1616,Amit,30,Male,HR,35523.0,3.0,Lucknow,MCA,1,4,2015
1617,Rahul,39,Male,Marketing,52326.0,12.0,Noida,B.Com,2,3,2015
1618,Rahul,39,Male,IT,62205.0,18.0,Noida,MCA,3,2,2023
1619,Neha,58,Male,Sales,20125.0,12.0,Delhi,MCA,3,4,2020
1620,Rahul,45,Female,Finance,60047.5,22.0,Lucknow,B.Com,3,4,2020
1621,Rohit,39,Male,HR,60047.5,21.0,Lucknow,BCA,3,10,2019
1622,Rahul,27,Male,Sales,22711.0,17.0,Lucknow,MBA,2,10,2020
1623,Rohit,47,Female,Finance,60047.5,0.0,Lucknow,BCA,5,11,2016
1624,Rahul,39,Female,HR,48022.0,12.0,Noida,MBA,3,10,2021
1625,Rahul,28,Female,HR,60047.5,20.0,Lucknow,B.Com,3,13,2020
1626,Rahul,58,Male,Marketing,91531.0,15.0,Lucknow,MCA,5,4,2020
1627,Rahul,39,Male,HR,60950.0,15.0,Lucknow,MCA,3,9,2022
1628,Priya,40,Male,Finance,32920.0,12.0,Delhi,B.Com,1,7,2017
1629,Sneha,53,Male,HR,42144.0,12.0,Lucknow,BCA,1,10,2017
1631,Rohit,44,Female,IT,73942.0,15.0,Lucknow,B.Com,3,7,2024
1632,Amit,39,Male,HR,60047.5,12.0,Delhi,MCA,3,10,2020
1633,Rohit,20,Male,Finance,44691.0,19.0,Lucknow,MBA,3,18,2020
1634,Amit,39,Male,IT,60047.5,12.0,Lucknow,MCA,3,2,2022
1635,Amit,59,Male,Marketing,60047.5,12.0,Lucknow,BCA,5,1,2020
1636,Priya,39,Female,HR,54510.0,1.0,Delhi,MCA,3,13,2022
1637,Neha,20,Female,IT,60047.5,13.0,Delhi,MCA,5,2,2021
1638,Rahul,39,Male,Marketing,60047.5,7.0,Delhi,B.Com,3,10,2016
1639,Rahul,40,Female,HR,60047.5,5.0,Lucknow,B.Tech,1,9,2023
1640,Priya,34,Male,Sales,66546.0,2.0,Noida,MCA,3,8,2025
1641,Neha,39,Male,Sales,60047.5,12.0,Noida,MBA,5,18,2020
1642,Rahul,41,Female,Marketing,60047.5,12.0,Lucknow,BCA,1,16,2025
1643,Rohit,57,Male,Finance,89939.0,11.0,Mumbai,MCA,2,4,2025
1644,Sneha,54,Female,HR,60047.5,12.0,Lucknow,BCA,1,4,2020
1645,Rahul,35,Male,HR,60047.5,12.0,Noida,B.Com,3,18,2020
1646,Rahul,39,Female,Sales,72540.0,19.0,Pune,MCA,3,2,2016
1647,Rahul,36,Male,Finance,50030.0,2.0,Mumbai,MCA,3,10,2023
1648,Rahul,39,Female,HR,75313.0,12.0,Delhi,MCA,2,4,2015
1649,Priya,45,Male,HR,60047.5,15.0,Lucknow,BCA,1,14,2020
1650,Rahul,32,Male,HR,49482.0,12.0,Lucknow,MBA,3,17,2020
1651,Priya,36,Female,Sales,60047.5,12.0,Pune,B.Com,2,8,2020
1652,Rahul,57,Male,Sales,60047.5,15.0,Lucknow,B.Com,2,1,2017
1653,Rohit,36,Female,HR,84930.0,19.0,Lucknow,MBA,1,19,2024
1654,Rohit,33,Female,HR,70500.0,12.0,Noida,MCA,5,19,2020
1655,Rahul,39,Male,Marketing,46379.0,3.0,Delhi,MBA,3,7,2021
1656,Rahul,39,Male,IT,87787.0,24.0,Noida,MCA,5,1,2025
1657,Amit,39,Male,HR,43674.0,3.0,Noida,MBA,3,1,2026
1658,Rohit,39,Male,Sales,60047.5,16.0,Lucknow,MCA,3,10,2015
1659,Rahul,39,Female,Finance,60047.5,12.0,Noida,MCA,3,10,2020
1660,Sneha,46,Male,HR,60426.0,0.0,Noida,MCA,1,10,2020
1661,Neha,32,Male,HR,60047.5,12.0,Lucknow,MCA,5,12,2020
1662,Rahul,50,Male,Finance,58015.0,12.0,Lucknow,BCA,1,3,2024
1663,Rahul,54,Male,Finance,93251.0,11.0,Pune,MCA,4,19,2021
1665,Neha,24,Male,IT,24600.0,5.0,Mumbai,MBA,1,15,2020
1666,Rahul,41,Male,IT,44690.0,24.0,Delhi,B.Com,1,13,2021
1667,Sneha,42,Female,Marketing,53762.0,16.0,Delhi,MCA,3,11,2020
1668,Neha,39,Male,IT,60047.5,21.0,Lucknow,MBA,3,2,2020
1669,Rahul,53,Male,HR,60047.5,12.0,Lucknow,BCA,3,9,2015
1670,Rohit,39,Female,Sales,37341.0,7.0,Pune,BCA,3,12,2025
1671,Neha,39,Male,HR,93823.0,23.0,Noida,BCA,4,4,2018
1673,Amit,39,Male,Marketing,85126.0,14.0,Lucknow,B.Tech,3,10,2021
1674,Priya,39,Female,HR,75197.0,12.0,Delhi,MCA,5,11,2020
1675,Priya,25,Male,Marketing,69849.0,20.0,Noida,B.Tech,3,10,2015
1676,Amit,37,Female,Marketing,35852.0,19.0,Pune,MCA,3,13,2022
1677,Sneha,23,Female,IT,60047.5,16.0,Lucknow,MCA,1,9,2020
1678,Amit,39,Female,IT,41258.0,8.0,Lucknow,B.Com,2,12,2016
1680,Rohit,33,Female,Finance,61508.0,17.0,Delhi,MCA,3,1,2022
1681,Priya,32,Female,HR,87784.0,12.0,Lucknow,MCA,1,7,2022
1682,Neha,39,Male,HR,60047.5,10.0,Lucknow,MBA,3,1,2020
1683,Sneha,34,Female,IT,60047.5,22.0,Delhi,MBA,3,16,2020
1684,Priya,39,Female,HR,29895.0,12.0,Lucknow,MCA,3,4,2021
1685,Neha,39,Male,Finance,91942.0,16.0,Noida,MBA,4,8,2017
1686,Neha,36,Male,Marketing,53924.0,20.0,Lucknow,MCA,2,17,2020
1687,Rohit,39,Female,HR,90831.0,17.0,Delhi,MCA,3,19,2020
1688,Rahul,38,Male,Finance,60047.5,14.0,Lucknow,MCA,4,4,2019
1689,Rahul,39,Male,HR,60047.5,12.0,Pune,MCA,3,4,2020
1690,Amit,39,Male,HR,29136.0,15.0,Lucknow,MCA,3,8,2018
1691,Rohit,54,Female,HR,60047.5,12.0,Lucknow,BCA,1,10,2023
1692,Neha,51,Female,Sales,97608.0,0.0,Lucknow,MBA,2,16,2020
1693,Sneha,59,Male,Finance,60047.5,12.0,Delhi,B.Com,2,10,2018
1694,Rahul,43,Female,HR,62290.0,21.0,Delhi,MCA,3,1,2020
1695,Neha,36,Male,HR,60047.5,7.0,Pune,MBA,3,5,2015
1696,Rahul,26,Male,Finance,60047.5,6.0,Noida,MBA,4,10,2026
1697,Rahul,39,Male,Finance,95974.0,24.0,Lucknow,MCA,3,16,2020
1698,Rahul,54,Male,HR,99763.0,1.0,Lucknow,B.Tech,3,10,2020
1699,Sneha,51,Male,HR,60047.5,11.0,Noida,BCA,4,10,2020
1700,Rohit,39,Female,IT,60047.5,15.0,Delhi,BCA,3,4,2021
1701,Sneha,32,Female,HR,60047.5,12.0,Lucknow,MBA,4,10,2023
1702,Priya,25,Male,Finance,34887.0,19.0,Lucknow,MCA,3,2,2025
1703,Neha,33,Female,HR,20051.0,10.0,Lucknow,B.Com,2,10,2025
1704,Rohit,39,Male,HR,60047.5,14.0,Delhi,MBA,1,10,2017
1705,Rohit,34,Male,HR,60047.5,2.0,Noida,MCA,3,8,2021
1706,Rohit,23,Female,HR,48491.0,12.0,Lucknow,MBA,5,10,2020
1707,Rahul,59,Female,HR,36080.0,12.0,Lucknow,MCA,2,3,2020
1708,Rahul,35,Male,IT,60047.5,12.0,Mumbai,MCA,3,2,2023
1709,Rohit,47,Male,HR,79965.0,12.0,Mumbai,MCA,3,17,2020
1710,Rahul,39,Male,Sales,67361.0,12.0,Pune,B.Com,3,19,2017
1711,Neha,23,Female,IT,86890.0,12.0,Lucknow,MBA,3,10,2020
1712,Rahul,39,Male,Finance,60047.5,12.0,Lucknow,BCA,3,12,2020
1713,Neha,47,Male,IT,89290.0,12.0,Delhi,MCA,3,11,2020
1715,Amit,21,Female,Marketing,36167.0,3.0,Pune,B.Tech,3,13,2017
1716,Rahul,50,Female,HR,53005.0,12.0,Lucknow,MCA,3,6,2022
1717,Rahul,39,Male,Finance,60047.5,22.0,Delhi,MCA,1,10,2026
1718,Rahul,27,Male,Sales,70728.0,12.0,Mumbai,MCA,3,10,2020
1719,Rahul,43,Female,Sales,28691.0,5.0,Delhi,MCA,5,5,2020
1720,Rahul,34,Male,IT,60047.5,20.0,Delhi,B.Tech,5,2,2022
1721,Sneha,39,Male,IT,56308.0,12.0,Delhi,MCA,3,10,2019
1722,Rahul,28,Male,HR,60047.5,22.0,Lucknow,MCA,5,10,2026
1723,Rohit,58,Female,HR,85524.0,7.0,Delhi,MCA,5,6,2018
1724,Rahul,21,Female,Finance,80466.0,12.0,Lucknow,BCA,2,10,2015
1725,Sneha,27,Male,Finance,29327.0,20.0,Lucknow,B.Com,3,4,2026
1726,Amit,39,Male,HR,48520.0,10.0,Pune,MBA,5,3,2020
1727,Rahul,58,Male,Marketing,63308.0,17.0,Mumbai,B.Tech,3,11,2020
1728,Amit,35,Male,Finance,60047.5,12.0,Delhi,MCA,3,1,2020
1729,Rahul,54,Female,IT,64488.0,19.0,Delhi,MCA,4,14,2020
1730,Rahul,39,Female,IT,60047.5,12.0,Lucknow,B.Com,4,6,2020
1731,Sneha,39,Male,Finance,60047.5,12.0,Lucknow,MBA,5,17,2024
1732,Neha,57,Male,HR,71726.0,7.0,Noida,B.Com,2,17,2020
1733,Neha,39,Male,Sales,60047.5,12.0,Mumbai,MBA,2,11,2015
1735,Rahul,48,Female,HR,76921.0,15.0,Noida,MBA,2,13,2022
1736,Neha,58,Male,Marketing,33654.0,12.0,Noida,BCA,4,8,2026
1737,Neha,39,Female,Finance,22108.0,17.0,Noida,B.Com,5,8,2020
1738,Priya,39,Male,HR,60047.5,8.0,Mumbai,MCA,3,10,2020
1739,Rahul,24,Male,Sales,60047.5,12.0,Noida,MCA,4,7,2020
1740,Neha,39,Female,Finance,33372.0,8.0,Lucknow,MBA,4,9,2021
1741,Priya,39,Female,HR,57682.0,12.0,Delhi,MCA,3,11,2020
1742,Rahul,23,Male,IT,60047.5,1.0,Pune,MBA,2,2,2015
1743,Neha,48,Male,Sales,56583.0,8.0,Lucknow,BCA,3,18,2025
1744,Rohit,42,Male,HR,49295.0,8.0,Noida,BCA,1,3,2019
1745,Rahul,25,Female,IT,60047.5,17.0,Lucknow,B.Com,2,18,2025
1746,Neha,51,Male,Sales,60047.5,12.0,Lucknow,MBA,5,10,2025
1747,Amit,39,Male,Marketing,60047.5,12.0,Lucknow,B.Com,2,8,2019
1748,Sneha,34,Male,HR,50066.0,12.0,Lucknow,B.Tech,3,8,2017
1749,Rahul,59,Female,Marketing,28945.0,8.0,Lucknow,MCA,1,10,2016
1750,Rahul,51,Female,HR,60047.5,15.0,Lucknow,MCA,3,2,2015
1751,Rahul,28,Female,Marketing,69874.0,3.0,Mumbai,MCA,3,16,2020
1752,Rohit,56,Female,Finance,37130.0,1.0,Noida,B.Com,3,9,2021
1753,Neha,29,Male,Finance,88248.0,6.0,Lucknow,MCA,3,19,2016
1755,Rahul,25,Female,HR,69635.0,12.0,Delhi,B.Com,4,10,2019
1756,Rohit,22,Male,Marketing,37404.0,5.0,Lucknow,BCA,5,15,2019
1757,Rohit,39,Male,HR,92629.0,10.0,Lucknow,BCA,3,11,2017
1758,Rahul,39,Female,HR,33156.0,12.0,Noida,BCA,3,12,2017
1759,Amit,39,Male,Finance,75618.0,12.0,Pune,MBA,3,15,2020
1760,Rohit,39,Male,HR,60047.5,3.0,Delhi,BCA,5,16,2017
1761,Sneha,23,Male,HR,33785.0,12.0,Pune,BCA,2,6,2020
1762,Priya,39,Male,HR,68359.0,6.0,Lucknow,MCA,2,3,2016
1763,Amit,38,Female,Sales,34694.0,12.0,Delhi,MBA,3,6,2015
1764,Rohit,24,Male,HR,56114.0,12.0,Lucknow,BCA,1,3,2023
1765,Rahul,51,Male,HR,60047.5,12.0,Lucknow,B.Tech,1,10,2019
1766,Priya,41,Male,IT,60047.5,12.0,Noida,BCA,4,10,2022
1767,Priya,25,Male,HR,52799.0,13.0,Pune,MCA,2,8,2025
1768,Rahul,39,Male,IT,31156.0,1.0,Lucknow,B.Com,1,2,2018
1769,Priya,39,Male,Sales,30304.0,17.0,Lucknow,MCA,3,7,2022
1770,Amit,20,Female,Sales,60645.0,12.0,Pune,MCA,4,17,2026
1771,Rohit,39,Male,IT,60047.5,12.0,Lucknow,MBA,2,7,2019
1772,Rahul,41,Male,HR,60047.5,12.0,Pune,BCA,3,1,2020
1773,Rahul,30,Male,HR,97614.0,23.0,Delhi,MCA,3,4,2020
1774,Sneha,32,Male,HR,60047.5,23.0,Pune,MCA,3,15,2020
1775,Rahul,22,Male,Finance,32420.0,13.0,Lucknow,BCA,3,4,2016
1776,Priya,28,Male,Sales,38312.0,11.0,Lucknow,B.Tech,3,10,2024
1777,Rahul,39,Male,HR,41395.0,20.0,Mumbai,MCA,1,16,2024
1778,Amit,42,Female,IT,60047.5,12.0,Mumbai,BCA,5,10,2023
1779,Rohit,33,Male,Finance,66972.0,12.0,Lucknow,B.Com,3,14,2021
1780,Priya,39,Male,Marketing,83294.0,12.0,Delhi,MCA,5,10,2020
1781,Rahul,39,Male,Marketing,60047.5,3.0,Pune,MBA,3,11,2016
1782,Rahul,39,Male,IT,42854.0,22.0,Pune,MBA,5,10,2018
1783,Amit,39,Female,Finance,60047.5,21.0,Lucknow,B.Tech,2,10,2020
1784,Amit,39,Male,HR,50929.0,12.0,Lucknow,B.Tech,3,6,2023
1785,Rahul,38,Female,Finance,77103.0,12.0,Noida,MCA,3,10,2024
1786,Rohit,24,Female,Finance,83620.0,12.0,Noida,BCA,4,10,2020
1787,Rahul,42,Female,Marketing,60047.5,17.0,Lucknow,MCA,4,10,2020
1788,Rahul,49,Male,HR,92554.0,7.0,Delhi,B.Com,3,12,2022
1789,Rahul,39,Male,HR,30621.0,13.0,Lucknow,B.Tech,2,10,2020
1790,Amit,39,Male,HR,20973.0,1.0,Lucknow,MCA,2,8,2025
1791,Rahul,39,Male,HR,60047.5,7.0,Mumbai,B.Com,3,12,2023
1792,Rohit,44,Female,HR,60047.5,15.0,Lucknow,B.Tech,3,10,2018
1793,Sneha,39,Male,Sales,60047.5,6.0,Noida,MCA,1,8,2019
1794,Neha,33,Male,Sales,60047.5,2.0,Lucknow,MCA,2,2,2026
1795,Rahul,39,Female,Finance,74841.0,3.0,Delhi,MCA,3,4,2021
1796,Rohit,39,Female,HR,60047.5,12.0,Mumbai,MCA,2,12,2020
1797,Rohit,39,Male,HR,91980.0,3.0,Noida,B.Tech,5,10,2025
1798,Sneha,54,Female,IT,69153.0,8.0,Noida,MCA,5,15,2019
1799,Amit,39,Female,HR,60047.5,22.0,Noida,BCA,1,10,2018
1800,Rahul,39,Female,Finance,60047.5,16.0,Lucknow,MCA,4,9,2018
1801,Rohit,54,Female,HR,60047.5,12.0,Lucknow,B.Com,3,10,2019
1802,Rohit,30,Female,Sales,85488.0,19.0,Lucknow,B.Tech,2,2,2017
1803,Rohit,30,Male,HR,77055.0,13.0,Lucknow,MBA,5,7,2023
1804,Priya,40,Male,Finance,84366.0,13.0,Lucknow,MCA,5,9,2020
1805,Rahul,40,Male,HR,30931.0,12.0,Lucknow,MCA,3,18,2016
1806,Rahul,39,Male,Finance,60047.5,12.0,Pune,BCA,1,10,2020
1807,Rahul,26,Male,Finance,41540.0,12.0,Lucknow,MCA,4,7,2021
1808,Rohit,36,Male,Sales,77450.0,12.0,Mumbai,MCA,4,10,2018
1809,Sneha,21,Male,Marketing,60047.5,20.0,Noida,MCA,4,16,2022
1811,Sneha,37,Male,Sales,72320.0,12.0,Mumbai,B.Com,5,19,2022
1812,Rahul,30,Male,HR,51000.0,17.0,Delhi,MCA,5,6,2018
1813,Rahul,39,Male,HR,22599.0,12.0,Lucknow,BCA,1,10,2025
1814,Rohit,37,Male,Sales,76165.0,3.0,Noida,B.Tech,5,10,2016
1815,Rohit,54,Male,HR,78855.0,12.0,Mumbai,MBA,1,8,2021
1816,Neha,45,Male,Sales,20018.0,12.0,Lucknow,MCA,3,10,2026
1817,Rahul,35,Female,Finance,60047.5,9.0,Pune,MCA,4,10,2023
1818,Rahul,25,Male,HR,60047.5,12.0,Delhi,B.Com,3,3,2020
1820,Priya,32,Female,Sales,90916.0,21.0,Delhi,B.Com,3,3,2020
1821,Neha,39,Male,HR,55800.0,7.0,Noida,MCA,1,8,2016
1822,Priya,58,Female,HR,78770.0,12.0,Noida,MCA,4,19,2023
1824,Priya,39,Male,HR,57487.0,0.0,Delhi,B.Com,3,10,2026
1825,Sneha,46,Male,HR,60047.5,0.0,Pune,MCA,1,13,2017
1826,Sneha,46,Female,HR,81457.0,14.0,Mumbai,B.Tech,3,10,2018
1827,Amit,34,Female,HR,38836.0,21.0,Mumbai,B.Tech,4,13,2018
1828,Amit,27,Male,Finance,31394.0,3.0,Lucknow,MCA,5,3,2026
1829,Priya,39,Male,Sales,92158.0,19.0,Pune,MCA,1,10,2020
1830,Rahul,59,Male,Marketing,45280.0,0.0,Noida,BCA,1,3,2025
1831,Rahul,31,Female,IT,97318.0,24.0,Noida,MCA,3,10,2019
1832,Sneha,32,Female,HR,60047.5,11.0,Mumbai,MCA,2,10,2016
1833,Neha,36,Male,HR,60047.5,10.0,Noida,MBA,3,7,2020
1834,Rohit,39,Male,HR,43440.0,18.0,Lucknow,MCA,3,9,2026
1835,Sneha,55,Male,Marketing,97166.0,14.0,Pune,MCA,3,1,2021
1836,Sneha,40,Male,HR,72712.0,20.0,Delhi,B.Com,2,10,2022
1837,Amit,27,Female,HR,60047.5,9.0,Lucknow,BCA,3,13,2019
1838,Rahul,24,Male,HR,26589.0,0.0,Lucknow,MCA,3,12,2022
1839,Rahul,45,Male,HR,68241.0,23.0,Lucknow,B.Com,3,10,2020
1840,Rohit,39,Male,Marketing,60047.5,12.0,Noida,MCA,4,10,2020
1841,Rahul,55,Male,Marketing,60047.5,13.0,Lucknow,B.Com,5,10,2021
1842,Sneha,47,Male,Marketing,28177.0,14.0,Pune,MBA,3,7,2026
1843,Rahul,48,Male,HR,54528.0,12.0,Lucknow,MCA,1,10,2023
1844,Amit,31,Male,Sales,81351.0,9.0,Lucknow,MCA,5,19,2020
1845,Amit,56,Male,HR,60047.5,12.0,Lucknow,BCA,5,7,2018
1846,Sneha,39,Male,HR,60047.5,0.0,Lucknow,BCA,5,14,2020
1847,Neha,39,Female,HR,43508.0,14.0,Noida,MBA,3,14,2026
1848,Priya,39,Male,HR,74933.0,2.0,Lucknow,MBA,5,18,2018
1849,Rahul,33,Female,IT,60047.5,12.0,Noida,MCA,3,10,2015
1850,Priya,29,Male,HR,35611.0,19.0,Lucknow,B.Com,1,3,2018
1851,Priya,26,Male,Sales,60047.5,12.0,Pune,B.Tech,1,6,2016
1852,Priya,56,Male,Sales,61003.0,21.0,Noida,B.Tech,3,9,2020
1853,Rahul,39,Male,HR,94216.0,11.0,Delhi,MBA,4,14,2022
1854,Amit,22,Female,IT,31340.0,18.0,Noida,MBA,4,8,2020
1855,Amit,34,Male,HR,94684.0,12.0,Pune,MCA,5,10,2023
1856,Priya,55,Male,Sales,60047.5,7.0,Pune,MBA,3,10,2020
1857,Neha,39,Female,Sales,38260.0,23.0,Noida,B.Tech,5,6,2020
1858,Rahul,32,Female,Finance,60047.5,13.0,Lucknow,BCA,1,1,2021
1859,Sneha,39,Female,IT,50480.0,17.0,Lucknow,B.Tech,3,18,2020
1860,Rahul,39,Male,HR,72527.0,22.0,Lucknow,MCA,1,10,2019
1861,Neha,46,Female,HR,79789.0,0.0,Pune,BCA,3,17,2020
1862,Sneha,48,Male,HR,71902.0,1.0,Lucknow,BCA,2,1,2020
1863,Rahul,39,Male,Marketing,60047.5,23.0,Lucknow,B.Tech,3,8,2016
1864,Rahul,44,Female,Sales,60047.5,11.0,Delhi,BCA,4,12,2020
1865,Rahul,25,Female,HR,60047.5,16.0,Lucknow,BCA,1,19,2022
1866,Rohit,55,Female,IT,60047.5,1.0,Mumbai,MCA,3,14,2020
1867,Rohit,39,Male,Sales,60047.5,16.0,Lucknow,MCA,2,19,2016
1868,Neha,41,Male,HR,68776.0,20.0,Noida,B.Com,5,10,2020
1869,Priya,39,Male,HR,60047.5,6.0,Lucknow,MCA,3,16,2025
1870,Rahul,35,Male,Finance,60047.5,5.0,Delhi,MBA,2,10,2022
1871,Priya,39,Male,HR,72648.0,12.0,Lucknow,MCA,3,5,2020
1872,Rahul,24,Male,Marketing,33740.0,12.0,Lucknow,MCA,1,10,2023
1873,Neha,39,Male,HR,33102.0,7.0,Lucknow,B.Com,3,4,2020
1874,Rahul,39,Male,HR,60047.5,12.0,Lucknow,B.Com,5,5,2017
1875,Rahul,38,Female,HR,50255.0,12.0,Noida,BCA,3,5,2023
1876,Priya,42,Female,Sales,45221.0,6.0,Noida,MCA,1,1,2024
1877,Rahul,53,Female,HR,83265.0,2.0,Lucknow,MCA,3,18,2019
1878,Rohit,39,Female,HR,20719.0,24.0,Pune,MCA,5,10,2020
1879,Priya,39,Female,Finance,60047.5,9.0,Lucknow,B.Tech,2,19,2018
1880,Rohit,55,Male,Marketing,75779.0,2.0,Pune,MCA,1,14,2020
1881,Sneha,41,Male,Sales,21069.0,13.0,Lucknow,MCA,3,6,2024
1882,Amit,55,Male,Sales,74714.0,12.0,Noida,B.Com,3,10,2019
1883,Amit,28,Male,HR,60047.5,12.0,Delhi,MCA,3,8,2026
1884,Amit,58,Female,HR,32935.0,12.0,Delhi,B.Tech,1,5,2020
1885,Amit,38,Female,Marketing,64035.0,0.0,Noida,BCA,3,8,2016
1886,Rahul,57,Female,Sales,47937.0,18.0,Lucknow,BCA,3,6,2020
1887,Amit,25,Male,IT,38540.0,3.0,Pune,B.Tech,2,10,2022
1888,Sneha,39,Male,HR,93480.0,1.0,Lucknow,B.Tech,3,3,2017
1889,Neha,39,Male,Sales,68702.0,24.0,Pune,BCA,3,13,2020
1890,Neha,28,Male,HR,98283.0,12.0,Noida,B.Com,3,7,2025
1891,Rahul,51,Female,IT,96041.0,23.0,Pune,MCA,5,4,2020
1892,Amit,23,Female,Finance,97233.0,11.0,Pune,B.Com,3,13,2015
1893,Amit,39,Male,HR,56907.0,12.0,Delhi,B.Com,3,10,2017
1894,Rahul,39,Male,Marketing,60047.5,12.0,Noida,BCA,4,10,2016
1895,Rohit,39,Female,IT,60047.5,12.0,Lucknow,MBA,4,10,2020
1896,Priya,42,Female,Marketing,27087.0,18.0,Lucknow,MCA,1,13,2022
1898,Priya,39,Female,HR,60047.5,19.0,Pune,MCA,3,19,2020
1899,Amit,39,Male,IT,53400.0,20.0,Lucknow,MCA,5,6,2020
1900,Amit,39,Female,HR,22199.0,19.0,Lucknow,MCA,1,11,2017
1901,Rohit,39,Female,HR,67316.0,12.0,Lucknow,MCA,3,17,2024
1902,Rohit,53,Female,IT,60047.5,15.0,Lucknow,BCA,3,9,2022
1903,Rahul,39,Female,IT,60047.5,12.0,Mumbai,MBA,3,5,2024
1904,Neha,28,Male,Marketing,36744.0,12.0,Delhi,BCA,1,10,2020
1905,Priya,50,Male,HR,96095.0,12.0,Noida,MCA,3,16,2016
1906,Rahul,39,Male,HR,75517.0,12.0,Lucknow,MBA,3,4,2020
1907,Sneha,23,Male,Finance,68865.0,12.0,Lucknow,MCA,2,10,2021
1908,Rohit,38,Male,HR,93937.0,1.0,Lucknow,MBA,2,17,2015
1909,Sneha,39,Male,HR,60047.5,12.0,Noida,B.Com,5,9,2020
1910,Rahul,50,Female,Finance,33894.0,12.0,Mumbai,MBA,3,13,2026
1911,Rahul,39,Female,HR,49160.0,16.0,Lucknow,B.Com,3,16,2019
1912,Rahul,39,Female,Finance,60047.5,23.0,Delhi,B.Com,3,10,2020
1913,Neha,39,Female,Sales,60047.5,13.0,Lucknow,B.Tech,1,10,2026
1914,Priya,38,Male,Marketing,74021.0,12.0,Delhi,MBA,2,16,2025
1915,Sneha,50,Female,HR,60047.5,14.0,Lucknow,B.Tech,5,1,2026
1916,Rahul,51,Male,Sales,41179.0,12.0,Lucknow,MCA,3,11,2020
1917,Rahul,21,Female,Sales,60047.5,20.0,Mumbai,MBA,5,13,2026
1918,Rahul,39,Female,Finance,65311.0,24.0,Pune,MCA,5,18,2021
1919,Rahul,21,Female,Sales,59038.0,12.0,Mumbai,BCA,3,5,2022
1920,Rohit,21,Male,Marketing,44967.0,2.0,Pune,MCA,5,4,2015
1921,Amit,43,Female,HR,48478.0,24.0,Mumbai,MCA,4,6,2020
1922,Rahul,36,Male,Marketing,75775.0,12.0,Noida,BCA,5,10,2025
1923,Priya,51,Male,HR,90624.0,12.0,Delhi,MCA,2,2,2020
1924,Rahul,35,Female,HR,60332.0,8.0,Pune,MBA,3,10,2020
1925,Rahul,35,Male,Finance,27066.0,17.0,Noida,MBA,2,14,2020
1926,Rahul,39,Male,HR,59313.0,4.0,Delhi,B.Com,3,4,2025
1927,Rahul,39,Female,Finance,87857.0,10.0,Delhi,B.Com,3,18,2025
1928,Amit,39,Female,Marketing,65900.0,12.0,Lucknow,B.Com,1,10,2026
1929,Rohit,39,Female,IT,61098.0,16.0,Lucknow,MCA,4,9,2020
1930,Rahul,30,Female,IT,28294.0,22.0,Lucknow,MBA,5,8,2020
1931,Rahul,39,Female,HR,82580.0,19.0,Pune,MCA,2,11,2021
1932,Rahul,23,Female,HR,60047.5,12.0,Pune,B.Com,1,10,2023
1933,Rahul,26,Male,IT,45059.0,3.0,Lucknow,MCA,2,17,2025
1934,Rahul,45,Female,Marketing,60047.5,21.0,Pune,B.Tech,5,13,2024
1935,Amit,39,Female,Finance,40703.0,12.0,Delhi,B.Tech,3,8,2016
1936,Rahul,39,Male,Finance,81417.0,23.0,Noida,B.Com,3,14,2020
1937,Neha,39,Male,HR,79228.0,12.0,Lucknow,BCA,3,11,2020
1938,Sneha,52,Male,Finance,60047.5,7.0,Lucknow,B.Com,2,9,2016
1939,Sneha,30,Female,IT,60047.5,18.0,Delhi,B.Com,3,8,2022
1940,Rahul,47,Female,HR,53411.0,11.0,Noida,BCA,3,10,2018
1941,Neha,51,Male,IT,31628.0,12.0,Lucknow,B.Tech,3,15,2025
1942,Rahul,20,Female,IT,60047.5,15.0,Lucknow,B.Tech,3,10,2022
1943,Priya,39,Male,HR,60047.5,4.0,Lucknow,MCA,3,12,2025
1944,Rahul,26,Female,Sales,60047.5,12.0,Lucknow,B.Tech,1,5,2020
1945,Priya,21,Female,Marketing,27946.0,12.0,Delhi,MCA,3,14,2021
1946,Sneha,39,Male,IT,20610.0,14.0,Pune,B.Com,3,16,2020
1947,Amit,23,Male,Sales,89838.0,12.0,Pune,MCA,5,19,2021
1949,Amit,45,Male,Finance,61876.0,12.0,Mumbai,MCA,5,7,2022
1950,Sneha,30,Female,Sales,60047.5,12.0,Pune,MBA,3,3,2020
1951,Rahul,59,Male,Sales,71298.0,2.0,Delhi,MCA,3,8,2020
1953,Rohit,22,Male,HR,90072.0,12.0,Pune,MCA,2,3,2020
1954,Priya,31,Female,Finance,62974.0,24.0,Lucknow,MCA,3,11,2021
1955,Priya,22,Male,HR,39856.0,11.0,Pune,MCA,5,14,2026
1956,Sneha,46,Male,HR,60047.5,17.0,Lucknow,MBA,3,10,2021
1957,Rahul,21,Female,HR,60047.5,2.0,Lucknow,MCA,4,4,2020
1958,Amit,35,Male,Finance,94397.0,11.0,Lucknow,MCA,3,10,2019
1959,Rahul,21,Male,HR,60047.5,12.0,Delhi,B.Com,1,19,2021
1960,Rahul,39,Female,Finance,60047.5,12.0,Lucknow,MCA,5,10,2022
1961,Neha,39,Male,HR,60047.5,22.0,Pune,B.Com,3,2,2017
1962,Priya,39,Male,HR,41601.0,1.0,Lucknow,MCA,5,3,2020
1963,Rahul,47,Male,Marketing,60047.5,12.0,Noida,MBA,1,10,2020
1964,Rahul,39,Male,IT,60047.5,13.0,Lucknow,MCA,3,10,2023
1965,Sneha,39,Male,IT,68435.0,12.0,Lucknow,B.Tech,3,2,2024
1966,Rahul,39,Male,Finance,44044.0,12.0,Mumbai,MBA,1,3,2025
1967,Sneha,59,Male,IT,60047.5,14.0,Lucknow,B.Com,3,10,2020
1968,Neha,39,Female,HR,22458.0,12.0,Delhi,B.Com,3,10,2019
1969,Rahul,32,Female,HR,60047.5,4.0,Lucknow,MBA,3,17,2018
1970,Rahul,56,Female,HR,26028.0,23.0,Noida,MCA,3,16,2020
1971,Rahul,35,Male,Sales,71901.0,12.0,Delhi,MBA,5,17,2018
1972,Neha,41,Female,HR,60047.5,22.0,Noida,MCA,3,10,2020
1974,Neha,46,Male,HR,32363.0,22.0,Delhi,MCA,1,14,2019
1975,Priya,35,Male,Sales,34066.0,14.0,Lucknow,BCA,2,3,2020
1976,Rahul,39,Male,Finance,83804.0,16.0,Lucknow,MCA,1,10,2022
1977,Rahul,51,Female,Finance,60047.5,12.0,Lucknow,B.Tech,3,19,2025
1978,Rahul,45,Male,Finance,20189.0,10.0,Delhi,MCA,3,13,2015
1979,Rahul,44,Male,IT,31752.0,18.0,Delhi,BCA,3,5,2020
1980,Neha,39,Male,Finance,27482.0,10.0,Mumbai,B.Com,5,1,2020
1981,Sneha,31,Male,HR,36679.0,1.0,Mumbai,B.Com,5,12,2018
1982,Rahul,59,Female,HR,60047.5,12.0,Lucknow,B.Com,3,15,2020
1983,Rahul,28,Female,IT,29934.0,4.0,Lucknow,MCA,3,19,2018
1984,Neha,31,Female,Finance,77558.0,17.0,Delhi,MCA,4,10,2025
1985,Amit,45,Male,Marketing,60047.5,12.0,Mumbai,MCA,3,10,2023
1986,Priya,39,Male,Marketing,60047.5,12.0,Mumbai,MCA,5,7,2015
1987,Rahul,29,Male,HR,29909.0,15.0,Noida,B.Com,5,10,2020
1988,Rahul,51,Male,Finance,60047.5,3.0,Lucknow,MCA,3,10,2023
1990,Neha,39,Male,Marketing,48013.0,9.0,Lucknow,MBA,5,2,2021
1991,Priya,39,Female,HR,60047.5,21.0,Pune,MCA,3,14,2020
1992,Priya,39,Female,Finance,31408.0,12.0,Noida,MCA,1,13,2025
1993,Amit,39,Male,HR,55607.0,14.0,Noida,MCA,5,10,2021
1994,Amit,55,Male,Sales,81684.0,12.0,Delhi,B.Com,5,9,2020
1995,Rahul,43,Male,Marketing,56281.0,15.0,Delhi,MBA,3,10,2020
1996,Sneha,39,Male,Sales,47326.0,6.0,Mumbai,B.Tech,3,10,2020
1997,Rahul,21,Female,HR,60047.5,24.0,Lucknow,MCA,3,1,2017
1998,Rahul,50,Male,IT,21135.0,12.0,Delhi,MCA,5,6,2020
1999,Rahul,39,Female,IT,42741.0,11.0,Lucknow,MBA,5,1,2020
2000,Rohit,39,Male,HR,31913.0,12.0,Lucknow,MCA,1,16,2020
2001,Sneha,39,Male,HR,30101.0,12.0,Lucknow,B.Tech,1,3,2020
2002,Rohit,34,Male,HR,60047.5,12.0,Pune,MCA,3,13,2015
2003,Sneha,31,Male,Finance,60047.5,12.0,Mumbai,B.Com,3,10,2020
2005,Rahul,39,Male,HR,68985.0,5.0,Mumbai,MCA,3,10,2020
2006,Sneha,39,Male,HR,60047.5,14.0,Delhi,BCA,1,4,2016
2007,Rahul,58,Male,HR,60047.5,12.0,Lucknow,MCA,3,10,2018
2008,Rahul,43,Male,Marketing,39215.0,22.0,Lucknow,MCA,1,10,2020
2009,Sneha,40,Male,HR,34024.0,12.0,Pune,B.Tech,1,10,2020
2010,Sneha,39,Female,HR,96949.0,12.0,Lucknow,B.Com,2,16,2020
2011,Rahul,33,Female,IT,65483.0,14.0,Pune,B.Com,1,19,2025
2012,Amit,56,Female,IT,98157.0,13.0,Noida,B.Tech,2,10,2021
2013,Amit,37,Female,Marketing,60047.5,12.0,Delhi,MBA,2,1,2020
2014,Rohit,43,Female,HR,39923.0,12.0,Pune,MBA,3,16,2020
2015,Neha,33,Male,HR,60047.5,12.0,Lucknow,B.Com,1,10,2021
2016,Sneha,39,Female,Sales,20526.0,2.0,Noida,MCA,3,1,2024
2017,Rahul,39,Female,Marketing,60047.5,3.0,Pune,BCA,3,14,2015
2018,Rahul,41,Male,Marketing,60047.5,13.0,Delhi,MCA,1,5,2024
2019,Rahul,25,Male,Sales,34656.0,13.0,Lucknow,MCA,3,15,2024
2020,Rahul,39,Male,Sales,43266.0,7.0,Lucknow,B.Com,3,10,2019
2021,Neha,55,Female,IT,84555.0,9.0,Delhi,B.Com,2,2,2020
2022,Sneha,41,Male,Marketing,60047.5,8.0,Pune,MCA,3,11,2020
2023,Sneha,39,Male,HR,95756.0,13.0,Lucknow,BCA,1,16,2018
2024,Rahul,35,Male,HR,60047.5,7.0,Pune,BCA,5,10,2020
2025,Sneha,39,Male,Finance,90377.0,10.0,Noida,B.Com,1,10,2015
2026,Rahul,44,Male,HR,60047.5,12.0,Lucknow,MCA,3,10,2017
2027,Rahul,51,Male,IT,74176.0,17.0,Pune,MCA,3,12,2020
2028,Sneha,52,Male,Finance,61733.0,3.0,Noida,MCA,4,2,2016
2029,Rahul,39,Male,Finance,34418.0,3.0,Mumbai,MCA,3,2,2016
2030,Priya,39,Male,HR,57185.0,11.0,Mumbai,MCA,3,9,2015
2031,Amit,39,Male,HR,60047.5,17.0,Lucknow,MCA,2,12,2017
2032,Rahul,57,Male,IT,73787.0,7.0,Noida,B.Com,1,2,2020
2033,Amit,22,Female,Sales,60047.5,12.0,Pune,MBA,2,18,2020
2034,Rohit,42,Male,Finance,60047.5,17.0,Lucknow,MCA,3,16,2020
2035,Neha,51,Male,HR,60047.5,12.0,Mumbai,B.Tech,3,10,2020
2036,Rohit,35,Female,Finance,57353.0,0.0,Lucknow,MCA,3,10,2020
2037,Sneha,39,Male,HR,93644.0,21.0,Lucknow,MCA,2,16,2020
2038,Priya,23,Male,HR,68302.0,12.0,Noida,MCA,4,6,2026
2039,Sneha,39,Female,Finance,96979.0,2.0,Pune,MBA,1,10,2023
2040,Neha,39,Male,HR,42435.0,2.0,Mumbai,B.Com,3,10,2017
2041,Amit,33,Male,Marketing,77728.0,12.0,Lucknow,B.Tech,3,10,2020
2042,Rahul,58,Female,HR,21238.0,20.0,Pune,B.Com,5,10,2018
2043,Rahul,39,Female,HR,33049.0,18.0,Noida,B.Com,3,10,2025
2044,Neha,33,Female,HR,77193.0,3.0,Lucknow,MBA,2,4,2017
2045,Rahul,25,Male,Finance,60047.5,12.0,Noida,BCA,5,10,2017
2046,Rahul,31,Male,IT,60047.5,12.0,Noida,MCA,3,19,2020
2047,Rahul,35,Female,IT,34679.0,14.0,Noida,B.Tech,4,14,2018
2048,Priya,36,Male,Sales,60047.5,18.0,Lucknow,MCA,3,10,2026
2049,Sneha,42,Female,IT,71341.0,15.0,Noida,B.Com,2,17,2020
2050,Rahul,33,Male,Finance,70374.0,6.0,Lucknow,MCA,5,11,2020
2051,Rohit,39,Female,Sales,66998.0,12.0,Delhi,MCA,5,18,2022
2052,Sneha,51,Male,IT,96970.0,19.0,Lucknow,MCA,5,2,2025
2053,Amit,34,Female,HR,75701.0,1.0,Lucknow,MCA,3,11,2020
2054,Neha,36,Male,HR,64859.0,17.0,Noida,MCA,1,10,2015
2055,Rohit,53,Male,IT,60047.5,24.0,Delhi,MBA,1,19,2020
2056,Amit,39,Female,HR,47575.0,10.0,Lucknow,MCA,3,10,2018
2057,Amit,46,Male,HR,39329.0,12.0,Mumbai,MBA,2,4,2020
2058,Rahul,39,Male,Finance,77254.0,15.0,Mumbai,MBA,3,14,2020
2059,Sneha,59,Female,HR,93662.0,16.0,Mumbai,MCA,1,10,2020
2060,Priya,33,Male,HR,60068.0,15.0,Lucknow,MBA,3,11,2021
2061,Priya,34,Male,HR,78951.0,9.0,Pune,MBA,3,3,2021
2062,Rohit,52,Male,Sales,60047.5,16.0,Delhi,B.Com,2,4,2020
2063,Priya,50,Female,IT,28262.0,2.0,Delhi,BCA,3,10,2022
2064,Neha,39,Female,HR,60047.5,17.0,Delhi,B.Com,3,17,2016
2065,Priya,39,Female,Sales,60047.5,18.0,Mumbai,B.Tech,3,10,2021
2066,Rahul,47,Female,Marketing,60047.5,13.0,Lucknow,BCA,5,12,2020
2067,Priya,38,Female,Sales,88831.0,20.0,Delhi,MCA,3,8,2020
2068,Neha,42,Male,HR,65643.0,12.0,Pune,MBA,4,3,2020
2069,Rahul,39,Male,Sales,87657.0,1.0,Noida,BCA,4,10,2023
2070,Rohit,59,Female,HR,60047.5,11.0,Delhi,MCA,3,7,2015
2071,Rahul,32,Male,HR,60047.5,10.0,Delhi,B.Com,3,10,2015
2072,Rahul,39,Male,HR,62589.0,16.0,Delhi,B.Com,3,7,2020
2073,Rahul,54,Male,Marketing,60047.5,5.0,Noida,B.Tech,3,18,2020
2074,Amit,24,Male,Finance,21085.0,12.0,Noida,B.Tech,4,14,2025
2075,Sneha,28,Female,Finance,35600.0,12.0,Mumbai,BCA,2,10,2022
2076,Amit,48,Female,HR,60047.5,6.0,Lucknow,MBA,1,8,2020
2077,Sneha,25,Male,HR,81739.0,21.0,Pune,B.Com,3,10,2025
2078,Rahul,44,Male,HR,94181.0,10.0,Lucknow,BCA,2,5,2017
2079,Rahul,39,Male,Marketing,61596.0,6.0,Delhi,BCA,3,1,2020
2080,Rahul,41,Male,HR,90410.0,12.0,Delhi,BCA,3,10,2018
2081,Neha,21,Male,HR,60047.5,12.0,Mumbai,B.Tech,3,9,2017
2082,Neha,24,Male,HR,60047.5,20.0,Lucknow,MCA,5,12,2020
2083,Priya,39,Female,HR,60047.5,0.0,Lucknow,MCA,1,18,2023
2084,Rahul,39,Male,IT,60047.5,12.0,Lucknow,MCA,5,10,2026
2085,Rohit,39,Male,Marketing,60047.5,18.0,Lucknow,BCA,1,10,2021
2086,Amit,20,Male,HR,60047.5,22.0,Lucknow,MCA,4,10,2019
2087,Rahul,39,Male,Marketing,24432.0,12.0,Pune,MCA,5,10,2020
2088,Rahul,39,Male,Sales,46570.0,13.0,Lucknow,MCA,3,1,2017
2089,Rahul,39,Male,IT,60047.5,12.0,Lucknow,BCA,5,11,2020
2090,Amit,30,Male,HR,60047.5,20.0,Lucknow,MBA,3,2,2020
2091,Rahul,58,Female,HR,78415.0,19.0,Lucknow,MCA,4,11,2023
2092,Rahul,43,Male,IT,87567.0,12.0,Noida,MCA,4,2,2018
2093,Sneha,39,Male,Sales,82713.0,12.0,Lucknow,BCA,1,9,2020
2094,Neha,48,Male,Marketing,60047.5,12.0,Noida,MCA,5,1,2020
2095,Rahul,45,Male,HR,28988.0,22.0,Pune,MCA,2,6,2024
2096,Amit,39,Male,HR,60047.5,23.0,Mumbai,BCA,2,2,2017
2097,Rahul,39,Female,Sales,22977.0,18.0,Delhi,MCA,3,15,2020
2098,Rohit,39,Female,Finance,74641.0,2.0,Delhi,B.Com,4,1,2018
2100,Rahul,20,Male,Finance,60047.5,14.0,Lucknow,MCA,4,4,2026
2101,Sneha,20,Female,Finance,36756.0,12.0,Lucknow,BCA,3,10,2020
2102,Rahul,36,Male,IT,40764.0,12.0,Delhi,MCA,5,10,2021
2103,Rohit,21,Male,IT,60047.5,13.0,Pune,MCA,3,10,2016
2104,Rahul,48,Male,Sales,60047.5,6.0,Lucknow,B.Tech,4,2,2019
2105,Rohit,39,Male,Marketing,35032.0,12.0,Lucknow,MBA,1,9,2017
2106,Rahul,39,Female,IT,65702.0,12.0,Noida,MCA,1,12,2019
2107,Amit,27,Male,IT,31885.0,12.0,Mumbai,MCA,2,14,2017
2108,Sneha,48,Female,HR,29796.0,11.0,Lucknow,MBA,5,10,2020
2109,Priya,39,Male,IT,60047.5,12.0,Lucknow,B.Tech,4,15,2022
2110,Rahul,22,Male,Marketing,52117.0,12.0,Mumbai,MCA,3,4,2016
2111,Neha,54,Female,HR,60047.5,16.0,Noida,MCA,5,5,2022
2112,Rahul,24,Female,Finance,60047.5,12.0,Lucknow,B.Com,2,10,2022
2113,Rohit,46,Female,HR,60047.5,12.0,Lucknow,MCA,3,10,2020
2114,Priya,31,Male,HR,73096.0,21.0,Lucknow,MCA,3,12,2017
2115,Rahul,39,Female,HR,91404.0,20.0,Noida,B.Com,5,8,2020
2116,Rahul,39,Female,HR,60047.5,0.0,Delhi,B.Com,4,4,2020
2117,Sneha,28,Female,Sales,84649.0,2.0,Noida,MCA,3,3,2016
2118,Amit,39,Male,HR,28041.0,12.0,Lucknow,B.Tech,3,1,2024
2119,Rohit,23,Male,Marketing,60047.5,6.0,Lucknow,B.Com,2,18,2020
2120,Sneha,38,Male,Finance,60047.5,24.0,Mumbai,B.Tech,3,14,2016
2121,Rahul,39,Male,Finance,60047.5,12.0,Pune,BCA,3,17,2018
2122,Rahul,46,Male,Finance,48223.0,12.0,Lucknow,MBA,3,6,2020
2123,Rahul,32,Male,IT,53575.0,12.0,Lucknow,B.Com,3,6,2015
2124,Rahul,32,Female,Finance,65799.0,0.0,Lucknow,B.Com,5,10,2022
2125,Rahul,41,Female,HR,60047.5,18.0,Lucknow,B.Com,3,19,2020
2126,Rahul,47,Female,HR,56432.0,1.0,Lucknow,B.Tech,1,10,2015
2127,Sneha,39,Male,HR,51147.0,12.0,Delhi,B.Com,1,3,2026
2128,Rohit,39,Female,Sales,49114.0,23.0,Lucknow,B.Tech,3,10,2020
2129,Amit,27,Female,IT,60047.5,4.0,Mumbai,MCA,3,10,2026
2130,Amit,27,Male,HR,67429.0,16.0,Delhi,MCA,3,10,2015
2131,Sneha,39,Female,HR,67743.0,18.0,Pune,B.Tech,2,10,2020
2132,Sneha,45,Male,HR,85615.0,4.0,Lucknow,MCA,4,10,2020
2133,Amit,42,Female,HR,67577.0,22.0,Lucknow,MCA,1,10,2017
2134,Rahul,32,Male,Sales,22966.0,20.0,Noida,BCA,3,19,2020
2135,Priya,47,Male,HR,60047.5,13.0,Pune,MCA,3,17,2020
2136,Neha,28,Male,HR,57304.0,9.0,Lucknow,MCA,3,10,2016
2137,Rohit,39,Female,Sales,60047.5,20.0,Pune,B.Tech,1,4,2018
2138,Rahul,38,Female,HR,60047.5,6.0,Mumbai,MCA,3,10,2020
2139,Rahul,39,Male,HR,60047.5,7.0,Delhi,B.Tech,5,7,2022
2140,Rahul,31,Male,HR,60047.5,7.0,Mumbai,MCA,5,10,2020
2141,Amit,34,Female,IT,60047.5,6.0,Noida,BCA,3,10,2020
2142,Neha,50,Male,HR,39439.0,12.0,Lucknow,MCA,3,8,2020
2143,Rohit,33,Male,HR,78220.0,13.0,Pune,MCA,3,1,2022
2145,Rahul,45,Female,Finance,56973.0,10.0,Delhi,MCA,5,19,2020
2146,Rahul,46,Female,HR,93318.0,1.0,Noida,B.Com,1,17,2020
2147,Rahul,39,Male,HR,88196.0,12.0,Delhi,B.Com,5,9,2015
2148,Rahul,57,Male,IT,26089.0,5.0,Lucknow,MCA,4,10,2020
2149,Amit,53,Female,HR,90854.0,8.0,Pune,BCA,5,10,2026
2150,Rahul,38,Male,HR,60047.5,18.0,Delhi,B.Tech,5,10,2015
2152,Rahul,57,Female,HR,35405.0,8.0,Lucknow,B.Tech,5,13,2023
2153,Sneha,47,Male,HR,60047.5,12.0,Delhi,MBA,1,19,2019
2154,Rahul,20,Male,Sales,50209.0,6.0,Lucknow,MCA,2,5,2017
2155,Priya,54,Male,HR,93598.0,12.0,Lucknow,BCA,2,10,2024
2156,Rahul,39,Female,HR,60047.5,17.0,Mumbai,MBA,3,10,2020
2157,Rahul,39,Female,Finance,40556.0,17.0,Delhi,MCA,3,12,2020
2158,Priya,26,Male,HR,60047.5,12.0,Delhi,B.Tech,3,10,2025
2159,Rahul,30,Male,HR,60047.5,16.0,Noida,B.Com,2,3,2020
2160,Sneha,58,Male,HR,89216.0,12.0,Lucknow,MBA,3,10,2018
2161,Sneha,39,Female,Finance,50312.0,21.0,Delhi,MCA,5,4,2018
2162,Rahul,44,Female,IT,41191.0,15.0,Lucknow,BCA,1,4,2020
2163,Neha,31,Female,Marketing,56640.0,12.0,Pune,MCA,3,16,2016
2164,Rohit,39,Male,HR,60047.5,22.0,Lucknow,MCA,5,11,2024
2165,Rahul,57,Male,Finance,60047.5,12.0,Mumbai,MCA,2,13,2016
2166,Rohit,39,Female,HR,91229.0,12.0,Lucknow,MCA,3,11,2020
2167,Rohit,39,Male,HR,60047.5,12.0,Noida,BCA,1,10,2021
2168,Rohit,43,Male,IT,61224.0,1.0,Noida,MCA,2,14,2019
2169,Neha,35,Male,HR,60047.5,3.0,Lucknow,B.Com,2,10,2020
2170,Neha,32,Male,Sales,62262.0,19.0,Pune,B.Tech,1,8,2020
2171,Rohit,44,Female,Marketing,79592.0,19.0,Pune,BCA,3,12,2020
2173,Amit,30,Female,HR,37528.0,12.0,Pune,B.Com,2,10,2020
2176,Neha,30,Female,Marketing,63968.0,12.0,Lucknow,BCA,4,3,2019
2177,Neha,39,Female,Marketing,60047.5,2.0,Lucknow,MCA,3,12,2019
2179,Amit,42,Female,Finance,81321.0,9.0,Lucknow,MCA,2,4,2015
2180,Rahul,47,Female,HR,31526.0,12.0,Noida,MBA,5,10,2025
2181,Rohit,45,Female,HR,46709.0,2.0,Noida,MCA,1,9,2019
2182,Neha,44,Male,Marketing,60047.5,16.0,Mumbai,MBA,2,10,2020
2183,Amit,39,Male,Sales,60047.5,12.0,Pune,B.Tech,1,10,2020
2185,Priya,52,Female,Finance,42797.0,11.0,Lucknow,MBA,1,3,2020
2186,Rahul,55,Female,HR,65217.0,12.0,Mumbai,BCA,2,10,2017
2187,Sneha,33,Male,Marketing,88283.0,12.0,Mumbai,MBA,3,10,2015
2189,Sneha,54,Male,HR,60047.5,21.0,Delhi,BCA,3,10,2020
2190,Amit,49,Female,HR,32587.0,19.0,Lucknow,MBA,1,1,2023
2191,Neha,47,Female,HR,42555.0,3.0,Lucknow,BCA,3,10,2024
2192,Priya,36,Male,Finance,48071.0,14.0,Delhi,B.Com,4,13,2018
2193,Rohit,22,Male,HR,60047.5,8.0,Delhi,MCA,4,12,2020
2194,Sneha,39,Male,IT,60047.5,5.0,Lucknow,MCA,3,11,2019
2195,Priya,49,Male,IT,60047.5,11.0,Delhi,MCA,3,4,2017
2196,Rahul,48,Female,HR,33635.0,12.0,Pune,BCA,1,17,2020
2197,Rahul,34,Male,Marketing,60047.5,22.0,Delhi,MCA,3,15,2017
2198,Rahul,44,Male,Marketing,21144.0,14.0,Noida,MBA,5,3,2018
2199,Rahul,57,Female,HR,60047.5,18.0,Lucknow,MCA,2,10,2020
2200,Rahul,39,Male,Marketing,60047.5,8.0,Noida,B.Com,3,10,2026
2201,Neha,42,Male,Marketing,36944.0,21.0,Noida,MBA,5,19,2021
2202,Rahul,39,Male,IT,86723.0,23.0,Lucknow,BCA,3,4,2016
2203,Neha,26,Female,HR,60047.5,12.0,Lucknow,B.Com,5,14,2015
2204,Rahul,41,Female,HR,60047.5,15.0,Mumbai,MCA,3,6,2018
2205,Rohit,36,Female,HR,54457.0,12.0,Delhi,MCA,4,12,2022
2206,Priya,37,Female,Marketing,60047.5,0.0,Pune,B.Com,2,2,2020
2207,Rahul,39,Male,IT,92264.0,17.0,Pune,BCA,3,17,2020
2208,Neha,29,Male,Sales,77924.0,21.0,Lucknow,MCA,4,10,2017
2209,Priya,26,Female,Finance,53744.0,2.0,Pune,MCA,1,10,2018
2210,Rahul,57,Female,HR,60047.5,16.0,Mumbai,MCA,4,5,2018
2212,Amit,52,Female,HR,96084.0,4.0,Mumbai,MBA,3,10,2017
2213,Rahul,39,Male,IT,60047.5,24.0,Pune,MCA,5,10,2020
2214,Rahul,53,Female,HR,20972.0,5.0,Mumbai,B.Com,1,3,2020
2215,Rahul,23,Male,HR,26621.0,20.0,Lucknow,MCA,3,3,2024
2216,Rahul,39,Female,Sales,60047.5,16.0,Lucknow,MCA,3,18,2020
2217,Amit,39,Female,IT,77694.0,12.0,Mumbai,B.Com,3,18,2025
2219,Sneha,23,Male,Marketing,34530.0,6.0,Pune,B.Com,3,7,2022
2220,Rohit,20,Male,HR,27354.0,12.0,Pune,MCA,3,1,2020
2221,Rohit,39,Female,Sales,60047.5,15.0,Delhi,B.Tech,1,16,2020
2222,Priya,49,Male,Marketing,60047.5,4.0,Delhi,MCA,4,10,2020
2223,Sneha,28,Female,Finance,60047.5,15.0,Mumbai,MCA,4,8,2021
2224,Neha,54,Male,HR,72079.0,3.0,Lucknow,B.Tech,2,6,2020
2225,Sneha,39,Male,Finance,60047.5,10.0,Mumbai,B.Com,3,2,2019
2226,Rahul,43,Female,HR,80385.0,12.0,Noida,MBA,3,10,2020
2227,Rahul,38,Male,HR,84736.0,12.0,Noida,B.Tech,2,17,2023
2228,Sneha,55,Male,Marketing,50268.0,23.0,Lucknow,B.Com,3,19,2017
2229,Amit,46,Female,HR,24290.0,7.0,Lucknow,MCA,1,4,2026
2230,Rahul,51,Female,IT,75034.0,20.0,Lucknow,MCA,5,10,2018
2231,Rahul,39,Female,HR,50138.0,12.0,Delhi,B.Tech,3,19,2020
2232,Rohit,37,Male,Sales,60047.5,14.0,Delhi,MBA,3,16,2020
2233,Rahul,47,Male,HR,33432.0,17.0,Noida,B.Com,5,10,2026
2234,Priya,48,Male,HR,60047.5,6.0,Lucknow,MCA,4,5,2020
2235,Neha,39,Male,HR,78175.0,12.0,Pune,MBA,2,10,2023
2236,Rahul,39,Male,HR,60047.5,18.0,Noida,B.Tech,5,7,2019
2237,Rohit,50,Male,Finance,89076.0,12.0,Lucknow,MBA,3,9,2017
2238,Priya,23,Male,HR,60047.5,8.0,Lucknow,MBA,3,5,2022
2239,Rahul,39,Male,Marketing,54247.0,10.0,Lucknow,MCA,3,4,2023
2240,Amit,39,Male,HR,26677.0,12.0,Mumbai,MCA,3,10,2015
2241,Neha,58,Female,Marketing,60047.5,13.0,Pune,MCA,5,16,2020
2242,Rahul,39,Male,IT,60047.5,12.0,Lucknow,MCA,3,10,2020
2243,Rahul,58,Male,Marketing,60047.5,7.0,Lucknow,MCA,1,9,2025
2244,Amit,23,Female,Marketing,61616.0,12.0,Noida,MCA,1,10,2020
2245,Sneha,49,Male,Sales,81284.0,12.0,Lucknow,MCA,4,11,2020
2246,Rahul,39,Male,IT,60047.5,12.0,Noida,MCA,4,10,2020
2247,Rahul,41,Male,HR,73478.0,1.0,Lucknow,B.Com,5,17,2020
2248,Amit,39,Male,HR,74056.0,12.0,Mumbai,MCA,3,11,2016
2249,Rahul,39,Female,IT,65534.0,3.0,Pune,BCA,3,6,2020
2250,Amit,39,Male,HR,60047.5,1.0,Pune,B.Com,2,10,2019
2251,Rahul,39,Female,Finance,84162.0,11.0,Lucknow,BCA,2,19,2020
2252,Amit,55,Male,HR,64711.0,23.0,Mumbai,B.Tech,3,14,2020
2253,Amit,37,Male,IT,60047.5,12.0,Lucknow,MCA,1,10,2025
2254,Neha,39,Male,HR,40143.0,19.0,Lucknow,B.Com,1,10,2026
2255,Rahul,26,Male,Marketing,60047.5,12.0,Lucknow,B.Tech,2,10,2015
2256,Rahul,20,Male,Sales,82473.0,9.0,Pune,MCA,3,10,2020
2257,Sneha,45,Male,HR,36017.0,19.0,Lucknow,MCA,4,10,2021
2258,Rahul,39,Male,HR,83202.0,7.0,Pune,MCA,5,11,2021
2259,Rahul,39,Female,HR,61423.0,12.0,Delhi,MBA,3,10,2024
2260,Sneha,39,Male,HR,61713.0,12.0,Lucknow,MCA,2,1,2019
2261,Rohit,25,Male,Finance,94310.0,17.0,Delhi,MCA,3,9,2024
2262,Rahul,27,Male,Sales,60047.5,12.0,Lucknow,B.Com,3,12,2020
2263,Rahul,43,Female,HR,73266.0,1.0,Lucknow,MCA,3,7,2017
2265,Rahul,38,Male,Marketing,60047.5,12.0,Noida,BCA,3,10,2016
2266,Sneha,56,Male,HR,60047.5,12.0,Lucknow,MCA,4,6,2024
2267,Rahul,37,Male,HR,41200.0,18.0,Mumbai,MCA,3,7,2020
2268,Neha,39,Female,HR,60047.5,9.0,Lucknow,MCA,5,19,2016
2269,Priya,56,Male,Sales,22808.0,10.0,Delhi,B.Tech,1,10,2015
2270,Rohit,49,Female,Sales,60047.5,12.0,Delhi,MBA,3,11,2023
2271,Rahul,52,Male,Marketing,84928.0,12.0,Noida,B.Tech,5,2,2022
2272,Rahul,29,Female,HR,35058.0,23.0,Lucknow,MCA,2,10,2022
2273,Neha,56,Female,HR,34620.0,22.0,Mumbai,MBA,3,10,2021
2274,Rahul,39,Male,Marketing,60047.5,9.0,Delhi,B.Com,2,12,2023
2275,Rahul,39,Male,Marketing,82995.0,3.0,Lucknow,BCA,3,10,2025
2276,Neha,46,Male,Finance,56681.0,12.0,Pune,MCA,3,11,2017
2277,Sneha,58,Male,HR,84509.0,10.0,Mumbai,BCA,1,1,2020
2278,Sneha,28,Male,HR,60047.5,23.0,Lucknow,B.Com,2,10,2015
2279,Neha,40,Male,HR,60047.5,12.0,Delhi,MBA,2,19,2015
2280,Rohit,39,Male,HR,60047.5,21.0,Lucknow,MCA,3,11,2025
2281,Rahul,48,Female,Sales,62136.0,12.0,Lucknow,MBA,5,3,2020
2282,Rahul,39,Male,Finance,56343.0,4.0,Lucknow,B.Com,3,16,2020
2283,Rahul,34,Male,Finance,38254.0,1.0,Lucknow,B.Tech,5,10,2022
2284,Sneha,21,Female,HR,60047.5,11.0,Noida,MCA,3,2,2020
2285,Rahul,58,Male,HR,79611.0,20.0,Lucknow,MCA,2,19,2024
2286,Rahul,37,Male,HR,80002.0,4.0,Lucknow,MBA,3,10,2015
2287,Amit,22,Male,IT,32926.0,6.0,Pune,MCA,3,16,2025
2288,Sneha,26,Male,Finance,84264.0,3.0,Lucknow,MBA,2,6,2015
2289,Sneha,37,Female,IT,47563.0,10.0,Mumbai,MCA,3,11,2023
2290,Rohit,39,Female,Sales,60047.5,12.0,Lucknow,B.Com,4,17,2020
2291,Rahul,56,Male,Marketing,54130.0,8.0,Delhi,MCA,3,15,2021
2292,Rahul,52,Male,IT,60047.5,3.0,Delhi,B.Com,3,4,2015
2293,Rohit,50,Female,Marketing,71595.0,21.0,Pune,MCA,3,8,2024
2294,Sneha,30,Male,Sales,36321.0,12.0,Lucknow,BCA,2,18,2016
2295,Amit,23,Female,HR,30769.0,11.0,Delhi,MCA,3,14,2020
2297,Rahul,23,Female,HR,60028.0,12.0,Delhi,MCA,3,10,2025
2298,Rahul,39,Male,HR,60047.5,7.0,Pune,BCA,5,15,2019
2299,Amit,48,Male,HR,96133.0,12.0,Lucknow,B.Tech,5,10,2020
2300,Priya,43,Male,HR,54187.0,19.0,Lucknow,MBA,3,9,2017
2301,Priya,39,Female,HR,60047.5,18.0,Lucknow,B.Tech,3,12,2019
2302,Rahul,21,Male,HR,20059.0,3.0,Mumbai,B.Com,3,10,2017
2303,Rahul,25,Male,HR,47235.0,12.0,Mumbai,BCA,4,7,2020
2304,Rahul,44,Female,IT,87114.0,22.0,Delhi,MCA,1,5,2015
2305,Priya,40,Male,HR,65366.0,12.0,Lucknow,B.Com,5,10,2020
2306,Sneha,35,Male,IT,52160.0,12.0,Pune,MCA,3,12,2020
2307,Rahul,50,Male,HR,25277.0,8.0,Noida,MCA,3,1,2020
2308,Rahul,33,Female,Marketing,21780.0,16.0,Lucknow,MBA,3,10,2023
2309,Neha,58,Male,Finance,66579.0,14.0,Lucknow,B.Com,1,11,2020
2310,Rahul,47,Female,HR,60047.5,12.0,Noida,BCA,3,10,2022
2311,Rohit,51,Female,HR,60047.5,16.0,Lucknow,MCA,5,13,2021
2312,Amit,47,Female,HR,60047.5,8.0,Lucknow,MCA,3,18,2026
2313,Priya,39,Male,HR,60047.5,3.0,Noida,MBA,3,10,2025
2314,Priya,39,Male,Marketing,51886.0,13.0,Lucknow,BCA,4,17,2016
2315,Amit,51,Male,IT,60047.5,2.0,Lucknow,MCA,3,19,2024
2316,Sneha,24,Female,Marketing,60047.5,24.0,Delhi,MCA,3,10,2019
2317,Priya,39,Female,Sales,90975.0,20.0,Delhi,B.Com,2,9,2020
2318,Neha,24,Male,HR,89843.0,11.0,Delhi,B.Com,3,18,2020
2319,Rahul,51,Male,Marketing,60047.5,21.0,Delhi,BCA,2,10,2020
2320,Neha,29,Male,Sales,36568.0,12.0,Lucknow,B.Tech,2,10,2017
2321,Priya,39,Male,Marketing,58092.0,0.0,Pune,BCA,2,12,2025
2322,Rohit,39,Male,HR,60047.5,12.0,Lucknow,MBA,2,4,2020
2323,Rahul,39,Male,HR,60047.5,12.0,Lucknow,B.Com,1,12,2015
2324,Rahul,48,Male,Sales,85781.0,15.0,Lucknow,MCA,3,12,2025
2325,Rahul,22,Male,HR,60047.5,6.0,Noida,B.Com,3,4,2020
2326,Amit,38,Male,IT,93719.0,12.0,Delhi,BCA,2,12,2020
2327,Rohit,39,Female,Finance,58692.0,14.0,Noida,MBA,3,8,2026
2328,Sneha,47,Male,IT,50086.0,7.0,Lucknow,B.Tech,3,3,2020
2329,Rahul,39,Female,IT,60047.5,10.0,Delhi,MCA,3,16,2021
2330,Rohit,39,Female,HR,33901.0,23.0,Lucknow,BCA,5,2,2020
2331,Amit,54,Male,Finance,60047.5,13.0,Lucknow,BCA,3,6,2018
2332,Rahul,39,Male,IT,48604.0,12.0,Lucknow,BCA,5,17,2020
2333,Rahul,31,Female,HR,60047.5,22.0,Noida,MCA,4,12,2016
2334,Neha,39,Female,Sales,34537.0,12.0,Lucknow,BCA,3,9,2024
2335,Priya,39,Male,HR,32501.0,8.0,Mumbai,BCA,3,10,2018
2336,Rahul,48,Male,HR,57371.0,16.0,Pune,BCA,4,7,2022
2337,Rahul,39,Male,HR,60047.5,17.0,Lucknow,MCA,3,8,2016
2338,Sneha,39,Male,HR,26073.0,18.0,Lucknow,BCA,5,7,2019
2339,Amit,27,Male,HR,81005.0,12.0,Noida,MBA,2,10,2021
2340,Neha,27,Female,IT,96097.0,11.0,Delhi,B.Com,1,7,2020
2341,Rahul,39,Male,Finance,60047.5,12.0,Delhi,BCA,1,18,2020
2342,Rohit,23,Male,HR,60047.5,19.0,Delhi,MCA,3,18,2020
2343,Sneha,40,Female,HR,27313.0,19.0,Noida,MCA,5,16,2020
2344,Rohit,39,Female,Marketing,60047.5,7.0,Lucknow,MCA,4,7,2018
2345,Rahul,27,Female,Marketing,48003.0,23.0,Lucknow,MBA,5,2,2021
2347,Rahul,39,Male,Sales,60047.5,6.0,Mumbai,BCA,4,8,2022
2348,Rahul,32,Male,Marketing,60047.5,0.0,Mumbai,B.Tech,4,2,2019
2349,Rohit,22,Male,Finance,33582.0,9.0,Delhi,MCA,3,10,2019
2350,Rahul,28,Female,HR,33760.0,14.0,Mumbai,MBA,1,19,2018
2351,Rahul,33,Female,HR,91791.0,12.0,Delhi,BCA,1,10,2023
2352,Amit,39,Male,HR,60047.5,0.0,Lucknow,MBA,4,12,2026
2353,Neha,26,Male,Sales,60309.0,10.0,Lucknow,BCA,3,19,2024
2354,Rahul,39,Male,HR,49715.0,4.0,Noida,MCA,3,8,2018
2355,Neha,26,Male,Marketing,60047.5,12.0,Noida,B.Com,4,8,2017
2356,Priya,39,Male,Sales,71581.0,18.0,Pune,B.Com,3,10,2020
2357,Priya,53,Female,HR,23652.0,12.0,Lucknow,MBA,3,18,2020
2358,Rahul,41,Female,Finance,46297.0,1.0,Delhi,BCA,3,10,2020
2359,Rohit,43,Male,Sales,34028.0,6.0,Lucknow,MCA,3,10,2018
2360,Neha,56,Male,Finance,60047.5,12.0,Lucknow,B.Com,3,14,2020
2361,Rahul,39,Male,HR,60047.5,19.0,Delhi,MBA,3,15,2024
2362,Priya,39,Female,Sales,60047.5,20.0,Lucknow,MCA,1,14,2022
2363,Rahul,35,Female,Finance,78616.0,11.0,Lucknow,MBA,3,12,2018
2364,Amit,27,Male,IT,80483.0,1.0,Delhi,BCA,4,4,2024
2365,Rahul,44,Female,HR,51574.0,21.0,Lucknow,MCA,2,10,2017
2366,Neha,39,Male,HR,87071.0,8.0,Lucknow,MCA,5,12,2020
2367,Rohit,44,Female,HR,34932.0,12.0,Lucknow,MCA,3,7,2018
2368,Rohit,39,Male,Marketing,60047.5,7.0,Lucknow,MCA,2,10,2016
2369,Sneha,45,Male,Marketing,28727.0,23.0,Mumbai,BCA,1,10,2020
2370,Sneha,33,Female,HR,75406.0,17.0,Lucknow,B.Tech,2,10,2025
2371,Rahul,55,Male,Sales,60047.5,3.0,Delhi,MCA,3,1,2020
2372,Priya,39,Female,HR,60047.5,12.0,Lucknow,MCA,3,7,2020
2373,Rohit,25,Male,IT,60047.5,12.0,Noida,MBA,1,10,2017
2374,Rahul,24,Female,IT,60047.5,16.0,Noida,MBA,2,18,2020
2375,Amit,44,Female,IT,21403.0,7.0,Lucknow,BCA,4,10,2024
2376,Rahul,37,Male,HR,60047.5,12.0,Pune,MCA,2,8,2022
2377,Priya,39,Male,HR,74030.0,12.0,Mumbai,MCA,3,9,2020
2378,Sneha,33,Female,Sales,93042.0,5.0,Delhi,B.Com,3,15,2020
2379,Rahul,47,Male,IT,27591.0,22.0,Delhi,MCA,1,8,2022
2380,Rahul,37,Female,HR,32996.0,1.0,Delhi,MCA,1,10,2020
2381,Priya,39,Male,IT,72485.0,14.0,Lucknow,B.Com,2,3,2015
2382,Sneha,46,Male,HR,60047.5,0.0,Noida,MBA,3,19,2023
2383,Amit,39,Male,Finance,60047.5,5.0,Lucknow,MCA,3,9,2020
2384,Sneha,28,Female,Finance,77572.0,18.0,Lucknow,MCA,3,19,2023
2385,Rahul,59,Female,Finance,60047.5,3.0,Lucknow,BCA,4,10,2023
2386,Priya,39,Male,Finance,49098.0,12.0,Pune,MBA,1,14,2026
2387,Amit,39,Female,Marketing,81561.0,12.0,Lucknow,BCA,5,1,2020
2388,Rahul,47,Male,IT,22196.0,12.0,Lucknow,B.Com,2,3,2020
2389,Sneha,52,Female,Finance,31091.0,12.0,Lucknow,MCA,1,2,2018
2390,Rahul,39,Male,Marketing,85254.0,1.0,Noida,B.Tech,4,1,2022
2391,Rahul,53,Male,HR,69262.0,15.0,Lucknow,MCA,5,18,2020
2392,Rahul,39,Female,Marketing,60047.5,17.0,Delhi,MCA,3,10,2020
2393,Rahul,45,Male,Sales,40543.0,17.0,Delhi,MCA,2,10,2020
2394,Rahul,27,Male,Sales,60047.5,5.0,Delhi,B.Com,3,7,2021
2395,Sneha,25,Female,Marketing,62337.0,17.0,Delhi,MBA,3,10,2020
2396,Sneha,35,Male,Finance,60409.0,10.0,Noida,MBA,5,17,2016
2397,Amit,43,Male,IT,60047.5,6.0,Noida,B.Com,1,13,2026
2398,Rahul,58,Female,HR,29963.0,22.0,Noida,B.Tech,1,10,2024
2399,Neha,49,Male,HR,60047.5,12.0,Lucknow,MBA,1,10,2025
2400,Rahul,39,Male,HR,60972.0,13.0,Delhi,MCA,3,10,2020
2401,Rahul,24,Male,HR,92613.0,17.0,Pune,MCA,2,10,2018
2402,Rahul,44,Male,HR,98062.0,12.0,Pune,MCA,3,10,2023
2403,Rohit,39,Male,HR,23261.0,12.0,Delhi,B.Com,2,10,2019
2404,Rahul,37,Male,Finance,37046.0,12.0,Mumbai,MBA,3,10,2016
2405,Rohit,37,Male,HR,60047.5,23.0,Lucknow,MCA,3,10,2018
2406,Amit,21,Male,HR,60047.5,13.0,Pune,MBA,1,4,2020
2407,Sneha,29,Male,HR,45757.0,17.0,Noida,B.Com,4,3,2019
2408,Priya,31,Male,HR,60047.5,4.0,Mumbai,B.Tech,3,10,2025
2409,Rohit,32,Male,Finance,21902.0,12.0,Noida,MCA,3,13,2022
2410,Priya,30,Male,Marketing,62399.0,21.0,Mumbai,BCA,3,5,2015
2411,Rahul,39,Male,Finance,68330.0,24.0,Lucknow,MCA,3,10,2019
2412,Rahul,39,Male,IT,60047.5,12.0,Lucknow,B.Tech,3,10,2018
2413,Sneha,58,Male,HR,23846.0,12.0,Noida,BCA,3,10,2017
2414,Rahul,39,Male,Sales,60047.5,9.0,Noida,BCA,2,7,2021
2415,Rahul,33,Male,HR,69376.0,14.0,Pune,MCA,1,7,2024
2416,Rohit,43,Male,IT,88056.0,5.0,Delhi,MCA,5,4,2025
2417,Rahul,20,Female,Sales,60832.0,12.0,Lucknow,B.Com,2,10,2020
2418,Sneha,41,Female,Sales,60047.5,9.0,Pune,BCA,3,4,2020
2419,Priya,42,Female,HR,69962.0,22.0,Lucknow,MCA,1,7,2020
2420,Neha,38,Female,HR,55885.0,16.0,Pune,B.Tech,5,10,2020
2421,Rohit,37,Female,HR,60047.5,0.0,Pune,MCA,2,8,2020
2422,Priya,39,Male,HR,68372.0,12.0,Noida,B.Tech,2,10,2020
2423,Sneha,47,Male,Sales,39674.0,3.0,Pune,B.Com,3,10,2020
2424,Rohit,47,Male,HR,60047.5,1.0,Mumbai,MCA,4,2,2020
2425,Rahul,39,Male,HR,60047.5,2.0,Delhi,B.Tech,4,10,2020
2426,Rahul,38,Male,Marketing,60047.5,6.0,Lucknow,MBA,5,6,2019
2427,Sneha,47,Female,Finance,60047.5,12.0,Pune,B.Tech,2,10,2021
2428,Amit,39,Female,HR,60047.5,13.0,Lucknow,B.Tech,1,10,2019
2429,Priya,39,Male,Finance,60047.5,12.0,Lucknow,MCA,3,6,2022
2430,Neha,39,Male,Marketing,60047.5,12.0,Noida,MCA,2,10,2016
2431,Rahul,53,Male,HR,26421.0,17.0,Pune,BCA,4,12,2020
2432,Rahul,39,Female,Marketing,60047.5,14.0,Pune,MCA,4,15,2020
2433,Rahul,59,Male,HR,60047.5,0.0,Mumbai,MCA,5,3,2024
2434,Rahul,39,Male,Sales,60047.5,24.0,Delhi,MCA,4,16,2016
2435,Rohit,57,Female,HR,32202.0,2.0,Delhi,MBA,3,18,2020
2436,Rahul,32,Male,Sales,39290.0,24.0,Lucknow,MCA,3,15,2021
2437,Priya,42,Female,IT,38130.0,14.0,Delhi,MBA,4,6,2018
2438,Rohit,41,Female,HR,57077.0,3.0,Lucknow,MCA,5,10,2020
2439,Neha,35,Male,Sales,60047.5,14.0,Noida,MCA,3,10,2019
2440,Sneha,47,Female,Sales,80848.0,9.0,Lucknow,B.Tech,5,2,2018
2441,Priya,54,Female,HR,60047.5,12.0,Lucknow,MBA,3,10,2016
2442,Sneha,39,Male,Sales,84274.0,12.0,Delhi,B.Com,3,10,2020
2443,Rahul,41,Female,HR,60047.5,6.0,Pune,MBA,3,5,2019
2444,Neha,39,Male,HR,49381.0,12.0,Noida,MCA,1,4,2017
2445,Sneha,45,Female,Sales,60047.5,0.0,Mumbai,BCA,3,18,2020
2446,Amit,59,Male,HR,43267.0,12.0,Lucknow,B.Tech,1,8,2022
2447,Rahul,40,Male,HR,60047.5,10.0,Lucknow,MCA,3,9,2020
2448,Rahul,44,Female,Finance,27088.0,12.0,Lucknow,MCA,4,18,2024
2450,Rahul,25,Male,Finance,70216.0,4.0,Lucknow,MCA,3,16,2020
2451,Amit,42,Female,Finance,60047.5,18.0,Delhi,MCA,1,16,2020
2452,Priya,39,Female,HR,85262.0,18.0,Lucknow,B.Com,1,10,2025
2453,Rahul,39,Female,HR,77911.0,12.0,Pune,MBA,2,9,2024
2454,Rohit,39,Male,Sales,21436.0,6.0,Mumbai,B.Com,1,13,2026
2456,Amit,32,Male,IT,81888.0,12.0,Delhi,B.Com,1,11,2017
2457,Neha,37,Female,Sales,60047.5,12.0,Noida,MCA,3,9,2020
2458,Rahul,39,Female,Marketing,60047.5,12.0,Lucknow,B.Com,5,10,2024
2459,Amit,39,Male,HR,42766.0,22.0,Lucknow,MCA,1,10,2022
2460,Amit,52,Male,HR,41213.0,11.0,Pune,MCA,3,18,2022
2461,Sneha,40,Female,HR,82239.0,12.0,Noida,MCA,3,19,2018
2463,Sneha,42,Female,HR,60047.5,13.0,Pune,B.Com,2,18,2020
2464,Sneha,46,Female,HR,60047.5,5.0,Pune,B.Com,3,16,2020
2465,Rahul,39,Male,HR,52324.0,14.0,Pune,B.Tech,3,14,2017
2466,Rahul,43,Male,Sales,76764.0,12.0,Delhi,BCA,5,19,2022
2467,Priya,59,Male,HR,50858.0,6.0,Lucknow,MCA,2,15,2020
2468,Neha,39,Male,Finance,60047.5,10.0,Lucknow,MCA,3,4,2020
2469,Rahul,39,Male,HR,33018.0,9.0,Mumbai,MCA,2,12,2023
2470,Amit,39,Male,Sales,70790.0,0.0,Lucknow,B.Com,3,7,2023
2471,Amit,25,Male,HR,29850.0,12.0,Lucknow,MBA,3,11,2023
2472,Rahul,39,Female,HR,60047.5,12.0,Lucknow,MCA,4,10,2017
2473,Amit,28,Male,Finance,85510.0,12.0,Mumbai,MCA,5,3,2016
2474,Rahul,50,Male,HR,60047.5,12.0,Noida,MCA,1,10,2018
2475,Rahul,40,Male,IT,45832.0,12.0,Noida,MCA,3,2,2016
2476,Amit,45,Male,HR,44886.0,4.0,Lucknow,MCA,2,15,2022
2477,Rohit,59,Male,Sales,28418.0,22.0,Pune,BCA,3,10,2020
2478,Amit,32,Female,IT,27081.0,23.0,Mumbai,B.Tech,3,10,2020
2479,Priya,42,Male,Finance,60047.5,12.0,Lucknow,B.Tech,3,18,2020
2480,Rahul,39,Male,HR,38722.0,15.0,Lucknow,MCA,4,8,2020
2481,Priya,56,Male,HR,37985.0,15.0,Lucknow,B.Tech,2,8,2023
2482,Priya,47,Female,Sales,25888.0,11.0,Mumbai,MCA,3,10,2024
2483,Rohit,39,Male,Finance,60047.5,17.0,Pune,MCA,3,9,2020
2484,Rahul,47,Female,HR,39299.0,12.0,Lucknow,MCA,3,5,2019
2485,Rahul,21,Male,Finance,76050.0,12.0,Lucknow,MCA,5,10,2019
2486,Rahul,44,Female,HR,60047.5,12.0,Noida,B.Com,3,1,2020
2488,Rahul,30,Male,IT,46691.0,5.0,Pune,MCA,5,16,2026
2489,Rohit,39,Male,HR,37986.0,12.0,Mumbai,BCA,3,18,2020
2490,Amit,25,Female,Finance,47846.0,12.0,Pune,MCA,2,12,2024
2491,Priya,30,Female,Marketing,69665.0,18.0,Mumbai,MCA,3,15,2020
2492,Rahul,33,Male,HR,60047.5,12.0,Lucknow,MCA,1,18,2016
2493,Rahul,39,Male,Finance,93728.0,18.0,Delhi,B.Com,4,5,2020
2494,Amit,39,Female,Sales,70054.0,1.0,Lucknow,B.Tech,5,14,2026
2495,Priya,22,Female,HR,60047.5,2.0,Mumbai,BCA,3,10,2019
2496,Rohit,54,Female,IT,60047.5,13.0,Delhi,MCA,1,10,2018
2497,Rahul,52,Male,IT,60047.5,12.0,Delhi,B.Tech,2,10,2020
2498,Neha,43,Male,Marketing,86553.0,24.0,Lucknow,B.Com,5,11,2020
2499,Amit,38,Female,HR,60047.5,3.0,Delhi,B.Com,3,10,2023
2500,Sneha,37,Male,Sales,95948.0,12.0,Mumbai,MCA,4,4,2018
2501,Sneha,43,Male,Sales,27712.0,12.0,Mumbai,B.Com,3,1,2022
2502,Priya,54,Female,IT,35817.0,5.0,Lucknow,MCA,4,2,2015
2503,Rahul,20,Male,HR,73832.0,12.0,Lucknow,MCA,4,4,2019
2504,Amit,39,Female,IT,60047.5,8.0,Mumbai,MCA,3,5,2023
2505,Rohit,44,Male,HR,60047.5,3.0,Mumbai,MCA,5,2,2017
2507,Amit,44,Female,Marketing,57462.0,3.0,Lucknow,B.Com,3,18,2020
2508,Amit,35,Male,Sales,78676.0,12.0,Mumbai,MCA,1,10,2020
2509,Rahul,39,Female,Sales,60047.5,21.0,Lucknow,B.Com,4,3,2020
2510,Rahul,48,Male,Sales,60047.5,22.0,Pune,MBA,3,10,2020
2511,Rahul,39,Female,IT,52525.0,1.0,Delhi,B.Com,3,10,2025
2512,Priya,39,Female,HR,60047.5,9.0,Delhi,MBA,3,10,2020
2513,Rahul,38,Male,HR,60047.5,12.0,Pune,MCA,3,2,2020
2514,Rahul,44,Male,HR,60047.5,12.0,Lucknow,MBA,2,11,2021
2515,Neha,39,Female,HR,96433.0,14.0,Lucknow,B.Tech,5,18,2017
2516,Sneha,39,Male,Sales,46639.0,12.0,Lucknow,MCA,2,10,2020
2518,Rahul,38,Male,Sales,20420.0,1.0,Lucknow,B.Com,3,7,2019
2519,Rahul,52,Male,Sales,39198.0,19.0,Lucknow,BCA,1,10,2020
2520,Rohit,39,Male,Sales,55608.0,0.0,Lucknow,B.Com,3,19,2016
2521,Sneha,35,Female,HR,66205.0,14.0,Mumbai,MBA,1,13,2026
2522,Sneha,39,Male,HR,37875.0,6.0,Noida,MCA,5,10,2015
2523,Rahul,37,Female,Sales,90511.0,23.0,Pune,MBA,3,10,2022
2524,Priya,53,Male,Finance,41331.0,17.0,Lucknow,MCA,3,10,2015
2525,Rahul,44,Male,HR,36893.0,9.0,Noida,MCA,3,10,2020
2526,Neha,39,Female,HR,84913.0,14.0,Pune,MCA,1,2,2019
2527,Amit,40,Male,HR,38243.0,4.0,Lucknow,B.Tech,3,16,2020
2528,Priya,25,Male,HR,35535.0,23.0,Delhi,MBA,1,8,2023
2530,Rohit,58,Male,HR,90597.0,12.0,Pune,BCA,3,10,2023
2531,Priya,50,Male,Finance,87394.0,12.0,Noida,B.Com,3,10,2020
2532,Priya,29,Male,Marketing,45489.0,7.0,Delhi,MCA,4,6,2020
2533,Rahul,39,Female,HR,99214.0,5.0,Pune,BCA,2,1,2020
2534,Priya,37,Male,Marketing,60047.5,14.0,Pune,B.Com,5,2,2021
2535,Rohit,43,Female,HR,68005.0,14.0,Lucknow,BCA,3,7,2016
2536,Rahul,28,Male,HR,60047.5,4.0,Mumbai,MBA,3,10,2019
2537,Priya,50,Male,HR,60047.5,12.0,Mumbai,MCA,3,4,2016
2539,Rahul,23,Female,Finance,60047.5,12.0,Pune,B.Tech,4,19,2026
2540,Rahul,59,Male,Sales,65963.0,19.0,Noida,MCA,3,3,2017
2541,Amit,39,Female,Marketing,61983.0,12.0,Delhi,MCA,1,2,2026
2542,Priya,28,Male,Marketing,60047.5,11.0,Delhi,MCA,4,16,2025
2543,Amit,39,Male,HR,60047.5,19.0,Lucknow,MCA,4,10,2020
2544,Rahul,23,Male,HR,54133.0,0.0,Noida,MBA,4,12,2025
2545,Priya,36,Male,IT,60047.5,2.0,Pune,MCA,3,18,2019
2546,Rahul,35,Male,IT,41734.0,12.0,Pune,MBA,5,2,2020
2547,Neha,34,Female,HR,60047.5,22.0,Lucknow,MCA,2,14,2016
2548,Amit,54,Female,HR,40002.0,12.0,Delhi,MBA,3,10,2020
2549,Priya,24,Male,Finance,60047.5,14.0,Lucknow,B.Tech,1,10,2023
2550,Amit,24,Female,HR,50875.0,12.0,Delhi,B.Com,3,7,2020
2551,Priya,39,Male,Sales,45046.0,2.0,Mumbai,MBA,3,13,2018
2552,Rahul,34,Male,Marketing,43664.0,12.0,Lucknow,MCA,2,10,2020
2553,Rahul,37,Male,HR,44453.0,21.0,Pune,MBA,3,14,2020
2554,Amit,21,Male,Finance,60047.5,7.0,Lucknow,MBA,2,5,2020
2555,Rahul,48,Female,Finance,60047.5,23.0,Lucknow,BCA,5,8,2026
2556,Neha,39,Male,HR,83184.0,18.0,Pune,MBA,3,18,2025
2557,Rohit,23,Male,Finance,61835.0,19.0,Delhi,B.Tech,1,5,2019
2558,Priya,29,Male,Finance,29133.0,5.0,Pune,MCA,2,9,2020
2559,Amit,50,Male,Finance,60533.0,17.0,Pune,BCA,3,10,2026
2560,Rohit,27,Female,Finance,25404.0,10.0,Lucknow,MBA,3,17,2020
2561,Amit,22,Male,Sales,53339.0,11.0,Lucknow,MCA,1,3,2024
2562,Priya,28,Male,Sales,48725.0,12.0,Lucknow,B.Tech,2,1,2025
2563,Rahul,39,Female,HR,94332.0,1.0,Pune,B.Tech,3,7,2016
2564,Rahul,30,Female,Finance,65380.0,4.0,Lucknow,B.Tech,3,15,2020
2567,Sneha,39,Male,HR,61341.0,12.0,Lucknow,MCA,2,10,2026
2568,Rahul,55,Female,HR,21236.0,12.0,Lucknow,MBA,3,10,2015
2569,Rohit,32,Female,IT,60047.5,12.0,Lucknow,MCA,4,2,2020
2570,Priya,39,Male,Finance,34538.0,1.0,Delhi,MBA,1,11,2020
2572,Rohit,39,Female,IT,60047.5,12.0,Lucknow,MCA,3,10,2023
2573,Rahul,28,Female,IT,97022.0,6.0,Lucknow,MCA,3,10,2020
2574,Neha,39,Male,HR,80784.0,22.0,Lucknow,BCA,3,3,2020
2575,Sneha,39,Female,Marketing,60047.5,16.0,Mumbai,MBA,5,9,2023
2576,Priya,42,Male,Marketing,57410.0,12.0,Pune,MCA,4,2,2025
2577,Rahul,58,Male,IT,71302.0,12.0,Lucknow,MCA,1,19,2020
2578,Rahul,39,Male,Marketing,41703.0,14.0,Pune,MBA,3,17,2018
2579,Priya,39,Male,HR,64191.0,14.0,Delhi,MCA,3,12,2018
2581,Amit,39,Male,HR,31399.0,1.0,Lucknow,MCA,1,10,2026
2582,Rohit,39,Female,HR,60047.5,15.0,Lucknow,B.Tech,3,18,2015
2583,Rohit,33,Male,IT,60047.5,4.0,Pune,MBA,3,16,2019
2584,Rahul,45,Male,HR,32018.0,22.0,Pune,MCA,4,10,2020
2585,Amit,24,Male,HR,50825.0,5.0,Mumbai,B.Com,5,12,2018
2587,Sneha,44,Male,IT,78956.0,12.0,Lucknow,MCA,4,5,2017
2588,Neha,50,Female,Finance,70229.0,12.0,Lucknow,MCA,2,10,2025
2589,Rohit,39,Female,HR,60047.5,7.0,Lucknow,BCA,3,16,2023
2590,Sneha,36,Male,Marketing,79615.0,10.0,Delhi,B.Tech,5,15,2021
2591,Rahul,21,Female,HR,60047.5,12.0,Lucknow,B.Com,3,6,2022
2592,Rahul,44,Male,HR,77290.0,23.0,Mumbai,BCA,4,10,2020
2593,Rahul,39,Female,IT,60047.5,16.0,Pune,BCA,1,16,2023
2594,Rohit,39,Male,HR,38913.0,12.0,Mumbai,MBA,4,10,2020
2595,Rahul,47,Female,Marketing,60047.5,12.0,Mumbai,B.Com,5,18,2018
2596,Rahul,25,Male,HR,67342.0,2.0,Mumbai,MCA,4,1,2016
2597,Neha,39,Male,HR,72184.0,12.0,Delhi,MCA,3,17,2022
2598,Rahul,54,Male,HR,60047.5,16.0,Noida,MCA,5,6,2016
2599,Priya,39,Male,HR,44967.0,2.0,Lucknow,MCA,5,9,2022
2601,Rahul,39,Female,HR,74288.0,7.0,Lucknow,MCA,2,7,2020
2602,Neha,24,Female,Sales,46622.0,3.0,Noida,B.Tech,1,11,2025
2603,Rahul,39,Male,HR,65201.0,12.0,Delhi,MCA,3,3,2020
2604,Rahul,41,Male,HR,95033.0,6.0,Noida,MCA,3,16,2026
2605,Rahul,39,Male,HR,60047.5,6.0,Lucknow,B.Tech,3,10,2023
2606,Rahul,39,Female,Finance,60047.5,12.0,Delhi,MCA,3,10,2018
2607,Rahul,43,Male,HR,68709.0,12.0,Noida,MBA,3,10,2015
2608,Rohit,23,Female,HR,47470.0,16.0,Lucknow,MBA,3,7,2023
2609,Sneha,34,Male,Sales,50889.0,9.0,Delhi,B.Tech,2,10,2024
2610,Rahul,39,Male,HR,30224.0,3.0,Delhi,MBA,4,16,2022
2611,Priya,39,Male,Marketing,25465.0,22.0,Lucknow,MCA,4,18,2015
2612,Neha,33,Male,Sales,75214.0,12.0,Noida,MBA,3,10,2024
2613,Priya,39,Male,Finance,22944.0,12.0,Pune,B.Tech,3,1,2020
2614,Sneha,57,Female,HR,60047.5,12.0,Delhi,MCA,3,8,2020
2615,Rohit,55,Male,HR,60047.5,13.0,Lucknow,B.Com,2,3,2026
2616,Rahul,26,Male,IT,85206.0,23.0,Lucknow,B.Tech,3,16,2026
2617,Rahul,49,Female,Marketing,64764.0,17.0,Mumbai,MCA,3,3,2018
2618,Rohit,38,Male,Finance,65420.0,12.0,Lucknow,MCA,5,10,2020
2619,Sneha,39,Male,Marketing,60047.5,10.0,Pune,MCA,3,12,2020
2620,Rahul,35,Female,Sales,60047.5,12.0,Noida,MCA,3,8,2017
2621,Rahul,59,Female,HR,60047.5,17.0,Mumbai,MCA,1,19,2026
2622,Rahul,39,Male,HR,24033.0,12.0,Noida,BCA,3,18,2026
2624,Neha,47,Male,IT,40497.0,3.0,Pune,MBA,5,17,2019
2625,Rahul,35,Male,Marketing,99714.0,0.0,Noida,MBA,1,18,2020
2626,Priya,39,Female,IT,92082.0,12.0,Lucknow,MCA,5,18,2016
2627,Rahul,36,Female,HR,93932.0,12.0,Pune,MCA,4,9,2022
2628,Rohit,32,Female,Marketing,40978.0,12.0,Lucknow,MCA,2,10,2017
2629,Rohit,26,Female,Sales,32882.0,9.0,Lucknow,MCA,3,10,2020
2630,Amit,46,Female,Sales,36945.0,12.0,Lucknow,B.Tech,3,10,2022
2631,Rahul,39,Female,HR,76485.0,3.0,Delhi,MCA,4,10,2020
2632,Sneha,39,Male,Marketing,88850.0,19.0,Pune,MBA,5,4,2020
2633,Sneha,55,Female,Sales,79870.0,12.0,Lucknow,B.Com,5,3,2020
2634,Amit,44,Female,Finance,60047.5,2.0,Lucknow,BCA,3,16,2020
2635,Sneha,39,Female,Finance,84038.0,24.0,Lucknow,MCA,2,11,2015
2636,Rohit,43,Male,IT,76126.0,3.0,Mumbai,B.Tech,2,9,2020
2637,Priya,37,Female,Sales,55449.0,12.0,Lucknow,B.Tech,2,10,2021
2638,Rahul,42,Female,Marketing,38639.0,12.0,Lucknow,MCA,3,10,2021
2639,Neha,25,Male,HR,60047.5,15.0,Pune,B.Com,3,10,2020
2640,Rahul,48,Male,Sales,60047.5,12.0,Mumbai,MCA,3,10,2026
2641,Amit,39,Male,HR,91918.0,5.0,Lucknow,MCA,3,10,2022
2642,Neha,36,Male,Finance,62710.0,7.0,Lucknow,BCA,5,16,2019
2643,Rohit,43,Male,HR,60047.5,12.0,Noida,MCA,3,10,2020
2644,Sneha,30,Female,HR,80639.0,22.0,Pune,MCA,2,13,2018
2645,Rohit,45,Male,IT,60047.5,19.0,Lucknow,BCA,3,18,2019
2646,Rahul,53,Female,Sales,60047.5,3.0,Mumbai,MCA,3,19,2025
2647,Rohit,47,Male,HR,86988.0,4.0,Delhi,MCA,4,11,2016
2648,Sneha,22,Male,IT,38706.0,9.0,Lucknow,B.Tech,3,14,2020
2649,Priya,30,Male,HR,29862.0,4.0,Lucknow,MCA,2,3,2024
2650,Rahul,57,Female,Sales,30219.0,11.0,Delhi,MBA,4,9,2022
2651,Priya,33,Male,Marketing,54536.0,0.0,Noida,MCA,3,5,2021
2652,Rahul,45,Male,HR,91632.0,12.0,Lucknow,MCA,2,14,2020
2653,Priya,40,Female,IT,60047.5,12.0,Mumbai,BCA,3,7,2022
2654,Rahul,39,Male,Finance,82886.0,12.0,Pune,B.Com,2,10,2020
2655,Rahul,49,Female,Marketing,99996.0,12.0,Pune,B.Com,5,18,2021
2656,Priya,39,Male,Finance,53937.0,18.0,Lucknow,MCA,2,11,2025
2657,Amit,39,Male,IT,60047.5,12.0,Lucknow,BCA,4,9,2021
2658,Sneha,51,Male,Marketing,47924.0,11.0,Lucknow,B.Tech,3,10,2016
2659,Rahul,41,Male,Marketing,60047.5,22.0,Lucknow,BCA,1,18,2020
2660,Rohit,39,Female,HR,73149.0,15.0,Lucknow,MCA,3,2,2015
2661,Sneha,28,Male,HR,91445.0,4.0,Pune,MCA,5,13,2016
2662,Rahul,20,Female,Finance,51854.0,12.0,Delhi,MBA,3,15,2020
2663,Rahul,39,Male,HR,80796.0,12.0,Mumbai,BCA,2,10,2020
2664,Amit,27,Male,Marketing,89432.0,12.0,Noida,MCA,2,10,2016
2665,Rahul,39,Female,HR,78968.0,12.0,Noida,BCA,4,10,2020
2666,Rahul,39,Female,Sales,60047.5,20.0,Noida,B.Com,3,7,2022
2667,Rahul,22,Female,Marketing,37111.0,13.0,Pune,BCA,1,12,2023
2668,Rahul,59,Male,Sales,92575.0,4.0,Lucknow,MCA,3,12,2021
2669,Amit,26,Male,Marketing,44099.0,21.0,Lucknow,BCA,3,9,2020
2670,Priya,46,Female,IT,60047.5,22.0,Lucknow,MCA,2,4,2015
2671,Amit,39,Female,IT,60047.5,4.0,Mumbai,MCA,3,8,2018
2672,Rahul,46,Female,Finance,60047.5,17.0,Noida,BCA,2,19,2020
2673,Priya,39,Female,HR,51811.0,13.0,Lucknow,B.Tech,2,10,2025
2674,Rahul,39,Female,IT,35793.0,17.0,Noida,MBA,1,11,2020
2675,Rahul,26,Male,HR,68106.0,12.0,Delhi,MCA,3,13,2020
2676,Rahul,42,Female,Sales,20972.0,0.0,Lucknow,BCA,2,18,2017
2677,Amit,30,Male,HR,20360.0,12.0,Pune,B.Tech,2,10,2016
2678,Rahul,39,Female,HR,60047.5,12.0,Lucknow,B.Com,5,13,2025
2679,Rohit,55,Male,HR,60047.5,2.0,Mumbai,B.Tech,2,12,2024
2680,Rahul,56,Female,Marketing,38008.0,9.0,Noida,BCA,3,10,2017
2681,Rahul,39,Male,HR,97656.0,6.0,Mumbai,MBA,2,10,2025
2682,Rahul,39,Male,HR,50283.0,11.0,Lucknow,MCA,2,3,2019
2683,Neha,24,Male,HR,60047.5,21.0,Lucknow,B.Com,4,17,2020
2684,Sneha,51,Male,HR,27818.0,14.0,Lucknow,B.Tech,2,10,2020
2685,Rohit,39,Female,HR,60047.5,22.0,Lucknow,MCA,3,12,2015
2686,Priya,39,Male,Finance,60047.5,20.0,Lucknow,BCA,4,16,2015
2687,Amit,33,Male,IT,60047.5,12.0,Delhi,MCA,3,10,2026
2688,Rahul,50,Female,Marketing,77584.0,12.0,Delhi,B.Com,3,15,2020
2689,Amit,39,Male,HR,85020.0,5.0,Noida,MCA,3,8,2023
2690,Rahul,36,Female,HR,20975.0,3.0,Delhi,B.Tech,2,10,2020
2691,Neha,43,Male,IT,83479.0,10.0,Noida,B.Tech,3,10,2023
2692,Rohit,39,Male,Finance,36265.0,16.0,Lucknow,MCA,2,12,2020
2693,Rahul,37,Male,Sales,60047.5,1.0,Pune,MCA,3,10,2018
2694,Amit,39,Male,IT,60047.5,5.0,Mumbai,MCA,1,14,2020
2695,Rahul,34,Male,Marketing,55081.0,3.0,Mumbai,B.Tech,1,12,2024
2697,Rahul,25,Male,Sales,63069.0,6.0,Mumbai,B.Com,3,10,2017
2698,Rahul,46,Male,Finance,60047.5,6.0,Lucknow,B.Com,3,1,2024
2700,Rahul,55,Male,Sales,32427.0,1.0,Pune,BCA,3,10,2020
2701,Rahul,39,Female,Marketing,60251.0,12.0,Pune,B.Com,1,10,2025
2702,Amit,34,Male,Sales,45165.0,14.0,Mumbai,MBA,1,10,2020
2703,Amit,39,Male,HR,87285.0,15.0,Pune,MCA,3,10,2015
2704,Rahul,32,Male,HR,84927.0,0.0,Noida,B.Com,4,10,2025
2705,Neha,39,Female,HR,93170.0,9.0,Pune,BCA,4,10,2017
2706,Rahul,43,Male,Finance,96150.0,12.0,Mumbai,MBA,1,10,2020
2707,Amit,39,Male,IT,44866.0,12.0,Lucknow,BCA,1,6,2019
2708,Rohit,39,Female,Finance,30282.0,9.0,Delhi,MCA,3,10,2020
2709,Priya,51,Male,Finance,40319.0,11.0,Lucknow,MCA,3,17,2018
2710,Priya,39,Male,Sales,56726.0,12.0,Lucknow,BCA,3,12,2020
2711,Sneha,32,Male,HR,60047.5,12.0,Delhi,B.Tech,3,7,2023
2712,Rohit,39,Male,IT,60047.5,11.0,Pune,MCA,3,5,2020
2713,Neha,39,Female,Marketing,44583.0,14.0,Lucknow,B.Tech,3,10,2020
2714,Rohit,34,Female,Sales,60047.5,13.0,Delhi,MBA,5,6,2025
2715,Rahul,39,Male,HR,26185.0,18.0,Lucknow,B.Tech,4,8,2023
2716,Rohit,39,Female,IT,76389.0,18.0,Delhi,MCA,3,3,2022
2717,Rahul,39,Male,HR,37423.0,13.0,Lucknow,B.Com,3,8,2024
2718,Rahul,39,Female,HR,60047.5,17.0,Noida,MBA,5,7,2020
2719,Priya,39,Female,HR,61644.0,4.0,Pune,B.Tech,3,17,2021
2720,Rohit,39,Female,HR,60047.5,19.0,Mumbai,B.Tech,3,19,2023
2721,Sneha,39,Male,Finance,95525.0,5.0,Pune,MBA,4,14,2020
2722,Rahul,44,Male,HR,60047.5,17.0,Mumbai,B.Tech,5,6,2024
2723,Amit,39,Female,Sales,23571.0,12.0,Mumbai,MBA,3,7,2015
2724,Priya,33,Male,HR,39576.0,3.0,Lucknow,MCA,3,5,2024
2725,Rahul,27,Male,HR,82703.0,22.0,Lucknow,MCA,2,10,2020
2726,Priya,39,Male,Sales,29680.0,0.0,Noida,MBA,3,7,2019
2727,Amit,39,Female,IT,45706.0,12.0,Delhi,BCA,3,9,2020
2728,Rahul,39,Male,HR,99854.0,10.0,Pune,MCA,4,12,2022
2729,Rahul,56,Female,HR,84527.0,2.0,Lucknow,BCA,3,10,2022
2730,Rahul,33,Female,HR,90565.0,12.0,Pune,BCA,3,10,2020
2731,Sneha,44,Female,Sales,68436.0,12.0,Lucknow,MCA,5,16,2018
2732,Rahul,49,Male,HR,22774.0,12.0,Delhi,B.Tech,3,10,2021
2733,Neha,39,Female,HR,36972.0,9.0,Lucknow,BCA,1,5,2021
2734,Rahul,39,Male,HR,34048.0,15.0,Delhi,B.Com,3,10,2023
2735,Amit,40,Male,HR,96680.0,12.0,Lucknow,BCA,4,4,2023
2736,Amit,41,Female,Finance,77602.0,12.0,Delhi,MCA,2,10,2020
2737,Rahul,54,Male,HR,60047.5,19.0,Noida,MCA,3,10,2025
2738,Rohit,39,Female,Marketing,60047.5,12.0,Lucknow,MCA,3,13,2022
2740,Rohit,36,Male,HR,97373.0,7.0,Noida,BCA,3,12,2019
2741,Rahul,35,Male,Finance,67059.0,11.0,Lucknow,BCA,3,2,2020
2742,Rohit,21,Female,Marketing,28787.0,18.0,Pune,MCA,3,6,2020
2743,Priya,23,Male,HR,20393.0,12.0,Mumbai,MCA,3,5,2024
2744,Neha,40,Male,Marketing,60047.5,15.0,Delhi,B.Com,4,18,2024
2746,Sneha,39,Male,HR,32056.0,12.0,Pune,MCA,3,10,2018
2747,Neha,49,Male,Finance,81483.0,17.0,Mumbai,MCA,2,16,2023
2748,Rohit,25,Male,HR,60047.5,21.0,Pune,MCA,3,17,2019
2749,Amit,36,Male,Marketing,48429.0,12.0,Mumbai,MCA,3,2,2020
2750,Rohit,58,Male,Marketing,65909.0,15.0,Lucknow,MCA,1,10,2025
2751,Priya,44,Male,IT,72906.0,12.0,Lucknow,MCA,1,10,2024
2752,Rahul,24,Female,HR,64389.0,19.0,Lucknow,B.Com,2,3,2020
2753,Amit,39,Male,Marketing,40905.0,12.0,Lucknow,BCA,3,10,2023
2754,Priya,39,Male,HR,60047.5,21.0,Lucknow,MBA,1,19,2022
2755,Priya,35,Female,IT,60047.5,19.0,Noida,MCA,1,12,2017
2756,Rahul,56,Male,Marketing,60047.5,13.0,Lucknow,MCA,4,1,2023
2757,Rohit,39,Male,Finance,67301.0,1.0,Pune,B.Tech,3,10,2015
2758,Rahul,28,Female,Marketing,60047.5,12.0,Delhi,MCA,1,7,2018
2759,Priya,24,Female,HR,94801.0,12.0,Lucknow,B.Com,2,10,2019
2760,Neha,21,Male,HR,24574.0,5.0,Lucknow,MBA,3,10,2018
2761,Priya,39,Female,HR,60047.5,11.0,Lucknow,MCA,3,10,2018
2762,Sneha,39,Male,HR,44737.0,12.0,Noida,B.Tech,2,4,2023
2763,Rohit,41,Female,HR,60047.5,3.0,Lucknow,B.Tech,5,5,2019
2764,Rahul,41,Female,Marketing,60047.5,12.0,Noida,MCA,2,10,2015
2765,Neha,39,Female,Sales,91082.0,12.0,Lucknow,MCA,4,10,2021
2766,Priya,53,Female,IT,73642.0,10.0,Lucknow,MBA,4,13,2020
2767,Rahul,48,Male,HR,41280.0,12.0,Lucknow,MBA,4,4,2020
2768,Sneha,57,Female,HR,41037.0,18.0,Pune,MCA,5,11,2018
2769,Amit,52,Female,HR,60047.5,1.0,Noida,MBA,1,10,2020
2770,Rahul,37,Male,Sales,48564.0,12.0,Pune,MCA,3,14,2020
2771,Rahul,39,Male,IT,48087.0,17.0,Lucknow,B.Tech,2,10,2024
2772,Rahul,39,Male,Marketing,96213.0,12.0,Lucknow,B.Tech,1,10,2021
2773,Priya,52,Female,HR,32803.0,9.0,Noida,BCA,3,1,2018
2774,Neha,20,Male,HR,66002.0,5.0,Lucknow,MCA,3,11,2026
2775,Rohit,43,Male,HR,86761.0,23.0,Pune,MBA,1,6,2023
2776,Amit,39,Male,HR,60047.5,12.0,Lucknow,MBA,5,10,2015
2777,Sneha,23,Male,HR,60047.5,3.0,Lucknow,MCA,3,13,2015
2778,Amit,37,Male,Marketing,60047.5,18.0,Pune,MCA,4,10,2017
2779,Sneha,46,Male,HR,88380.0,13.0,Pune,BCA,2,10,2023
2780,Priya,51,Female,Marketing,92883.0,13.0,Pune,B.Tech,3,4,2019
2781,Rahul,39,Male,HR,71885.0,17.0,Lucknow,B.Com,3,4,2015
2782,Priya,39,Female,HR,60047.5,16.0,Lucknow,B.Com,2,7,2026
2783,Neha,55,Male,HR,82126.0,12.0,Noida,MBA,1,10,2019
2784,Neha,25,Male,IT,87224.0,17.0,Noida,B.Com,3,10,2020
2785,Sneha,35,Male,Marketing,67055.0,4.0,Lucknow,B.Com,2,9,2018
2786,Rohit,53,Male,Sales,71599.0,12.0,Lucknow,BCA,3,19,2020
2787,Rohit,39,Male,Marketing,98040.0,0.0,Delhi,MCA,2,15,2020
2788,Rahul,43,Male,Sales,59720.0,12.0,Mumbai,MCA,3,9,2017
2789,Rahul,32,Male,Sales,64484.0,6.0,Pune,MCA,2,10,2020
2790,Rahul,39,Male,HR,60047.5,10.0,Pune,MCA,3,10,2020
2791,Neha,32,Female,Sales,33219.0,13.0,Lucknow,BCA,2,16,2021
2792,Priya,56,Female,HR,68865.0,9.0,Lucknow,BCA,4,5,2024
2793,Neha,58,Male,Sales,60047.5,18.0,Mumbai,MCA,5,9,2016
2794,Amit,39,Female,HR,60047.5,7.0,Noida,MCA,1,1,2020
2795,Rahul,34,Male,Marketing,88993.0,2.0,Mumbai,BCA,4,19,2020
2796,Neha,37,Male,HR,60047.5,7.0,Lucknow,B.Com,5,10,2020
2797,Sneha,39,Male,HR,70400.0,12.0,Pune,MBA,3,3,2026
2798,Rahul,49,Male,Sales,56258.0,4.0,Delhi,MCA,3,4,2017
2799,Priya,39,Female,Finance,60047.5,19.0,Lucknow,BCA,3,12,2022
2800,Sneha,23,Male,Sales,38281.0,10.0,Pune,MBA,3,10,2015
2801,Rahul,22,Female,HR,97264.0,12.0,Mumbai,B.Com,3,10,2018
2802,Rahul,26,Male,Marketing,60047.5,12.0,Mumbai,BCA,5,15,2017
2803,Priya,39,Female,Sales,60047.5,12.0,Mumbai,B.Com,1,5,2018
2804,Amit,39,Male,HR,58723.0,4.0,Lucknow,B.Com,2,10,2025
2805,Priya,59,Male,Marketing,30162.0,15.0,Lucknow,B.Com,3,12,2023
2806,Priya,25,Male,HR,60047.5,24.0,Lucknow,MCA,2,19,2020
2807,Sneha,41,Male,IT,31338.0,12.0,Lucknow,MBA,1,5,2020
2808,Rohit,39,Female,Sales,31675.0,5.0,Delhi,MBA,1,3,2022
2809,Neha,39,Male,HR,40080.0,15.0,Noida,B.Tech,5,6,2025
2810,Neha,48,Male,HR,33936.0,17.0,Lucknow,BCA,3,13,2020
2811,Amit,40,Male,IT,30019.0,16.0,Lucknow,B.Com,3,15,2022
2812,Amit,39,Female,Marketing,87282.0,11.0,Noida,MCA,1,4,2020
2813,Rahul,39,Male,IT,69681.0,0.0,Lucknow,MBA,4,7,2026
2814,Rohit,39,Male,IT,93861.0,12.0,Lucknow,MBA,3,18,2022
2815,Neha,39,Male,HR,24486.0,13.0,Lucknow,MCA,3,7,2024
2816,Rohit,39,Male,IT,99864.0,12.0,Lucknow,MCA,3,10,2020
2817,Amit,39,Male,HR,60047.5,12.0,Mumbai,B.Com,5,10,2020
2818,Rahul,43,Female,HR,71697.0,12.0,Mumbai,B.Com,4,12,2020
2819,Sneha,39,Female,IT,60047.5,19.0,Lucknow,B.Tech,4,10,2017
2820,Amit,57,Male,Sales,46576.0,9.0,Delhi,MCA,2,8,2019
2821,Amit,27,Male,HR,60047.5,14.0,Mumbai,BCA,3,11,2016
2822,Priya,20,Female,HR,41320.0,12.0,Lucknow,MCA,1,10,2025
2823,Priya,43,Male,Finance,85729.0,3.0,Lucknow,B.Com,3,10,2020
2824,Priya,26,Male,Finance,49144.0,12.0,Mumbai,MCA,5,8,2022
2825,Sneha,38,Male,HR,77326.0,20.0,Lucknow,B.Com,1,6,2019
2826,Priya,41,Male,HR,60047.5,12.0,Lucknow,B.Com,3,10,2021
2827,Rohit,54,Female,Marketing,60047.5,14.0,Lucknow,B.Com,2,10,2022
2828,Neha,39,Female,HR,60047.5,16.0,Lucknow,MCA,5,17,2025
2829,Rahul,48,Female,HR,60047.5,22.0,Noida,B.Com,3,3,2018
2830,Amit,41,Male,Finance,40249.0,10.0,Pune,MCA,2,18,2016
2831,Rohit,39,Female,Sales,93765.0,17.0,Delhi,MCA,4,10,2019
2832,Rahul,39,Male,Marketing,60047.5,15.0,Mumbai,B.Tech,3,16,2021
2833,Rahul,48,Male,Marketing,60047.5,14.0,Noida,MCA,1,10,2020
2834,Rohit,39,Male,Sales,60047.5,10.0,Lucknow,MBA,3,19,2018
2835,Amit,20,Male,Finance,60047.5,12.0,Pune,B.Tech,3,9,2018
2836,Neha,50,Male,Sales,60047.5,17.0,Lucknow,MCA,3,14,2020
2837,Priya,49,Female,HR,60047.5,12.0,Delhi,BCA,3,14,2023
2838,Sneha,39,Female,HR,42593.0,8.0,Pune,MCA,5,4,2020
2839,Neha,36,Male,Sales,80334.0,12.0,Lucknow,B.Com,4,15,2025
2840,Sneha,57,Female,Finance,60047.5,10.0,Lucknow,MCA,1,2,2020
2841,Amit,39,Female,Marketing,62636.0,16.0,Lucknow,BCA,3,18,2020
2842,Amit,42,Female,HR,89225.0,12.0,Noida,MBA,3,2,2020
2843,Amit,39,Female,HR,60363.0,10.0,Lucknow,BCA,3,18,2022
2844,Rahul,34,Male,Finance,75959.0,6.0,Delhi,B.Tech,2,8,2021
2845,Sneha,41,Male,HR,60047.5,7.0,Pune,MCA,4,10,2020
2846,Neha,22,Female,HR,36491.0,12.0,Lucknow,MBA,1,4,2020
2847,Neha,38,Female,Finance,60047.5,24.0,Pune,BCA,3,10,2025
2848,Rohit,53,Female,Sales,59062.0,12.0,Delhi,BCA,2,10,2025
2849,Rohit,54,Male,Marketing,60047.5,3.0,Noida,MCA,5,3,2018
2850,Rahul,20,Female,Marketing,35213.0,18.0,Lucknow,B.Tech,4,4,2015
2851,Amit,39,Female,HR,99766.0,23.0,Mumbai,B.Tech,2,10,2015
2852,Neha,39,Male,HR,37187.0,8.0,Lucknow,BCA,3,7,2017
2853,Sneha,25,Male,Sales,30040.0,16.0,Lucknow,B.Com,3,12,2017
2854,Rahul,39,Male,HR,86302.0,12.0,Mumbai,MBA,2,7,2024
2855,Rahul,39,Female,Marketing,49949.0,12.0,Lucknow,MCA,3,13,2015
2856,Rohit,39,Male,HR,23527.0,13.0,Noida,B.Tech,2,8,2022
2857,Amit,46,Male,IT,96557.0,3.0,Delhi,MCA,3,10,2018
2858,Amit,40,Male,IT,97294.0,12.0,Pune,MCA,5,1,2026
2859,Rahul,35,Male,IT,38757.0,22.0,Pune,MCA,3,10,2020
2860,Priya,59,Female,IT,45412.0,12.0,Lucknow,B.Tech,5,19,2020
2861,Neha,45,Female,HR,34312.0,6.0,Lucknow,MCA,3,19,2020
2862,Sneha,35,Male,HR,42119.0,11.0,Delhi,BCA,4,13,2023
2863,Priya,39,Female,HR,60047.5,21.0,Lucknow,BCA,5,7,2026
2864,Rohit,20,Male,HR,73986.0,15.0,Delhi,MCA,2,15,2022
2865,Amit,39,Male,HR,66545.0,12.0,Lucknow,B.Com,3,6,2015
2866,Rahul,29,Male,Sales,60047.5,10.0,Lucknow,MCA,3,4,2020
2867,Rahul,39,Female,HR,60047.5,3.0,Mumbai,MCA,1,10,2024
2868,Neha,42,Male,IT,60047.5,12.0,Lucknow,B.Tech,2,19,2024
2869,Priya,39,Female,HR,89519.0,7.0,Lucknow,BCA,2,2,2016
2870,Neha,39,Female,IT,60047.5,12.0,Delhi,BCA,3,10,2020
2871,Rahul,34,Male,HR,21504.0,10.0,Mumbai,MCA,3,15,2020
2872,Neha,39,Male,HR,87986.0,10.0,Mumbai,MCA,4,18,2020
2873,Sneha,23,Female,Marketing,96772.0,16.0,Pune,B.Com,3,10,2020
2874,Rahul,39,Female,HR,28002.0,21.0,Noida,MCA,4,3,2024
2875,Rahul,39,Male,Sales,95427.0,13.0,Pune,B.Tech,2,17,2020
2876,Rohit,35,Male,IT,60047.5,1.0,Pune,MBA,3,14,2016
2877,Rohit,26,Female,HR,60047.5,12.0,Lucknow,MCA,1,6,2016
2878,Amit,39,Male,Sales,30472.0,20.0,Lucknow,MBA,4,10,2020
2879,Sneha,38,Male,IT,52632.0,12.0,Lucknow,B.Tech,3,8,2020
2880,Rahul,21,Female,Finance,53743.0,21.0,Lucknow,MCA,2,3,2023
2882,Rahul,39,Female,Sales,63386.0,20.0,Lucknow,B.Com,2,10,2026
2883,Rohit,56,Female,IT,60047.5,12.0,Lucknow,MCA,4,10,2019
2884,Neha,31,Male,HR,41323.0,4.0,Noida,MCA,2,15,2017
2885,Rahul,39,Female,HR,60047.5,12.0,Pune,B.Com,3,7,2020
2886,Rahul,41,Male,HR,60047.5,12.0,Noida,MCA,2,3,2026
2887,Rahul,39,Female,HR,87759.0,7.0,Lucknow,MCA,4,19,2022
2888,Amit,39,Male,Marketing,36868.0,18.0,Mumbai,MBA,3,10,2022
2889,Neha,39,Female,IT,60047.5,12.0,Lucknow,B.Com,3,16,2020
2890,Sneha,25,Male,IT,60047.5,22.0,Noida,BCA,3,14,2020
2891,Rahul,38,Female,HR,86231.0,18.0,Mumbai,MCA,3,10,2020
2892,Sneha,37,Male,HR,75452.0,13.0,Lucknow,B.Tech,3,10,2020
2893,Sneha,39,Female,Sales,73812.0,9.0,Lucknow,B.Com,5,19,2015
2894,Rahul,39,Female,Sales,60047.5,12.0,Lucknow,BCA,3,10,2022
2895,Sneha,39,Male,Sales,97585.0,21.0,Lucknow,B.Tech,3,5,2015
2896,Neha,42,Male,IT,78542.0,4.0,Pune,MCA,3,11,2022
2897,Neha,39,Male,Sales,35628.0,6.0,Mumbai,BCA,3,7,2026
2898,Neha,39,Male,HR,60047.5,9.0,Pune,MBA,3,8,2023
2899,Rahul,39,Male,Marketing,44671.0,10.0,Lucknow,MCA,2,17,2020
2900,Sneha,34,Female,Finance,32460.0,2.0,Lucknow,BCA,4,12,2021
2901,Rahul,46,Male,Marketing,23477.0,12.0,Pune,MCA,4,10,2019
2902,Neha,39,Male,IT,60047.5,1.0,Pune,B.Tech,3,7,2020
2903,Sneha,52,Female,IT,31850.0,3.0,Lucknow,MCA,1,9,2018
2904,Rahul,34,Male,Finance,40809.0,2.0,Lucknow,B.Com,3,19,2020
2905,Rohit,39,Male,HR,90886.0,12.0,Lucknow,BCA,1,14,2021
2906,Rohit,39,Male,HR,22806.0,3.0,Pune,MCA,4,10,2021
2907,Priya,24,Female,HR,27163.0,22.0,Delhi,B.Tech,3,18,2022
2908,Rahul,21,Male,Sales,60047.5,20.0,Noida,B.Tech,5,10,2020
2909,Rohit,52,Female,HR,44718.0,3.0,Delhi,MCA,5,4,2020
2910,Rahul,39,Male,Sales,97081.0,14.0,Lucknow,MCA,1,13,2017
2911,Rohit,42,Male,HR,60047.5,12.0,Lucknow,BCA,3,5,2019
2912,Priya,39,Female,HR,45215.0,12.0,Lucknow,BCA,4,12,2017
2913,Rahul,35,Male,HR,60047.5,4.0,Lucknow,B.Com,4,17,2024
2914,Priya,33,Male,Finance,38458.0,11.0,Mumbai,MCA,3,10,2023
2915,Rahul,48,Male,Finance,60047.5,6.0,Pune,B.Com,3,12,2019
2916,Rahul,39,Male,HR,52969.0,2.0,Lucknow,MCA,3,6,2020
2917,Amit,54,Male,Finance,96820.0,6.0,Mumbai,B.Com,4,10,2020
2918,Rahul,34,Female,Sales,60047.5,11.0,Lucknow,B.Tech,3,13,2021
2919,Rahul,22,Female,IT,29102.0,14.0,Lucknow,MCA,3,17,2021
2920,Rahul,39,Female,Sales,87107.0,18.0,Mumbai,B.Tech,2,10,2026
2921,Neha,48,Female,Sales,41553.0,5.0,Delhi,MBA,3,19,2024
2922,Rahul,53,Male,HR,60047.5,7.0,Pune,MBA,2,10,2018
2923,Rahul,39,Male,HR,60047.5,5.0,Mumbai,B.Com,3,5,2020
2924,Amit,42,Female,HR,61420.0,2.0,Mumbai,MCA,3,10,2017
2925,Rahul,26,Male,Marketing,45382.0,4.0,Lucknow,B.Tech,2,17,2018
2926,Rahul,22,Female,Marketing,60047.5,12.0,Mumbai,MCA,3,10,2023
2927,Rahul,51,Female,IT,60047.5,12.0,Pune,MCA,5,10,2019
2928,Rahul,50,Female,HR,71425.0,12.0,Delhi,MCA,3,10,2020
2929,Neha,37,Female,HR,60047.5,21.0,Delhi,B.Com,3,6,2018
2930,Rahul,26,Male,Finance,60047.5,15.0,Delhi,BCA,3,10,2015
2931,Sneha,39,Male,HR,60047.5,8.0,Pune,BCA,1,16,2020
2932,Sneha,33,Female,Sales,43459.0,17.0,Lucknow,B.Com,3,13,2021
2933,Sneha,51,Male,Finance,60047.5,12.0,Pune,B.Com,2,10,2020
2934,Neha,25,Male,HR,92495.0,10.0,Lucknow,B.Tech,3,8,2020
2935,Neha,39,Male,Sales,60047.5,24.0,Lucknow,B.Tech,5,8,2020
2936,Rahul,29,Female,HR,91746.0,9.0,Noida,BCA,1,7,2022
2937,Priya,26,Male,HR,98053.0,9.0,Noida,BCA,3,11,2026
2938,Priya,45,Female,HR,76278.0,5.0,Lucknow,MCA,1,3,2022
2939,Neha,39,Female,HR,98156.0,15.0,Pune,BCA,1,7,2015
2940,Rahul,49,Male,Sales,56744.0,24.0,Pune,B.Com,5,11,2023
2941,Rahul,39,Male,Sales,50568.0,12.0,Delhi,B.Com,5,17,2020
2942,Rahul,39,Male,Sales,37991.0,3.0,Mumbai,MCA,4,18,2016
2943,Rahul,39,Male,HR,60047.5,4.0,Noida,MBA,3,10,2023
2944,Rahul,52,Male,IT,60047.5,1.0,Lucknow,MBA,3,13,2018
2945,Rohit,29,Male,HR,60047.5,18.0,Lucknow,B.Com,3,15,2024
2946,Sneha,31,Male,IT,40407.0,0.0,Noida,MBA,3,19,2026
2947,Rahul,35,Male,HR,32344.0,3.0,Lucknow,MCA,1,15,2020
2948,Rohit,51,Male,HR,60047.5,11.0,Lucknow,MCA,3,7,2016
2949,Neha,34,Female,HR,74733.0,1.0,Noida,MCA,4,3,2024
2950,Priya,46,Male,HR,86285.0,11.0,Noida,BCA,1,8,2018
2951,Sneha,47,Female,HR,65733.0,15.0,Lucknow,MBA,3,13,2016
2952,Priya,39,Female,HR,60047.5,1.0,Mumbai,B.Tech,4,10,2020
2953,Rahul,21,Female,Finance,60047.5,16.0,Mumbai,MCA,1,3,2023
2954,Rahul,55,Female,Finance,60047.5,1.0,Lucknow,MBA,5,1,2020
2955,Rahul,26,Female,Finance,38088.0,3.0,Lucknow,B.Tech,1,3,2020
2956,Priya,32,Female,HR,60047.5,12.0,Lucknow,B.Tech,2,10,2017
2957,Priya,39,Female,Sales,64405.0,22.0,Lucknow,MCA,3,1,2017
2958,Rahul,44,Female,HR,58842.0,6.0,Lucknow,BCA,5,18,2015
2959,Priya,42,Male,Finance,81788.0,22.0,Lucknow,B.Com,5,14,2022
2960,Rahul,39,Male,HR,71529.0,14.0,Pune,MCA,2,7,2017
2961,Rahul,39,Female,HR,72383.0,19.0,Noida,MCA,4,3,2026
2962,Amit,52,Female,HR,59177.0,12.0,Lucknow,B.Com,5,16,2018
2963,Rohit,39,Female,HR,59056.0,12.0,Lucknow,MCA,3,6,2016
2964,Amit,29,Male,HR,86421.0,13.0,Mumbai,MCA,3,10,2020
2965,Amit,44,Female,Sales,53632.0,15.0,Lucknow,MCA,3,13,2020
2966,Sneha,56,Male,IT,59685.0,10.0,Lucknow,MCA,1,2,2026
2967,Rahul,57,Male,HR,97222.0,11.0,Mumbai,MCA,2,12,2025
2968,Sneha,43,Female,HR,88590.0,18.0,Lucknow,MBA,3,4,2016
2969,Rahul,59,Female,HR,28977.0,12.0,Lucknow,BCA,2,9,2015
2970,Rahul,39,Male,HR,68967.0,23.0,Delhi,MCA,3,5,2024
2971,Priya,36,Female,Marketing,94072.0,6.0,Mumbai,MCA,3,10,2016
2972,Neha,43,Male,HR,35070.0,8.0,Lucknow,B.Com,3,6,2016
2973,Rahul,39,Male,Marketing,60047.5,12.0,Lucknow,MCA,1,1,2018
2974,Rahul,21,Male,Finance,30011.0,19.0,Mumbai,MCA,5,10,2025
2975,Sneha,51,Female,IT,60047.5,12.0,Lucknow,MCA,3,6,2015
2976,Neha,43,Female,Finance,28896.0,14.0,Lucknow,B.Com,5,19,2020
2977,Sneha,28,Female,HR,59958.0,11.0,Delhi,MBA,3,11,2020
2978,Amit,23,Male,Sales,60047.5,20.0,Delhi,MBA,1,15,2019
2979,Amit,36,Female,HR,60047.5,20.0,Noida,BCA,3,10,2015
2980,Neha,36,Male,Finance,60047.5,22.0,Noida,MBA,3,15,2020
2981,Neha,49,Male,HR,44719.0,12.0,Lucknow,B.Com,3,10,2022
2982,Rahul,59,Female,Marketing,60047.5,8.0,Pune,B.Tech,3,17,2019
2983,Priya,30,Male,Marketing,90494.0,23.0,Noida,B.Tech,4,12,2020
2984,Sneha,40,Female,HR,23825.0,6.0,Lucknow,MCA,4,12,2017
2985,Priya,40,Male,HR,70368.0,12.0,Noida,MCA,1,5,2020
2986,Rahul,39,Male,Sales,60047.5,12.0,Mumbai,BCA,3,10,2020
2987,Rahul,39,Female,Finance,95535.0,5.0,Lucknow,MCA,3,10,2016
2988,Neha,43,Male,Marketing,60047.5,12.0,Lucknow,B.Tech,5,10,2023
2989,Rahul,29,Male,Marketing,68505.0,14.0,Noida,B.Tech,3,9,2020
2990,Sneha,39,Female,HR,77899.0,8.0,Delhi,MCA,3,10,2021
2991,Amit,37,Female,HR,60047.5,12.0,Lucknow,BCA,4,15,2015
2992,Rahul,39,Female,IT,60047.5,22.0,Noida,MCA,4,1,2015
2993,Sneha,56,Female,HR,60047.5,0.0,Lucknow,BCA,3,3,2018
2994,Neha,37,Male,Finance,87891.0,12.0,Mumbai,BCA,5,1,2026
2995,Neha,36,Male,Marketing,60047.5,12.0,Lucknow,B.Com,5,10,2016
2996,Rohit,28,Male,HR,60047.5,12.0,Delhi,B.Tech,1,13,2017
2997,Rahul,33,Male,Marketing,86097.0,12.0,Lucknow,MCA,3,15,2020
2998,Rohit,48,Male,IT,60047.5,24.0,Lucknow,MBA,3,13,2020
2999,Amit,39,Male,IT,60047.5,14.0,Pune,MCA,2,18,2017
3000,Priya,23,Female,HR,60047.5,23.0,Lucknow,MCA,3,17,2021
3001,Rahul,37,Male,HR,86741.0,12.0,Lucknow,B.Tech,4,10,2020
3002,Sneha,39,Female,HR,81377.0,12.0,Lucknow,MBA,1,10,2023
3003,Neha,28,Male,Finance,32039.0,24.0,Noida,B.Com,3,10,2024
3004,Rohit,32,Female,IT,60047.5,19.0,Noida,BCA,5,10,2023
3005,Rohit,34,Male,IT,55006.0,12.0,Lucknow,B.Tech,4,19,2022
3006,Rohit,46,Male,IT,37544.0,21.0,Pune,MCA,3,8,2020
3007,Rahul,34,Male,Marketing,60047.5,3.0,Lucknow,B.Com,5,10,2015
3008,Neha,47,Male,Sales,25239.0,12.0,Lucknow,MBA,3,8,2022
3009,Rahul,56,Male,HR,64785.0,12.0,Lucknow,MCA,3,10,2022
3010,Sneha,38,Female,Sales,43358.0,15.0,Noida,MCA,3,16,2020
3011,Priya,45,Male,Sales,76450.0,2.0,Mumbai,MCA,1,10,2023
3012,Amit,39,Female,HR,48428.0,10.0,Noida,MCA,3,19,2024
3013,Sneha,44,Male,Finance,29096.0,24.0,Pune,BCA,2,6,2025
3014,Rohit,45,Male,HR,67582.0,21.0,Pune,MBA,5,10,2026
3015,Rahul,45,Female,Sales,44536.0,14.0,Lucknow,B.Tech,3,5,2020
3016,Amit,47,Male,HR,60047.5,18.0,Lucknow,MBA,1,19,2017
3017,Amit,39,Male,HR,60047.5,12.0,Lucknow,MCA,3,10,2020
3018,Neha,51,Male,IT,89484.0,23.0,Mumbai,B.Tech,3,10,2022
3019,Priya,22,Female,Sales,21287.0,13.0,Lucknow,B.Tech,2,15,2020
3020,Amit,39,Male,Finance,60047.5,15.0,Noida,B.Com,3,8,2022
3021,Rahul,52,Male,HR,43902.0,23.0,Mumbai,MCA,3,11,2017
3022,Rahul,39,Male,Marketing,76188.0,5.0,Noida,MCA,1,1,2022
3023,Rohit,36,Female,HR,41164.0,4.0,Delhi,MCA,4,10,2019
3024,Sneha,39,Male,Marketing,21772.0,20.0,Lucknow,MCA,3,13,2021
3025,Rahul,31,Female,Finance,73054.0,16.0,Delhi,MBA,4,7,2020
3026,Neha,22,Female,Sales,60047.5,15.0,Pune,MCA,3,7,2017
3027,Rahul,45,Male,Finance,60047.5,1.0,Lucknow,MBA,3,6,2020
3028,Sneha,54,Female,HR,78293.0,10.0,Delhi,MCA,5,8,2023
3029,Rohit,39,Male,Marketing,27213.0,12.0,Delhi,B.Tech,3,12,2018
3030,Priya,55,Male,Finance,34941.0,5.0,Lucknow,MCA,2,18,2026
3031,Rahul,26,Female,Finance,35964.0,6.0,Noida,MBA,3,15,2023
3032,Neha,55,Female,HR,60047.5,16.0,Lucknow,MCA,4,16,2017
3033,Rohit,39,Female,IT,78769.0,7.0,Pune,MCA,2,1,2020
3034,Neha,39,Female,Marketing,21046.0,12.0,Lucknow,MCA,1,10,2026
3035,Neha,20,Female,HR,34909.0,24.0,Lucknow,MBA,3,15,2019
3036,Neha,39,Female,IT,60047.5,14.0,Noida,B.Com,4,13,2023
3037,Sneha,29,Male,IT,43368.0,12.0,Lucknow,MCA,4,10,2020
3038,Neha,35,Male,IT,91255.0,12.0,Pune,MCA,2,13,2016
3039,Neha,35,Male,HR,35624.0,12.0,Noida,B.Tech,2,9,2020
3040,Rahul,39,Male,Finance,30352.0,12.0,Mumbai,B.Tech,3,16,2019
3041,Rahul,48,Female,Marketing,29223.0,12.0,Lucknow,B.Com,4,10,2025
3042,Amit,58,Female,HR,98254.0,14.0,Lucknow,B.Tech,3,10,2020
3043,Rahul,39,Male,Sales,60047.5,12.0,Lucknow,B.Com,3,18,2023
3044,Neha,25,Male,Marketing,70044.0,15.0,Lucknow,MCA,3,4,2015
3045,Priya,35,Male,HR,51419.0,12.0,Pune,BCA,4,12,2026
3046,Rahul,39,Female,Sales,60047.5,14.0,Lucknow,MCA,3,5,2023
3047,Priya,35,Male,IT,92002.0,14.0,Delhi,B.Com,1,11,2020
3048,Neha,26,Female,Sales,51028.0,6.0,Lucknow,B.Com,3,5,2020
3049,Priya,33,Male,Marketing,67953.0,20.0,Pune,B.Com,3,10,2020
3050,Priya,45,Male,IT,60047.5,12.0,Lucknow,B.Tech,3,10,2020
3051,Neha,45,Male,HR,60047.5,22.0,Lucknow,B.Com,3,4,2020
3052,Rahul,33,Male,Marketing,60047.5,16.0,Noida,MCA,2,8,2016
3053,Rahul,26,Male,HR,44689.0,10.0,Lucknow,MCA,4,10,2020
3055,Rahul,39,Female,HR,60047.5,12.0,Lucknow,BCA,5,4,2020
3056,Priya,39,Female,HR,60047.5,0.0,Lucknow,MCA,2,14,2022
3057,Sneha,22,Male,Marketing,60517.0,13.0,Pune,MCA,3,3,2020
3058,Rohit,23,Male,Finance,89678.0,12.0,Lucknow,B.Tech,3,10,2020
3059,Neha,45,Female,Finance,92623.0,7.0,Lucknow,BCA,1,6,2020
3060,Amit,39,Male,Finance,60047.5,0.0,Lucknow,BCA,4,10,2015
3061,Rahul,39,Female,Finance,68575.0,12.0,Lucknow,B.Com,1,10,2020
3062,Priya,33,Female,Finance,65039.0,1.0,Delhi,MCA,3,9,2020
3063,Rohit,49,Female,HR,60047.5,12.0,Pune,MCA,3,16,2020
3064,Rahul,31,Male,Marketing,60047.5,6.0,Pune,MCA,1,4,2017
3065,Amit,39,Male,HR,60047.5,8.0,Lucknow,MCA,5,11,2019
3066,Priya,39,Female,HR,60047.5,12.0,Lucknow,MCA,2,12,2020
3067,Neha,32,Male,Finance,80693.0,12.0,Lucknow,MCA,5,19,2023
3068,Rahul,33,Male,IT,51433.0,22.0,Lucknow,MCA,5,10,2020
3069,Priya,43,Male,IT,60047.5,12.0,Lucknow,BCA,5,7,2020
3070,Neha,53,Male,Finance,99015.0,12.0,Delhi,MCA,5,10,2020
3071,Sneha,45,Male,HR,35804.0,17.0,Delhi,BCA,3,18,2020
3072,Sneha,40,Male,IT,65101.0,12.0,Delhi,B.Com,4,10,2016
3073,Priya,47,Female,Marketing,60047.5,12.0,Delhi,MCA,3,12,2023
3074,Rohit,39,Male,Marketing,98363.0,8.0,Delhi,MBA,5,14,2026
3076,Sneha,39,Female,Sales,60047.5,12.0,Delhi,MCA,1,9,2020
3077,Rohit,28,Male,HR,39477.0,20.0,Delhi,B.Com,3,10,2025
3078,Rahul,42,Male,HR,36127.0,13.0,Delhi,B.Com,4,6,2023
3079,Sneha,39,Female,Sales,46049.0,20.0,Pune,BCA,3,17,2018
3080,Sneha,39,Female,Finance,32473.0,16.0,Lucknow,BCA,4,15,2024
3081,Neha,42,Male,Marketing,81836.0,24.0,Lucknow,MBA,3,1,2015
3082,Rahul,36,Male,IT,62464.0,13.0,Delhi,B.Com,2,13,2020
3083,Sneha,39,Male,HR,33714.0,23.0,Lucknow,BCA,3,10,2016
3084,Rahul,39,Male,Marketing,80878.0,4.0,Lucknow,B.Tech,2,12,2020
3085,Neha,39,Male,HR,54208.0,9.0,Lucknow,B.Tech,3,10,2025
3086,Priya,39,Female,Finance,60047.5,5.0,Lucknow,MCA,4,10,2017
3087,Sneha,39,Female,Marketing,61514.0,9.0,Lucknow,MBA,1,10,2016
3088,Rahul,59,Male,HR,60047.5,10.0,Lucknow,MCA,3,8,2018
3089,Amit,39,Male,Finance,60047.5,23.0,Lucknow,B.Com,1,10,2022
3090,Rahul,55,Female,HR,60047.5,5.0,Pune,BCA,3,19,2017
3091,Rahul,33,Male,Finance,83878.0,9.0,Lucknow,MBA,3,18,2018
3092,Neha,39,Male,IT,65099.0,13.0,Lucknow,MCA,3,10,2020
3093,Priya,38,Female,HR,33188.0,12.0,Lucknow,MBA,3,19,2020
3094,Amit,53,Male,Finance,71188.0,2.0,Delhi,MCA,5,2,2022
3095,Rahul,25,Female,Marketing,25560.0,12.0,Lucknow,B.Tech,5,5,2021
3096,Rohit,32,Male,HR,56397.0,1.0,Mumbai,MCA,2,10,2024
3097,Rahul,55,Male,Finance,97193.0,12.0,Lucknow,B.Tech,2,16,2016
3098,Neha,39,Male,Sales,58082.0,16.0,Pune,B.Com,3,10,2020
3099,Neha,39,Female,HR,60047.5,12.0,Pune,BCA,2,3,2024
3100,Rohit,31,Male,Finance,70522.0,20.0,Mumbai,B.Tech,3,10,2020
3101,Amit,39,Male,HR,60397.0,8.0,Delhi,MBA,2,13,2021
3102,Rahul,59,Male,HR,96860.0,12.0,Lucknow,MCA,1,10,2015
3103,Amit,26,Female,Marketing,60047.5,14.0,Noida,MBA,4,10,2026
3104,Rahul,51,Female,HR,60047.5,12.0,Mumbai,B.Tech,3,7,2017
3105,Rahul,38,Female,Marketing,59460.0,12.0,Mumbai,MCA,4,10,2020
3106,Priya,25,Male,HR,60047.5,12.0,Lucknow,MCA,3,19,2018
3107,Rahul,39,Female,HR,64514.0,8.0,Lucknow,BCA,1,18,2015
3108,Priya,46,Male,HR,60047.5,12.0,Pune,MCA,3,11,2025
3109,Neha,39,Male,IT,32631.0,7.0,Mumbai,B.Com,4,10,2020
3110,Sneha,26,Male,HR,87008.0,12.0,Lucknow,MCA,3,3,2015
3111,Rahul,24,Female,HR,46955.0,19.0,Lucknow,MCA,2,12,2024
3113,Rohit,34,Male,HR,60047.5,16.0,Lucknow,B.Tech,2,1,2020
3114,Neha,39,Male,IT,90408.0,12.0,Mumbai,B.Com,3,10,2017
3115,Amit,24,Female,Finance,63341.0,5.0,Lucknow,B.Tech,5,19,2016
3116,Rahul,42,Male,Marketing,33691.0,4.0,Pune,MCA,5,8,2022
3117,Rahul,56,Male,HR,60047.5,12.0,Delhi,B.Tech,4,9,2020
3118,Rahul,28,Female,HR,60047.5,12.0,Noida,BCA,4,7,2020
3119,Sneha,34,Female,HR,28645.0,0.0,Mumbai,BCA,1,4,2020
3120,Neha,22,Male,Marketing,60047.5,12.0,Lucknow,MCA,3,16,2015
3121,Neha,48,Male,HR,60047.5,16.0,Noida,BCA,3,6,2023
3122,Rahul,25,Female,IT,40064.0,2.0,Noida,MCA,3,18,2020
3123,Rahul,36,Female,Sales,29940.0,12.0,Lucknow,MCA,4,2,2020
3124,Rohit,45,Female,HR,60047.5,7.0,Pune,MCA,3,10,2015
3125,Rohit,40,Male,Finance,60047.5,15.0,Pune,MCA,4,5,2015
3126,Rahul,27,Male,HR,65200.0,23.0,Lucknow,MCA,1,17,2016
3127,Rohit,40,Female,HR,76329.0,6.0,Delhi,MBA,2,5,2020
3128,Rahul,30,Male,IT,60047.5,12.0,Lucknow,MCA,3,3,2015
3129,Rahul,57,Male,HR,49739.0,14.0,Noida,B.Tech,5,10,2020
3130,Neha,27,Female,IT,37793.0,12.0,Noida,BCA,5,8,2025
3132,Sneha,54,Male,HR,60047.5,23.0,Pune,MBA,3,3,2018
3133,Rahul,33,Female,HR,43022.0,1.0,Lucknow,MCA,1,3,2020
3134,Rahul,39,Male,HR,91148.0,9.0,Lucknow,MCA,1,1,2018
3135,Rohit,29,Male,Sales,60047.5,12.0,Mumbai,MCA,3,13,2025
3136,Rahul,31,Female,Marketing,20530.0,3.0,Lucknow,BCA,3,10,2018
3137,Priya,57,Male,Finance,29551.0,14.0,Delhi,BCA,2,10,2018
3138,Sneha,53,Female,HR,60047.5,12.0,Lucknow,B.Com,1,11,2020
3139,Priya,29,Male,Sales,60047.5,12.0,Noida,BCA,3,10,2026
3140,Rahul,39,Male,Finance,68984.0,12.0,Lucknow,BCA,4,19,2024
3141,Rohit,39,Male,Marketing,88096.0,22.0,Mumbai,MCA,2,11,2022
3142,Rahul,22,Female,HR,60047.5,0.0,Mumbai,MCA,1,6,2016
3143,Priya,39,Male,IT,44090.0,17.0,Lucknow,B.Tech,5,10,2022
3144,Rohit,20,Male,HR,60047.5,14.0,Noida,B.Tech,3,18,2024
3145,Rahul,31,Female,Finance,37330.0,12.0,Lucknow,MCA,1,3,2020
3146,Amit,58,Female,Marketing,25257.0,8.0,Lucknow,MBA,5,10,2015
3147,Rahul,39,Male,HR,60047.5,11.0,Lucknow,B.Tech,5,4,2020
3149,Rohit,39,Male,IT,71663.0,12.0,Pune,MCA,5,16,2020
3150,Amit,39,Male,HR,54956.0,12.0,Lucknow,MCA,3,12,2018
3151,Rahul,41,Female,HR,35615.0,22.0,Mumbai,MCA,4,7,2019
3152,Rahul,39,Female,HR,20881.0,22.0,Mumbai,MCA,3,12,2015
3153,Rahul,37,Male,IT,21847.0,6.0,Lucknow,B.Com,4,8,2016
3154,Amit,24,Female,HR,71127.0,20.0,Mumbai,MCA,3,15,2024
3155,Sneha,38,Male,Finance,60047.5,8.0,Lucknow,MCA,3,2,2021
3156,Neha,39,Female,HR,59931.0,12.0,Mumbai,MCA,3,10,2016
3157,Priya,31,Female,Finance,63924.0,3.0,Lucknow,B.Com,3,5,2022
3158,Neha,39,Male,HR,60047.5,12.0,Lucknow,BCA,5,6,2021
3159,Rohit,39,Male,HR,60047.5,23.0,Pune,MCA,4,19,2024
3160,Rahul,53,Female,Marketing,60047.5,12.0,Pune,BCA,3,14,2022
3161,Rahul,25,Female,Sales,60047.5,24.0,Mumbai,B.Com,1,10,2020
3162,Rahul,27,Male,HR,85125.0,11.0,Lucknow,B.Com,3,10,2015
3164,Rahul,39,Male,HR,81858.0,13.0,Delhi,B.Com,1,4,2015
3165,Rahul,28,Male,HR,60047.5,4.0,Lucknow,MCA,3,10,2021
3166,Priya,21,Male,Finance,31780.0,12.0,Delhi,B.Com,3,1,2023
3167,Rohit,39,Female,HR,96230.0,3.0,Delhi,MBA,3,10,2019
3168,Rahul,30,Male,IT,60047.5,16.0,Noida,MCA,3,13,2016
3169,Amit,39,Male,HR,21929.0,18.0,Delhi,MCA,5,6,2025
3170,Priya,29,Male,HR,34244.0,10.0,Delhi,BCA,3,15,2015
3171,Neha,39,Male,HR,31116.0,7.0,Noida,MCA,3,10,2022
3172,Sneha,39,Male,Finance,55895.0,11.0,Noida,MBA,3,3,2018
3173,Neha,27,Male,IT,98636.0,17.0,Lucknow,B.Tech,3,10,2022
3174,Rahul,55,Female,HR,43867.0,12.0,Lucknow,MCA,1,6,2016
3175,Rohit,39,Female,HR,60047.5,8.0,Noida,B.Tech,5,10,2017
3176,Neha,31,Male,IT,64085.0,12.0,Lucknow,MCA,4,10,2017
3177,Priya,33,Male,Marketing,60047.5,20.0,Mumbai,BCA,2,13,2018
3178,Priya,40,Male,Sales,85234.0,16.0,Lucknow,B.Com,3,10,2023
3179,Neha,41,Male,HR,60047.5,12.0,Mumbai,MCA,1,10,2020
3180,Priya,40,Female,HR,60047.5,5.0,Noida,B.Tech,3,10,2019
3181,Rahul,49,Female,IT,90883.0,23.0,Noida,MBA,1,7,2020
3182,Rahul,39,Male,IT,60047.5,12.0,Mumbai,BCA,3,12,2023
3183,Rohit,39,Female,HR,60047.5,12.0,Pune,MCA,2,11,2015
3184,Sneha,43,Male,Finance,44274.0,14.0,Lucknow,B.Com,2,7,2016
3185,Rohit,42,Female,HR,53577.0,12.0,Delhi,BCA,4,10,2020
3186,Rahul,26,Male,Marketing,47648.0,12.0,Lucknow,MCA,4,10,2017
3187,Priya,28,Female,HR,60047.5,3.0,Lucknow,MCA,3,2,2025
3188,Rahul,20,Male,Marketing,37910.0,12.0,Lucknow,B.Com,4,5,2026
3189,Priya,45,Male,Finance,98619.0,0.0,Lucknow,MCA,3,10,2025
3190,Amit,39,Male,Marketing,69647.0,11.0,Mumbai,MBA,3,14,2020
3191,Rahul,57,Male,IT,98723.0,12.0,Noida,MBA,3,16,2020
3192,Sneha,41,Male,IT,20424.0,8.0,Lucknow,MCA,3,2,2024
3193,Priya,29,Male,Sales,71899.0,9.0,Pune,MCA,3,19,2020
3194,Priya,39,Male,Marketing,46641.0,20.0,Mumbai,MBA,2,10,2015
3195,Rahul,39,Female,HR,54750.0,17.0,Noida,MBA,3,14,2023
3196,Priya,39,Male,Finance,60047.5,12.0,Delhi,MCA,4,15,2020
3197,Rahul,39,Male,Sales,60047.5,18.0,Noida,MCA,4,19,2024
3198,Rahul,29,Female,HR,60047.5,3.0,Lucknow,B.Tech,1,8,2020
3199,Rahul,39,Male,HR,54001.0,15.0,Lucknow,MCA,3,15,2026
3200,Rahul,39,Female,Sales,60047.5,12.0,Delhi,MBA,3,8,2019
3201,Sneha,25,Male,HR,60047.5,8.0,Mumbai,B.Tech,3,4,2022
3202,Neha,40,Male,Finance,88555.0,7.0,Lucknow,MCA,2,10,2026
3203,Rahul,39,Female,Marketing,60047.5,24.0,Mumbai,BCA,3,11,2026
3204,Rahul,43,Male,HR,69284.0,12.0,Mumbai,MBA,3,12,2020
3205,Rahul,52,Male,IT,30022.0,12.0,Noida,B.Tech,3,10,2026
3206,Sneha,37,Female,HR,95886.0,7.0,Mumbai,B.Tech,5,18,2023
3207,Rohit,47,Male,Finance,60047.5,23.0,Lucknow,B.Tech,3,17,2019
3208,Rohit,51,Male,Sales,60047.5,12.0,Lucknow,MCA,1,3,2015
3209,Rahul,39,Female,HR,89498.0,11.0,Pune,BCA,5,13,2020
3210,Rahul,39,Male,HR,78824.0,13.0,Mumbai,MBA,2,6,2023
3211,Rahul,29,Female,HR,90390.0,11.0,Lucknow,B.Tech,2,14,2019
3212,Neha,51,Male,Marketing,54307.0,24.0,Noida,MCA,2,10,2019
3213,Rahul,45,Male,HR,60047.5,1.0,Pune,MCA,5,4,2020
3214,Priya,39,Female,Finance,42327.0,12.0,Mumbai,B.Com,4,18,2023
3215,Sneha,30,Male,HR,23244.0,12.0,Lucknow,MCA,3,11,2020
3216,Rahul,39,Male,Finance,60047.5,6.0,Noida,B.Tech,3,11,2016
3217,Rahul,53,Female,HR,45090.0,12.0,Mumbai,MCA,3,8,2017
3219,Rahul,42,Male,HR,60047.5,3.0,Delhi,MCA,5,2,2020
3220,Rohit,39,Male,HR,60047.5,0.0,Lucknow,BCA,1,1,2020
3221,Rahul,39,Female,HR,60047.5,16.0,Lucknow,MCA,3,10,2023
3222,Rohit,39,Female,Finance,51952.0,2.0,Pune,MCA,3,17,2022
3223,Rohit,59,Female,Marketing,70374.0,16.0,Lucknow,MBA,3,7,2020
3224,Rahul,39,Male,HR,60047.5,7.0,Lucknow,BCA,4,7,2020
3225,Amit,40,Female,Sales,32521.0,2.0,Lucknow,MBA,4,13,2024
3226,Neha,39,Male,Marketing,96019.0,12.0,Lucknow,MCA,3,1,2020
3227,Rahul,37,Male,Marketing,60047.5,1.0,Mumbai,MCA,3,1,2023
3228,Rahul,52,Female,Marketing,60047.5,21.0,Mumbai,MCA,3,10,2020
3229,Rahul,56,Male,IT,60047.5,3.0,Lucknow,B.Tech,1,1,2020
3230,Sneha,39,Female,Marketing,91101.0,12.0,Lucknow,MCA,3,6,2020
3231,Neha,39,Male,Finance,63856.0,12.0,Lucknow,B.Com,5,10,2020
3232,Sneha,54,Male,HR,57256.0,12.0,Delhi,B.Com,3,1,2023
3233,Amit,39,Female,Sales,60047.5,12.0,Lucknow,B.Tech,3,5,2020
3234,Sneha,39,Male,HR,50615.0,3.0,Noida,B.Com,5,2,2020
3235,Priya,27,Male,HR,21927.0,1.0,Pune,B.Tech,3,3,2019
3236,Priya,49,Male,IT,60047.5,1.0,Mumbai,MCA,2,3,2023
3237,Rohit,39,Male,Marketing,28301.0,12.0,Pune,B.Tech,2,18,2026
3238,Rahul,42,Male,IT,60047.5,21.0,Lucknow,BCA,3,8,2020
3239,Amit,30,Male,Sales,60047.5,4.0,Pune,B.Com,1,9,2020
3240,Rohit,21,Female,Sales,88759.0,8.0,Pune,B.Com,3,2,2026
3241,Amit,45,Male,HR,83058.0,19.0,Delhi,MBA,2,10,2026
3242,Rahul,55,Female,Sales,84926.0,20.0,Lucknow,BCA,1,10,2017
3244,Sneha,32,Male,Finance,50341.0,11.0,Mumbai,MCA,5,4,2021
3245,Rahul,39,Male,Sales,60047.5,17.0,Delhi,MCA,4,5,2022
3246,Rahul,39,Male,HR,46799.0,2.0,Pune,B.Com,2,10,2020
3247,Rahul,39,Female,Marketing,75820.0,12.0,Lucknow,MCA,5,10,2022
3248,Rahul,38,Female,Sales,35674.0,20.0,Mumbai,B.Tech,1,13,2020
3249,Rahul,37,Male,Sales,60047.5,19.0,Lucknow,B.Tech,5,10,2018
3250,Rohit,56,Male,Marketing,92631.0,12.0,Lucknow,BCA,3,1,2020
3251,Rahul,39,Male,Sales,64791.0,15.0,Lucknow,MBA,3,18,2018
3252,Neha,38,Female,HR,23255.0,12.0,Noida,MCA,3,14,2019
3253,Rahul,42,Female,HR,53826.0,8.0,Mumbai,B.Com,3,18,2024
3255,Rahul,20,Male,IT,57826.0,21.0,Noida,BCA,3,12,2026
3256,Rahul,31,Male,HR,60047.5,6.0,Delhi,B.Tech,3,5,2024
3257,Rahul,39,Female,HR,47723.0,9.0,Lucknow,MCA,4,10,2020
3258,Amit,39,Female,IT,55287.0,3.0,Delhi,MCA,4,13,2025
3259,Neha,27,Male,IT,31845.0,9.0,Lucknow,MBA,5,9,2020
3260,Rahul,37,Male,Finance,88106.0,2.0,Lucknow,MCA,3,6,2019
3261,Priya,24,Female,HR,92986.0,23.0,Noida,B.Tech,3,7,2017
3262,Amit,45,Female,Marketing,60047.5,12.0,Noida,B.Tech,1,18,2018
3263,Amit,49,Male,HR,60047.5,12.0,Lucknow,B.Tech,2,15,2020
3264,Rahul,39,Male,HR,60047.5,12.0,Delhi,MCA,3,8,2020
3265,Rahul,38,Male,IT,20744.0,14.0,Lucknow,B.Com,2,16,2020
3266,Priya,48,Female,Finance,60047.5,14.0,Mumbai,B.Com,3,17,2020
3267,Priya,22,Male,Finance,60047.5,12.0,Noida,BCA,3,3,2025
3268,Rahul,39,Female,HR,60047.5,9.0,Mumbai,BCA,3,13,2026
3269,Rahul,39,Female,HR,96407.0,24.0,Lucknow,B.Com,5,9,2022
3270,Rahul,31,Male,Sales,99072.0,6.0,Lucknow,B.Tech,2,10,2020
3271,Rahul,21,Male,IT,60047.5,0.0,Pune,MBA,4,10,2020
3273,Priya,39,Male,Marketing,23217.0,12.0,Pune,MBA,1,10,2016
3274,Sneha,37,Female,Finance,50359.0,22.0,Mumbai,MCA,3,10,2020
3275,Neha,32,Male,HR,60047.5,15.0,Pune,MCA,5,19,2020
3276,Rohit,56,Male,Finance,81970.0,24.0,Lucknow,MCA,3,19,2024
3277,Rohit,41,Male,HR,60047.5,7.0,Mumbai,B.Com,1,10,2020
3278,Priya,31,Male,HR,62354.0,21.0,Lucknow,BCA,2,6,2016
3279,Rahul,21,Female,HR,58570.0,1.0,Delhi,B.Com,3,13,2020
3280,Neha,39,Female,IT,27034.0,7.0,Lucknow,MCA,2,15,2020
3281,Rahul,26,Female,HR,60047.5,12.0,Delhi,MCA,3,10,2019
3282,Priya,45,Male,HR,62180.0,3.0,Mumbai,B.Com,3,10,2017
3283,Rohit,39,Female,HR,60047.5,12.0,Noida,BCA,5,4,2020
3284,Neha,39,Female,Finance,94312.0,14.0,Lucknow,MCA,1,14,2019
3285,Neha,31,Female,HR,95348.0,6.0,Pune,B.Com,5,10,2023
3286,Amit,39,Male,Finance,46925.0,19.0,Lucknow,MCA,3,10,2020
3287,Rahul,39,Male,HR,39575.0,7.0,Lucknow,MCA,3,12,2022
3288,Sneha,59,Male,HR,60047.5,10.0,Noida,B.Tech,3,10,2026
3289,Rahul,39,Male,IT,96935.0,12.0,Noida,MCA,4,10,2024
3290,Rahul,51,Male,HR,67731.0,12.0,Lucknow,B.Tech,4,15,2021
3291,Rahul,34,Male,Sales,43100.0,12.0,Lucknow,MCA,5,10,2020
3292,Amit,56,Female,Marketing,30768.0,22.0,Lucknow,BCA,1,10,2016
3293,Rahul,32,Female,HR,79337.0,0.0,Mumbai,BCA,2,10,2020
3294,Rohit,24,Female,HR,70697.0,12.0,Delhi,B.Tech,5,18,2020
3295,Rahul,30,Female,HR,60047.5,9.0,Delhi,BCA,3,10,2017
3296,Rohit,29,Female,Marketing,86973.0,4.0,Pune,MCA,3,14,2020
3297,Neha,32,Male,HR,44946.0,11.0,Mumbai,B.Com,3,14,2021
3298,Rahul,34,Female,Marketing,91038.0,22.0,Noida,MCA,2,7,2020
3299,Neha,39,Male,IT,75149.0,0.0,Lucknow,B.Com,5,7,2020
3300,Amit,59,Female,HR,25566.0,12.0,Noida,MCA,3,10,2017
3301,Amit,39,Female,Sales,61576.0,20.0,Lucknow,MBA,3,10,2017
3302,Neha,51,Female,HR,73318.0,12.0,Lucknow,MBA,4,10,2017
3303,Rohit,54,Male,IT,89550.0,12.0,Noida,MCA,5,10,2017
3304,Rohit,34,Male,Finance,71408.0,12.0,Noida,MCA,3,12,2020
3305,Rahul,39,Male,Finance,60047.5,15.0,Mumbai,BCA,5,17,2020
3306,Amit,40,Male,Marketing,99149.0,7.0,Lucknow,MBA,3,17,2020
3307,Priya,39,Female,Finance,60167.0,12.0,Lucknow,MBA,4,1,2020
3308,Sneha,20,Female,HR,53699.0,12.0,Pune,MCA,3,6,2022
3309,Rohit,23,Male,HR,60047.5,22.0,Lucknow,MCA,5,15,2020
3310,Rahul,39,Male,HR,72429.0,3.0,Delhi,MCA,4,10,2026
3311,Rahul,45,Male,HR,43386.0,9.0,Mumbai,MCA,4,14,2017
3312,Neha,56,Female,Finance,60047.5,24.0,Pune,MBA,3,10,2016
3313,Sneha,39,Male,HR,61585.0,0.0,Delhi,MCA,5,10,2021
3314,Amit,48,Male,Sales,60047.5,16.0,Lucknow,BCA,5,10,2026
3315,Rohit,39,Female,HR,96607.0,20.0,Delhi,MCA,1,7,2016
3316,Neha,46,Male,Finance,60047.5,12.0,Pune,MBA,3,10,2020
3317,Rahul,58,Female,IT,97150.0,12.0,Lucknow,MBA,3,15,2025
3318,Priya,59,Female,Sales,60047.5,12.0,Mumbai,MCA,3,9,2024
3319,Neha,32,Male,Sales,60047.5,12.0,Pune,MCA,3,10,2023
3322,Priya,39,Male,Marketing,54407.0,12.0,Lucknow,MCA,2,11,2017
3323,Rahul,23,Male,IT,60047.5,1.0,Pune,MCA,4,10,2026
3324,Rahul,59,Female,Sales,60047.5,10.0,Pune,MBA,5,9,2015
3325,Neha,39,Female,IT,65652.0,12.0,Lucknow,MCA,3,6,2020
3326,Priya,50,Male,HR,30248.0,8.0,Lucknow,MCA,5,7,2021
3327,Rahul,44,Male,IT,30515.0,4.0,Noida,MCA,3,10,2018
3328,Sneha,31,Female,HR,30830.0,12.0,Mumbai,MCA,3,19,2024
3329,Rahul,45,Male,HR,80631.0,24.0,Lucknow,B.Com,2,11,2019
3330,Neha,56,Male,HR,26799.0,7.0,Noida,B.Tech,3,10,2020
3331,Priya,52,Female,IT,94083.0,12.0,Delhi,MCA,3,6,2020
3332,Rohit,47,Male,Sales,60047.5,6.0,Lucknow,B.Com,2,4,2020
3333,Rahul,28,Male,HR,32679.0,16.0,Delhi,MCA,4,14,2023
3334,Priya,31,Male,IT,41058.0,10.0,Delhi,MCA,3,3,2020
3335,Rahul,24,Male,Marketing,66696.0,14.0,Lucknow,MCA,3,17,2021
3336,Priya,39,Female,HR,58872.0,24.0,Noida,B.Tech,1,15,2019
3337,Neha,39,Male,HR,74971.0,2.0,Mumbai,BCA,3,1,2020
3338,Neha,24,Female,HR,43306.0,12.0,Noida,MCA,3,11,2020
3339,Neha,39,Male,HR,48210.0,17.0,Mumbai,MCA,3,10,2019
3340,Sneha,53,Female,Finance,60047.5,19.0,Delhi,B.Tech,5,3,2020
3342,Rahul,58,Male,Marketing,88917.0,2.0,Pune,MCA,3,18,2023
3343,Rahul,33,Female,HR,27447.0,1.0,Pune,MBA,1,9,2020
3344,Rohit,39,Female,HR,40271.0,4.0,Delhi,B.Com,3,10,2020
3345,Priya,39,Female,HR,85875.0,19.0,Delhi,B.Tech,2,10,2026
3346,Amit,23,Female,Finance,60047.5,4.0,Noida,B.Tech,2,2,2019
3347,Rohit,39,Female,HR,46221.0,12.0,Lucknow,BCA,3,1,2025
3348,Rahul,26,Male,HR,84388.0,7.0,Lucknow,MCA,2,3,2019
3349,Rahul,39,Female,HR,76467.0,15.0,Lucknow,MBA,3,10,2020
3350,Rohit,56,Female,HR,60047.5,12.0,Lucknow,B.Com,3,7,2015
3351,Sneha,39,Male,IT,90585.0,24.0,Lucknow,MCA,3,10,2019
3352,Neha,34,Male,HR,60047.5,12.0,Pune,MCA,3,19,2020
3353,Rahul,57,Female,Marketing,20638.0,0.0,Lucknow,B.Tech,3,9,2015
3354,Priya,39,Male,HR,60047.5,12.0,Delhi,MBA,1,18,2020
3355,Rahul,24,Male,HR,90679.0,20.0,Pune,MCA,3,15,2022
3356,Priya,48,Male,Finance,60047.5,1.0,Delhi,B.Tech,2,17,2020
3357,Priya,39,Male,IT,86760.0,12.0,Delhi,B.Tech,2,17,2021
3358,Rahul,39,Male,Marketing,60047.5,4.0,Noida,BCA,4,19,2020
3359,Rahul,31,Male,HR,81049.0,14.0,Lucknow,BCA,3,10,2019
3360,Priya,23,Female,Finance,83843.0,12.0,Lucknow,B.Tech,2,6,2023
3361,Rahul,39,Male,Sales,68047.0,2.0,Lucknow,MBA,2,19,2022
3362,Priya,39,Male,Sales,60047.5,12.0,Lucknow,MCA,1,8,2019
3363,Amit,39,Male,Marketing,60047.5,12.0,Pune,MBA,3,6,2024
3364,Rohit,39,Male,Finance,81489.0,10.0,Mumbai,MCA,3,17,2021
3365,Neha,39,Male,HR,42991.0,11.0,Lucknow,B.Tech,3,10,2025
3366,Rahul,44,Female,IT,46081.0,14.0,Lucknow,MCA,2,13,2020
3367,Amit,42,Male,HR,77304.0,12.0,Mumbai,BCA,4,2,2020
3369,Rahul,39,Male,HR,95103.0,12.0,Pune,B.Com,4,7,2024
3370,Priya,55,Male,Finance,37399.0,17.0,Mumbai,MCA,3,10,2025
3371,Rahul,39,Male,Finance,53103.0,13.0,Lucknow,MCA,5,17,2019
3372,Priya,39,Male,HR,35330.0,23.0,Noida,B.Com,2,8,2026
3373,Amit,28,Male,IT,36464.0,6.0,Noida,B.Com,1,10,2020
3374,Neha,39,Female,HR,22134.0,9.0,Noida,B.Tech,5,10,2023
3375,Priya,54,Male,HR,60047.5,8.0,Pune,MBA,2,9,2022
3376,Rahul,39,Female,HR,20184.0,1.0,Pune,B.Com,2,16,2020
3377,Priya,33,Male,Sales,69274.0,12.0,Delhi,MCA,5,18,2021
3378,Rohit,23,Female,HR,60047.5,21.0,Mumbai,MCA,4,19,2021
3379,Rahul,48,Male,HR,60047.5,12.0,Lucknow,B.Tech,3,10,2025
3380,Amit,34,Male,HR,98727.0,12.0,Lucknow,B.Tech,5,10,2015
3381,Neha,39,Female,HR,60047.5,12.0,Lucknow,MCA,3,10,2022
3382,Priya,39,Male,IT,52734.0,6.0,Lucknow,MCA,2,10,2020
3383,Rahul,31,Male,Marketing,91613.0,24.0,Lucknow,MCA,2,10,2020
3384,Rohit,24,Male,IT,60047.5,12.0,Lucknow,MBA,4,1,2020
3385,Rahul,53,Male,IT,60047.5,21.0,Pune,MCA,4,11,2024
3386,Sneha,20,Male,HR,68484.0,3.0,Lucknow,B.Tech,3,2,2020
3387,Rohit,39,Female,HR,60047.5,20.0,Pune,B.Tech,3,3,2016
3388,Amit,51,Male,HR,60047.5,16.0,Lucknow,B.Com,3,13,2021
3389,Neha,39,Female,Marketing,60047.5,3.0,Lucknow,MCA,4,10,2022
3390,Rahul,39,Male,Marketing,60047.5,2.0,Lucknow,MBA,5,2,2020
3391,Rahul,46,Male,Finance,30133.0,8.0,Delhi,BCA,3,2,2020
3393,Sneha,54,Female,HR,50269.0,14.0,Lucknow,MBA,1,13,2020
3394,Rohit,39,Female,HR,37085.0,12.0,Lucknow,MCA,3,12,2017
3395,Rohit,39,Female,HR,55702.0,12.0,Noida,MBA,3,1,2020
3396,Rahul,39,Female,Finance,99883.0,12.0,Delhi,BCA,3,18,2023
3397,Sneha,42,Male,HR,33502.0,12.0,Lucknow,MCA,3,5,2020
3398,Rahul,41,Female,Finance,66479.0,19.0,Lucknow,BCA,1,19,2020
3399,Priya,39,Female,HR,99384.0,7.0,Lucknow,BCA,4,10,2020
3400,Amit,39,Male,Finance,60047.5,11.0,Noida,BCA,3,6,2020
3401,Rohit,39,Male,HR,90231.0,20.0,Lucknow,MBA,2,18,2020
3402,Priya,39,Female,HR,35860.0,12.0,Noida,MCA,3,15,2020
3403,Rahul,42,Female,HR,60047.5,12.0,Pune,B.Tech,2,14,2024
3404,Priya,21,Female,Marketing,60047.5,10.0,Delhi,MCA,4,10,2020
3405,Rahul,43,Male,HR,77423.0,16.0,Mumbai,MBA,3,4,2020
3406,Rohit,39,Female,Sales,94379.0,20.0,Mumbai,MCA,1,19,2020
3407,Rahul,39,Male,HR,60047.5,23.0,Mumbai,B.Tech,5,10,2025
3408,Rahul,50,Male,IT,50737.0,11.0,Noida,BCA,1,10,2020
3409,Amit,59,Male,Sales,60047.5,19.0,Mumbai,MBA,2,10,2022
3410,Neha,53,Male,HR,60047.5,12.0,Delhi,MBA,4,9,2020
3411,Sneha,43,Male,HR,61705.0,15.0,Lucknow,MCA,3,10,2021
3412,Rahul,39,Male,Marketing,22002.0,2.0,Noida,B.Com,3,15,2023
3413,Rahul,39,Male,Marketing,80237.0,8.0,Delhi,B.Com,4,10,2016
3414,Priya,32,Male,HR,75713.0,12.0,Noida,MCA,2,14,2020
3415,Sneha,39,Male,HR,60047.5,12.0,Lucknow,MBA,3,5,2026
3416,Priya,46,Female,Marketing,60047.5,12.0,Noida,B.Com,3,17,2018
3417,Rohit,23,Male,Sales,80859.0,18.0,Lucknow,MBA,3,6,2020
3418,Rahul,35,Female,Finance,60047.5,9.0,Lucknow,BCA,4,9,2020
3419,Rahul,49,Male,Marketing,98243.0,19.0,Lucknow,B.Com,3,19,2026
3420,Rohit,49,Male,HR,60047.5,11.0,Lucknow,MBA,3,10,2016
3421,Rahul,39,Male,Finance,60047.5,7.0,Lucknow,MCA,2,7,2021
3422,Neha,22,Male,HR,96326.0,2.0,Mumbai,MCA,4,8,2022
3423,Amit,39,Male,IT,60047.5,12.0,Pune,MCA,2,15,2026
3424,Rahul,41,Female,Marketing,54121.0,10.0,Pune,MCA,1,6,2015
3426,Amit,40,Male,Finance,72032.0,12.0,Pune,MCA,3,9,2020
3427,Sneha,23,Female,Sales,69831.0,12.0,Noida,BCA,4,7,2019
3428,Rahul,50,Female,IT,61446.0,12.0,Pune,MBA,3,19,2023
3429,Neha,39,Female,IT,65678.0,9.0,Noida,MCA,4,4,2020
3430,Rahul,42,Male,Sales,60047.5,17.0,Lucknow,B.Com,2,10,2020
3431,Rahul,39,Male,HR,67918.0,11.0,Lucknow,MBA,3,10,2020
3432,Rahul,34,Male,IT,77235.0,6.0,Noida,MCA,3,2,2017
3433,Priya,42,Female,IT,26125.0,10.0,Lucknow,MCA,2,16,2025
3434,Neha,47,Male,Marketing,60047.5,12.0,Delhi,MBA,5,10,2020
3436,Neha,56,Male,HR,30114.0,6.0,Lucknow,BCA,5,14,2018
3437,Amit,40,Male,Finance,60047.5,12.0,Lucknow,B.Com,4,13,2020
3438,Rohit,34,Female,Finance,58634.0,7.0,Lucknow,MCA,2,17,2020
3439,Sneha,39,Male,HR,55776.0,12.0,Lucknow,MCA,3,10,2024
3440,Rahul,56,Male,Finance,60047.5,5.0,Delhi,BCA,4,10,2021
3441,Amit,39,Male,Marketing,46809.0,12.0,Noida,MCA,2,4,2026
3442,Sneha,38,Female,IT,43756.0,12.0,Lucknow,B.Tech,4,5,2023
3443,Neha,39,Female,HR,79469.0,2.0,Lucknow,BCA,2,10,2016
3444,Rahul,39,Female,IT,58368.0,5.0,Pune,MCA,3,6,2019
3445,Rahul,33,Male,HR,60047.5,21.0,Lucknow,B.Com,3,10,2015
3446,Amit,55,Male,HR,60047.5,12.0,Noida,BCA,4,19,2020
3447,Sneha,55,Male,HR,60047.5,10.0,Lucknow,MCA,1,7,2020
3448,Sneha,39,Male,IT,77155.0,3.0,Mumbai,BCA,3,10,2025
3449,Priya,39,Male,HR,60047.5,14.0,Lucknow,MCA,3,12,2019
3450,Neha,39,Male,Marketing,90856.0,12.0,Delhi,BCA,3,12,2015
3451,Priya,39,Female,Sales,60047.5,14.0,Mumbai,BCA,4,1,2025
3452,Rahul,53,Male,Marketing,60047.5,16.0,Pune,MBA,1,9,2015
3453,Rahul,21,Male,HR,60047.5,1.0,Noida,MBA,2,10,2018
3454,Rahul,24,Male,Sales,98930.0,6.0,Lucknow,MBA,5,10,2020
3455,Priya,39,Female,IT,60047.5,15.0,Noida,MBA,4,2,2021
3456,Sneha,39,Male,HR,82827.0,12.0,Lucknow,BCA,3,9,2022
3457,Rahul,32,Female,HR,51437.0,15.0,Noida,MCA,2,12,2026
3458,Sneha,39,Female,HR,60047.5,24.0,Noida,B.Tech,3,4,2020
3459,Neha,24,Male,Finance,27983.0,18.0,Pune,MCA,3,10,2020
3460,Rahul,39,Male,Sales,64656.0,12.0,Delhi,MCA,2,18,2020
3461,Neha,29,Male,Finance,25635.0,12.0,Lucknow,MCA,3,3,2024
3462,Rohit,57,Female,IT,60047.5,12.0,Lucknow,B.Com,1,1,2026
3463,Rohit,46,Male,Sales,94975.0,1.0,Noida,B.Tech,3,18,2026
3464,Rohit,40,Male,HR,60047.5,22.0,Lucknow,B.Com,5,8,2024
3465,Rahul,39,Male,HR,76005.0,9.0,Mumbai,B.Com,2,19,2020
3466,Priya,39,Female,HR,60047.5,12.0,Lucknow,B.Tech,3,4,2023
3467,Rahul,47,Male,Sales,80477.0,12.0,Noida,MCA,4,10,2025
3469,Rahul,39,Male,HR,52903.0,17.0,Lucknow,MCA,4,10,2020
3470,Neha,39,Male,Finance,27311.0,3.0,Noida,MCA,1,8,2020
3471,Rahul,49,Male,Marketing,70611.0,12.0,Lucknow,BCA,3,10,2017
3472,Rahul,40,Male,HR,40615.0,17.0,Pune,BCA,3,7,2024
3473,Neha,28,Female,HR,76808.0,19.0,Mumbai,B.Com,3,12,2022
3474,Amit,36,Male,Marketing,53580.0,5.0,Lucknow,MBA,5,1,2016
3475,Sneha,39,Female,IT,77052.0,19.0,Lucknow,MCA,4,10,2020
3476,Rahul,50,Male,IT,60047.5,12.0,Noida,BCA,3,6,2020
3477,Neha,59,Female,Finance,60047.5,13.0,Noida,MCA,3,5,2020
3478,Amit,57,Male,Finance,60047.5,9.0,Lucknow,MCA,3,10,2023
3479,Sneha,38,Male,Finance,33760.0,17.0,Pune,MCA,3,12,2022
3480,Rohit,39,Male,HR,60047.5,8.0,Mumbai,MCA,4,5,2021
3481,Neha,39,Female,HR,99475.0,11.0,Lucknow,MCA,3,10,2018
3482,Neha,39,Male,Finance,80432.0,9.0,Lucknow,MCA,3,4,2021
3483,Rahul,33,Male,IT,93996.0,12.0,Lucknow,B.Tech,3,10,2015
3484,Rahul,52,Male,Finance,60047.5,23.0,Lucknow,B.Tech,3,8,2025
3485,Sneha,39,Male,Finance,60047.5,20.0,Lucknow,MCA,2,10,2022
3486,Rohit,55,Male,HR,60047.5,18.0,Mumbai,B.Tech,3,10,2022
3487,Rahul,29,Female,IT,94989.0,12.0,Noida,MCA,1,4,2023
3488,Sneha,39,Male,Marketing,60047.5,13.0,Lucknow,B.Com,2,18,2020
3490,Priya,20,Male,IT,74039.0,7.0,Delhi,BCA,3,18,2024
3491,Rahul,39,Male,Finance,24334.0,12.0,Mumbai,MCA,3,16,2021
3492,Rahul,46,Female,HR,47268.0,12.0,Lucknow,B.Tech,1,11,2020
3494,Sneha,39,Male,Sales,42068.0,23.0,Noida,MCA,3,12,2019
3495,Neha,35,Male,IT,48247.0,12.0,Lucknow,B.Tech,3,18,2025
3496,Rahul,39,Male,Finance,60047.5,12.0,Lucknow,MCA,1,18,2016
3497,Rohit,39,Male,Sales,36285.0,5.0,Lucknow,MBA,3,8,2020
3498,Sneha,57,Male,HR,44136.0,14.0,Lucknow,MCA,1,16,2022
3500,Rahul,47,Male,HR,60047.5,13.0,Delhi,B.Com,3,2,2025
3501,Priya,39,Female,Marketing,60047.5,20.0,Lucknow,B.Com,2,10,2020
3502,Rohit,40,Female,HR,38961.0,11.0,Lucknow,MCA,4,7,2020
3503,Priya,37,Male,HR,53443.0,12.0,Noida,B.Tech,3,1,2020
3504,Rahul,25,Male,IT,38823.0,12.0,Noida,B.Tech,1,2,2021
3505,Rohit,39,Female,Finance,60047.5,18.0,Lucknow,MBA,4,4,2022
3507,Amit,52,Male,Finance,45852.0,4.0,Mumbai,B.Tech,3,10,2020
3508,Rahul,39,Male,HR,60047.5,23.0,Lucknow,MCA,1,17,2020
3509,Rahul,22,Female,Sales,27004.0,8.0,Noida,MBA,3,10,2021
3510,Rahul,40,Male,Sales,60047.5,12.0,Pune,MCA,3,16,2022
3511,Amit,54,Male,Marketing,74086.0,12.0,Lucknow,MCA,4,10,2021
3512,Amit,59,Male,Finance,27131.0,13.0,Lucknow,BCA,1,10,2018
3513,Neha,39,Male,Sales,45649.0,4.0,Pune,MCA,3,10,2020
3514,Sneha,39,Male,Finance,60047.5,1.0,Noida,B.Com,3,14,2026
3515,Priya,57,Male,Sales,70806.0,6.0,Delhi,B.Tech,5,10,2020
3516,Neha,39,Male,Finance,51571.0,15.0,Mumbai,MCA,1,10,2024
3517,Rahul,39,Male,Finance,50580.0,12.0,Pune,MBA,3,4,2022
3518,Sneha,40,Male,HR,46469.0,12.0,Lucknow,B.Com,3,3,2020
3519,Amit,39,Male,Marketing,85179.0,22.0,Lucknow,MBA,2,10,2016
3520,Rahul,39,Female,HR,60047.5,11.0,Lucknow,B.Com,4,10,2024
3521,Rahul,32,Male,Marketing,60047.5,12.0,Lucknow,MCA,2,18,2021
3522,Sneha,39,Female,Finance,60047.5,12.0,Pune,B.Com,1,11,2020
3523,Neha,28,Male,HR,64407.0,23.0,Mumbai,BCA,4,19,2023
3524,Rohit,36,Male,Marketing,60047.5,15.0,Lucknow,B.Com,3,19,2020
3525,Rahul,21,Male,Finance,77367.0,12.0,Mumbai,MCA,3,10,2023
3526,Rahul,38,Male,Sales,58180.0,12.0,Noida,B.Com,5,10,2020
3527,Rahul,38,Female,Finance,24652.0,12.0,Noida,MCA,5,4,2015
3528,Rahul,39,Female,Marketing,92370.0,10.0,Noida,BCA,5,10,2020
3529,Priya,39,Female,HR,27084.0,3.0,Noida,B.Tech,2,16,2019
3530,Sneha,39,Male,HR,65630.0,3.0,Lucknow,MCA,3,14,2021
3531,Priya,36,Female,HR,60047.5,14.0,Pune,MCA,2,10,2022
3532,Rohit,46,Female,HR,60047.5,2.0,Lucknow,MCA,4,6,2015
3533,Rahul,21,Male,HR,77752.0,23.0,Lucknow,B.Com,1,10,2020
3534,Rahul,55,Female,HR,67670.0,18.0,Mumbai,B.Tech,5,16,2020
3535,Rahul,38,Female,HR,25272.0,20.0,Pune,MCA,5,10,2018
3536,Sneha,39,Female,HR,20218.0,1.0,Delhi,MCA,4,7,2015
3537,Sneha,24,Male,HR,57471.0,5.0,Delhi,MCA,2,19,2025
3538,Sneha,58,Female,Marketing,68762.0,21.0,Pune,MCA,2,10,2020
3539,Rahul,39,Male,IT,60047.5,23.0,Delhi,B.Tech,3,13,2021
3540,Rahul,39,Female,HR,54307.0,12.0,Pune,BCA,5,10,2020
3541,Sneha,39,Female,Marketing,98681.0,16.0,Lucknow,MBA,3,14,2018
3542,Rahul,58,Female,IT,37986.0,12.0,Lucknow,BCA,2,9,2020
3543,Rohit,55,Female,HR,90600.0,1.0,Lucknow,MCA,5,12,2020
3544,Amit,59,Male,IT,60047.5,11.0,Delhi,MCA,2,6,2021
3545,Rahul,23,Male,IT,31603.0,4.0,Lucknow,B.Com,3,12,2022
3546,Amit,39,Male,Sales,88024.0,9.0,Lucknow,MBA,4,10,2023
3547,Priya,44,Female,Finance,60047.5,8.0,Lucknow,MCA,3,10,2020
3548,Amit,39,Male,HR,38802.0,12.0,Delhi,MCA,3,7,2018
3549,Rahul,39,Female,IT,36411.0,7.0,Delhi,BCA,5,15,2017
3550,Sneha,39,Female,HR,80399.0,12.0,Lucknow,BCA,1,16,2019
3551,Rahul,39,Male,HR,80692.0,23.0,Lucknow,MCA,5,4,2020
3552,Priya,43,Male,HR,60047.5,5.0,Mumbai,MBA,3,6,2020
3553,Rahul,48,Male,HR,32770.0,23.0,Delhi,MBA,1,16,2020
3554,Rahul,28,Male,Marketing,60047.5,21.0,Lucknow,MBA,3,15,2017
3555,Priya,23,Male,Finance,57429.0,10.0,Lucknow,MBA,4,2,2020
3556,Rahul,39,Male,Sales,79429.0,12.0,Noida,MBA,4,10,2020
3557,Rohit,33,Male,HR,60047.5,12.0,Mumbai,MCA,3,15,2021
3558,Sneha,24,Male,Marketing,40337.0,12.0,Pune,MCA,4,10,2023
3559,Rahul,37,Female,IT,60047.5,12.0,Lucknow,MCA,5,12,2021
3560,Neha,39,Female,HR,79596.0,4.0,Delhi,BCA,2,10,2020
3561,Sneha,31,Female,HR,90509.0,15.0,Pune,MBA,2,15,2020
3562,Rahul,37,Male,HR,28436.0,12.0,Lucknow,BCA,3,8,2023
3563,Sneha,39,Male,IT,60047.5,12.0,Pune,MBA,2,11,2024
3564,Sneha,39,Female,Sales,60047.5,5.0,Pune,MCA,5,17,2020
3565,Sneha,43,Male,Finance,60047.5,8.0,Mumbai,MCA,4,1,2020
3566,Rahul,30,Female,Marketing,60047.5,12.0,Pune,MCA,3,15,2022
3567,Neha,54,Male,HR,21745.0,2.0,Pune,B.Tech,3,2,2020
3568,Rahul,42,Male,HR,60047.5,10.0,Delhi,MCA,5,10,2020
3569,Rahul,36,Male,HR,23879.0,12.0,Lucknow,B.Tech,2,6,2019
3570,Rahul,20,Male,Finance,38499.0,20.0,Lucknow,BCA,3,10,2024
3571,Sneha,39,Male,Sales,55035.0,24.0,Mumbai,MCA,3,13,2020
3572,Rahul,51,Female,IT,38651.0,10.0,Lucknow,B.Com,4,15,2017
3573,Rohit,28,Male,HR,95224.0,1.0,Lucknow,MCA,4,10,2020
3574,Rohit,39,Male,HR,60047.5,0.0,Mumbai,MCA,1,9,2020
3575,Rahul,47,Male,HR,60047.5,23.0,Pune,MCA,3,10,2021
3576,Rohit,43,Male,IT,43849.0,12.0,Pune,MCA,1,9,2020
3577,Rahul,54,Female,Finance,93309.0,12.0,Noida,MCA,4,18,2019
3578,Neha,41,Female,Sales,49076.0,13.0,Lucknow,MCA,3,9,2020
3579,Rahul,46,Male,IT,90123.0,12.0,Mumbai,B.Com,3,10,2022
3580,Neha,39,Male,IT,60047.5,23.0,Lucknow,B.Tech,4,10,2018
3581,Rohit,31,Male,IT,35787.0,4.0,Noida,B.Tech,2,5,2023
3582,Neha,39,Male,HR,73462.0,12.0,Delhi,B.Com,4,13,2020
3583,Neha,20,Male,IT,91035.0,12.0,Lucknow,BCA,3,12,2019
3584,Rahul,40,Female,Finance,23841.0,22.0,Lucknow,MCA,5,9,2025
3585,Rahul,39,Male,HR,64890.0,18.0,Lucknow,MCA,3,19,2021
3586,Sneha,39,Male,IT,45402.0,16.0,Delhi,B.Com,3,1,2020
3587,Neha,39,Male,HR,60047.5,12.0,Noida,BCA,3,10,2026
3588,Priya,39,Male,HR,60047.5,12.0,Mumbai,B.Tech,4,5,2026
3589,Rohit,41,Male,HR,60047.5,12.0,Mumbai,MBA,2,10,2020
3590,Neha,37,Male,Finance,60047.5,17.0,Noida,BCA,3,13,2018
3591,Sneha,39,Female,Sales,20553.0,12.0,Pune,MBA,3,6,2020
3592,Rohit,46,Male,IT,60047.5,7.0,Pune,BCA,3,13,2026
3593,Amit,47,Female,IT,27045.0,1.0,Lucknow,B.Com,3,6,2022
3595,Priya,39,Male,HR,60047.5,10.0,Lucknow,BCA,3,8,2025
3596,Neha,39,Male,Finance,52261.0,13.0,Lucknow,B.Com,3,11,2025
3597,Amit,37,Female,IT,98879.0,15.0,Noida,B.Tech,1,10,2020
3598,Amit,39,Female,HR,22853.0,14.0,Lucknow,MCA,3,10,2020
3599,Rahul,39,Male,HR,95664.0,14.0,Noida,MCA,2,4,2020
3600,Amit,39,Female,Sales,60047.5,12.0,Delhi,B.Com,3,14,2015
3601,Priya,39,Male,Marketing,22736.0,6.0,Lucknow,B.Tech,4,4,2015
3602,Priya,55,Male,HR,60047.5,12.0,Mumbai,MBA,3,15,2023
3603,Rahul,37,Male,HR,31440.0,12.0,Delhi,MCA,2,10,2018
3604,Priya,57,Male,IT,90716.0,21.0,Pune,MBA,3,10,2023
3605,Rahul,39,Female,IT,60047.5,22.0,Lucknow,B.Com,3,10,2020
3606,Rahul,28,Male,Marketing,60047.5,23.0,Mumbai,BCA,3,10,2020
3608,Rahul,54,Male,HR,85620.0,18.0,Lucknow,MCA,3,4,2025
3609,Rahul,37,Female,Sales,60047.5,9.0,Noida,BCA,2,1,2020
3610,Amit,39,Female,Finance,21935.0,7.0,Mumbai,B.Com,3,10,2020
3611,Rahul,39,Female,HR,60047.5,15.0,Noida,B.Tech,5,10,2021
3612,Amit,47,Female,Sales,94798.0,15.0,Pune,MBA,2,7,2020
3613,Rohit,39,Male,Finance,60047.5,11.0,Pune,MCA,5,15,2016
3614,Rahul,39,Male,HR,62481.0,12.0,Delhi,MCA,4,6,2024
3615,Neha,58,Male,Sales,75721.0,4.0,Lucknow,B.Tech,1,10,2023
3616,Sneha,39,Female,HR,60047.5,19.0,Noida,MCA,4,18,2020
3617,Sneha,44,Female,HR,55330.0,5.0,Mumbai,B.Tech,3,4,2020
3618,Amit,39,Male,Marketing,98976.0,24.0,Lucknow,BCA,4,1,2020
3619,Rahul,31,Male,HR,56994.0,5.0,Delhi,MCA,1,3,2020
3620,Rahul,21,Male,Marketing,50384.0,7.0,Noida,B.Com,2,13,2020
3622,Neha,41,Male,HR,60047.5,11.0,Lucknow,MCA,3,10,2020
3623,Rahul,50,Male,Sales,36926.0,12.0,Lucknow,MBA,3,4,2018
3624,Rohit,42,Female,HR,58977.0,13.0,Noida,B.Tech,3,11,2024
3625,Neha,39,Male,HR,43652.0,1.0,Pune,BCA,4,10,2020
3626,Neha,57,Male,Finance,83295.0,12.0,Lucknow,MCA,3,7,2020
3627,Rohit,39,Male,Finance,30270.0,5.0,Pune,MBA,1,3,2020
3628,Neha,34,Male,Marketing,60047.5,17.0,Lucknow,B.Tech,3,7,2024
3629,Rahul,39,Male,Finance,60047.5,12.0,Mumbai,MCA,2,8,2024
3630,Neha,44,Male,Marketing,66894.0,21.0,Lucknow,B.Tech,3,12,2024
3631,Sneha,39,Male,HR,76042.0,4.0,Delhi,MBA,1,7,2020
3632,Priya,26,Female,HR,83253.0,12.0,Mumbai,MCA,3,10,2015
3633,Rohit,50,Male,HR,60047.5,14.0,Lucknow,MCA,2,17,2019
3634,Neha,31,Female,Marketing,72723.0,5.0,Delhi,MBA,4,4,2019
3635,Sneha,24,Female,HR,60047.5,7.0,Lucknow,MBA,3,17,2020
3636,Rohit,57,Female,HR,75008.0,8.0,Mumbai,MCA,3,18,2025
3637,Amit,31,Male,Finance,60047.5,12.0,Mumbai,BCA,2,4,2017
3638,Rahul,58,Male,Sales,66125.0,21.0,Lucknow,BCA,5,17,2020
3639,Neha,37,Male,Sales,95449.0,5.0,Pune,MCA,3,15,2017
3640,Sneha,21,Male,Marketing,94102.0,21.0,Lucknow,MCA,4,10,2017
3641,Sneha,39,Male,Finance,60047.5,12.0,Lucknow,BCA,4,13,2017
3643,Rohit,39,Male,Marketing,60047.5,19.0,Pune,BCA,2,12,2023
3644,Sneha,39,Male,Marketing,66652.0,0.0,Lucknow,MCA,4,17,2025
3645,Rohit,23,Male,IT,60047.5,15.0,Lucknow,B.Com,4,7,2020
3646,Sneha,39,Male,HR,60047.5,0.0,Delhi,MBA,3,7,2022
3647,Priya,50,Female,Marketing,46110.0,0.0,Lucknow,BCA,2,10,2024
3648,Sneha,39,Male,HR,25349.0,6.0,Mumbai,MBA,5,10,2026
3649,Amit,39,Male,HR,50374.0,15.0,Noida,MCA,4,4,2015
3650,Rahul,39,Male,HR,60047.5,16.0,Mumbai,MBA,5,16,2023
3651,Sneha,57,Female,Sales,20057.0,15.0,Lucknow,BCA,2,5,2022
3652,Rahul,39,Male,IT,60047.5,12.0,Pune,B.Tech,3,19,2020
3653,Rohit,34,Male,HR,84578.0,5.0,Pune,B.Tech,3,14,2020
3654,Priya,39,Female,HR,39121.0,17.0,Pune,B.Tech,4,10,2025
3655,Priya,25,Male,HR,25493.0,12.0,Pune,B.Com,3,9,2024
3656,Rohit,56,Female,HR,60047.5,21.0,Pune,B.Com,3,10,2021
3657,Rahul,51,Male,Finance,21431.0,2.0,Delhi,MCA,4,16,2022
3658,Rohit,39,Male,HR,80469.0,7.0,Noida,BCA,1,10,2021
3659,Rohit,39,Male,HR,82241.0,3.0,Lucknow,B.Tech,1,7,2015
3660,Priya,41,Male,Marketing,60047.5,12.0,Pune,B.Tech,1,3,2024
3661,Priya,41,Female,HR,31351.0,3.0,Lucknow,MCA,3,15,2020
3662,Rohit,29,Female,HR,60047.5,16.0,Lucknow,MBA,3,14,2018
3663,Rohit,22,Male,Finance,51195.0,21.0,Lucknow,MBA,4,7,2023
3664,Rohit,31,Male,Sales,42735.0,4.0,Lucknow,MCA,4,18,2020
3665,Priya,48,Male,HR,35203.0,24.0,Noida,MCA,4,5,2020
3666,Rohit,36,Female,Marketing,23974.0,13.0,Delhi,MBA,1,8,2020
3667,Rohit,26,Male,Marketing,60047.5,14.0,Delhi,MCA,3,18,2025
3668,Neha,32,Female,HR,32636.0,24.0,Noida,B.Com,2,19,2023
3669,Rahul,21,Female,Finance,60047.5,11.0,Lucknow,MCA,3,10,2019
3670,Amit,23,Male,HR,60047.5,12.0,Delhi,B.Com,4,6,2025
3671,Rahul,29,Male,Sales,51812.0,12.0,Mumbai,MCA,3,18,2020
3672,Neha,58,Male,Marketing,48760.0,22.0,Delhi,MCA,4,15,2020
3673,Amit,43,Male,HR,24966.0,12.0,Delhi,MCA,1,14,2017
3674,Rahul,36,Male,Marketing,99698.0,12.0,Noida,BCA,1,8,2018
3675,Neha,25,Male,HR,36058.0,23.0,Delhi,MCA,4,11,2019
3676,Rahul,38,Female,Marketing,60047.5,18.0,Lucknow,B.Com,5,11,2015
3677,Priya,39,Male,HR,22998.0,21.0,Pune,MCA,1,10,2020
3678,Sneha,51,Male,Sales,60047.5,6.0,Noida,BCA,3,16,2025
3679,Neha,29,Female,Marketing,86445.0,12.0,Pune,MCA,1,7,2021
3680,Rahul,39,Female,HR,54648.0,12.0,Mumbai,B.Com,2,3,2025
3681,Neha,46,Female,Sales,80623.0,12.0,Noida,B.Tech,3,2,2026
3682,Neha,39,Male,Finance,98033.0,17.0,Delhi,B.Com,1,3,2020
3683,Priya,38,Female,HR,27527.0,24.0,Pune,B.Com,1,8,2020
3684,Rahul,39,Male,HR,23072.0,13.0,Mumbai,B.Com,3,8,2026
3685,Rahul,43,Male,HR,60047.5,15.0,Lucknow,MCA,2,10,2020
3686,Rohit,39,Male,HR,49652.0,22.0,Noida,BCA,3,13,2019
3687,Neha,39,Male,HR,24476.0,22.0,Delhi,B.Com,2,17,2020
3688,Rahul,43,Female,Finance,60047.5,19.0,Lucknow,MCA,3,18,2020
3689,Sneha,39,Male,HR,82513.0,12.0,Lucknow,BCA,3,10,2020
3690,Priya,22,Male,Marketing,36219.0,4.0,Lucknow,B.Tech,4,10,2015
3691,Rohit,23,Male,Marketing,60047.5,21.0,Lucknow,B.Com,3,2,2020
3692,Priya,39,Female,HR,99903.0,12.0,Pune,MBA,2,10,2020
3693,Rohit,59,Male,IT,60047.5,11.0,Mumbai,MCA,1,7,2019
3694,Rahul,39,Female,HR,26855.0,17.0,Mumbai,MCA,4,15,2017
3695,Rahul,50,Male,HR,76553.0,3.0,Noida,B.Tech,2,10,2020
3696,Rahul,44,Male,HR,88633.0,12.0,Pune,MCA,1,15,2026
3697,Rahul,59,Male,Finance,60047.5,12.0,Mumbai,MCA,2,16,2026
3699,Rahul,39,Female,IT,41944.0,3.0,Pune,MBA,4,15,2021
3700,Rahul,33,Female,HR,53921.0,22.0,Pune,MCA,5,3,2020
3701,Neha,32,Female,HR,81282.0,12.0,Noida,B.Com,4,10,2020
3702,Rohit,39,Female,IT,71397.0,12.0,Lucknow,MCA,4,16,2020
3703,Rahul,25,Male,HR,38070.0,22.0,Lucknow,MCA,3,2,2020
3704,Priya,36,Male,HR,74987.0,1.0,Lucknow,B.Com,1,17,2021
3705,Rahul,55,Female,HR,60047.5,20.0,Lucknow,MBA,4,10,2017
3706,Priya,59,Female,HR,60047.5,17.0,Pune,MCA,1,4,2015
3707,Neha,54,Male,Finance,79439.0,20.0,Noida,B.Com,1,10,2021
3708,Rohit,36,Female,Sales,51489.0,12.0,Delhi,BCA,3,17,2020
3709,Neha,21,Male,Sales,43178.0,12.0,Pune,MCA,4,2,2022
3710,Amit,32,Male,HR,60047.5,2.0,Lucknow,B.Com,3,1,2025
3711,Priya,39,Male,Finance,77956.0,21.0,Lucknow,B.Com,3,10,2015
3712,Amit,47,Male,HR,67802.0,14.0,Lucknow,MCA,5,11,2020
3713,Sneha,45,Female,IT,82778.0,20.0,Pune,B.Com,3,10,2026
3714,Rahul,41,Male,Marketing,77719.0,19.0,Lucknow,MBA,5,11,2026
3715,Rahul,22,Male,HR,53573.0,9.0,Delhi,B.Tech,1,5,2022
3716,Neha,54,Female,Marketing,53688.0,12.0,Lucknow,MBA,1,10,2024
3717,Rohit,39,Female,HR,60047.5,12.0,Noida,MBA,3,5,2021
3718,Amit,39,Male,IT,70697.0,13.0,Lucknow,MCA,2,10,2016
3719,Rahul,39,Female,Finance,53978.0,12.0,Delhi,MCA,3,10,2018
3720,Neha,39,Male,Marketing,60047.5,12.0,Mumbai,B.Com,4,13,2020
3721,Rahul,39,Male,Finance,30272.0,6.0,Noida,MCA,2,16,2020
3722,Rohit,58,Female,HR,26212.0,10.0,Delhi,B.Com,3,7,2020
3723,Rahul,32,Male,Marketing,41071.0,12.0,Noida,B.Tech,2,10,2020
3724,Rahul,31,Male,HR,95236.0,24.0,Delhi,BCA,3,10,2026
3725,Amit,32,Female,HR,37297.0,8.0,Mumbai,MCA,4,10,2022
3726,Rahul,29,Male,HR,71932.0,21.0,Lucknow,MCA,3,10,2021
3727,Rahul,39,Male,Marketing,60047.5,22.0,Mumbai,B.Tech,3,16,2018
3728,Amit,39,Male,IT,48625.0,12.0,Pune,MCA,2,10,2024
3729,Rahul,35,Male,HR,60047.5,15.0,Noida,B.Tech,3,9,2018
3730,Rahul,54,Female,HR,60047.5,2.0,Lucknow,B.Com,3,16,2018
3731,Rohit,22,Male,HR,60047.5,4.0,Noida,MCA,3,11,2019
3732,Neha,24,Female,HR,60047.5,12.0,Delhi,MCA,4,9,2025
3733,Rohit,45,Male,Marketing,65813.0,16.0,Pune,B.Com,2,10,2020
3734,Rahul,30,Female,HR,40121.0,0.0,Pune,MCA,4,10,2020
3735,Rahul,39,Male,Marketing,60047.5,20.0,Noida,MBA,3,15,2020
3736,Neha,29,Female,HR,60047.5,8.0,Pune,B.Tech,4,10,2020
3737,Amit,53,Male,IT,60047.5,12.0,Lucknow,BCA,3,17,2022
3738,Neha,22,Male,Finance,37178.0,16.0,Delhi,MCA,4,4,2020
3739,Rahul,39,Male,HR,87258.0,12.0,Lucknow,MCA,3,11,2015
3740,Amit,50,Male,HR,60047.5,14.0,Lucknow,MCA,1,1,2020
3741,Neha,30,Female,Marketing,80563.0,20.0,Mumbai,MBA,5,1,2020
3742,Rahul,26,Female,IT,70050.0,7.0,Lucknow,MBA,4,3,2022
3743,Amit,21,Male,HR,60047.5,12.0,Delhi,B.Tech,3,10,2015
3744,Priya,25,Male,HR,60047.5,12.0,Lucknow,BCA,3,10,2019
3745,Rohit,51,Male,HR,33262.0,22.0,Mumbai,B.Com,1,16,2020
3747,Sneha,53,Male,HR,60047.5,4.0,Delhi,MCA,5,10,2020
3748,Rahul,35,Female,HR,97760.0,15.0,Pune,B.Tech,5,5,2024
3749,Priya,39,Female,Finance,60047.5,24.0,Pune,MCA,3,6,2020
3750,Sneha,31,Male,Marketing,96788.0,18.0,Mumbai,B.Tech,2,15,2023
3751,Neha,26,Male,Sales,60047.5,0.0,Lucknow,MBA,2,9,2020
3752,Rahul,39,Female,Marketing,27197.0,12.0,Mumbai,B.Tech,3,10,2023
3753,Rahul,36,Male,Sales,33677.0,12.0,Lucknow,MCA,3,19,2020
3754,Rahul,39,Female,HR,31039.0,6.0,Lucknow,B.Tech,4,13,2016
3755,Priya,25,Female,HR,60047.5,12.0,Pune,MBA,1,13,2020
3756,Priya,39,Female,HR,60047.5,1.0,Lucknow,BCA,3,3,2018
3757,Rahul,46,Female,IT,92242.0,15.0,Lucknow,MCA,3,14,2020
3758,Rahul,39,Female,HR,31655.0,13.0,Noida,BCA,3,2,2025
3759,Neha,57,Male,Sales,67907.0,12.0,Noida,MCA,5,10,2026
3760,Rahul,39,Male,IT,29449.0,24.0,Lucknow,MBA,5,9,2021
3761,Rahul,39,Male,Sales,44630.0,13.0,Pune,B.Tech,2,13,2026
3762,Sneha,39,Female,HR,94658.0,12.0,Pune,MCA,3,11,2016
3763,Rahul,39,Female,HR,60047.5,11.0,Delhi,MCA,1,2,2021
3764,Rahul,34,Male,HR,60047.5,19.0,Noida,BCA,2,16,2019
3765,Rahul,48,Male,HR,60047.5,12.0,Noida,B.Com,1,10,2024
3766,Rahul,39,Female,Marketing,33859.0,2.0,Lucknow,B.Com,3,1,2020
3767,Sneha,39,Male,HR,43640.0,12.0,Lucknow,B.Com,3,8,2026
3769,Priya,41,Male,Sales,73235.0,1.0,Mumbai,MBA,3,14,2020
3770,Rohit,24,Female,Sales,22512.0,12.0,Pune,B.Tech,2,2,2017
3771,Rahul,58,Male,Finance,41912.0,12.0,Lucknow,B.Tech,3,18,2017
3772,Neha,37,Male,HR,55515.0,20.0,Lucknow,MCA,3,10,2020
3773,Rahul,57,Female,Sales,35416.0,14.0,Lucknow,BCA,3,12,2019
3774,Rahul,56,Male,Sales,60047.5,12.0,Delhi,MCA,3,15,2019
3775,Sneha,49,Male,HR,96510.0,12.0,Lucknow,MCA,5,2,2019
3776,Rahul,50,Male,IT,63746.0,17.0,Lucknow,B.Tech,3,10,2020
3777,Rohit,29,Female,IT,60047.5,22.0,Noida,MCA,3,11,2020
3778,Rahul,39,Male,Finance,60047.5,12.0,Delhi,BCA,3,2,2020
3779,Priya,37,Male,HR,33031.0,12.0,Delhi,MCA,3,19,2020
3780,Rahul,39,Male,Sales,53000.0,23.0,Lucknow,MBA,3,5,2020
3781,Priya,52,Female,Sales,71253.0,20.0,Delhi,MCA,3,17,2016
3782,Rahul,35,Male,HR,60047.5,1.0,Pune,B.Com,5,16,2020
3783,Priya,39,Female,Finance,38313.0,12.0,Lucknow,MCA,3,13,2023
3784,Rahul,39,Male,Sales,95186.0,6.0,Delhi,MCA,4,13,2017
3785,Rahul,53,Male,HR,60047.5,23.0,Pune,BCA,3,10,2016
3786,Amit,47,Male,HR,60047.5,6.0,Noida,B.Tech,1,5,2022
3787,Rahul,21,Male,Marketing,50364.0,22.0,Lucknow,MCA,5,10,2020
3788,Neha,49,Female,Sales,38361.0,13.0,Noida,MBA,1,10,2020
3789,Rahul,39,Male,HR,87949.0,24.0,Lucknow,B.Com,1,7,2022
3790,Rahul,35,Male,Sales,51070.0,23.0,Delhi,B.Tech,3,11,2019
3792,Rahul,47,Male,Finance,49854.0,1.0,Lucknow,MCA,3,7,2023
3793,Neha,39,Female,IT,49655.0,22.0,Lucknow,MBA,1,3,2018
3794,Sneha,39,Male,Sales,29952.0,14.0,Pune,B.Com,3,13,2015
3795,Rahul,43,Male,IT,56365.0,10.0,Pune,MCA,2,3,2019
3796,Rohit,46,Male,HR,86156.0,12.0,Mumbai,B.Tech,1,6,2021
3798,Amit,46,Male,HR,60047.5,16.0,Delhi,BCA,5,4,2020
3799,Sneha,39,Male,HR,67673.0,8.0,Lucknow,B.Com,4,10,2023
3800,Rahul,26,Male,HR,20974.0,14.0,Lucknow,MCA,3,10,2023
3801,Rohit,57,Male,HR,32679.0,13.0,Delhi,MCA,3,19,2020
3802,Amit,24,Male,IT,81791.0,18.0,Lucknow,MCA,3,10,2020
3803,Priya,39,Female,Sales,47429.0,16.0,Delhi,B.Com,2,10,2020
3804,Sneha,39,Male,Finance,38073.0,12.0,Lucknow,MCA,3,10,2020
3805,Rahul,53,Female,HR,90207.0,12.0,Delhi,B.Com,1,9,2026
3806,Rahul,34,Male,Finance,60047.5,12.0,Mumbai,MCA,3,10,2020
3807,Rahul,39,Female,HR,60047.5,15.0,Pune,B.Tech,3,10,2025
3808,Priya,39,Male,Sales,94453.0,12.0,Mumbai,MCA,4,10,2019
3809,Rahul,39,Male,HR,27784.0,12.0,Lucknow,B.Com,3,5,2024
3810,Rohit,39,Male,Marketing,60047.5,6.0,Lucknow,MCA,5,4,2025
3812,Rohit,48,Male,HR,45650.0,0.0,Lucknow,MBA,1,6,2020
3813,Sneha,58,Male,Sales,88741.0,11.0,Lucknow,B.Com,4,2,2024
3814,Rahul,23,Male,HR,60047.5,24.0,Mumbai,B.Tech,1,3,2020
3816,Neha,48,Male,Sales,60047.5,12.0,Pune,B.Tech,4,18,2020
3817,Amit,30,Male,IT,70243.0,17.0,Lucknow,B.Com,3,7,2019
3818,Rahul,52,Male,HR,60047.5,18.0,Noida,MBA,3,10,2026
3819,Sneha,39,Male,Sales,60047.5,12.0,Delhi,B.Com,3,13,2020
3820,Amit,39,Male,Finance,60047.5,12.0,Lucknow,MCA,1,6,2015
3821,Rahul,39,Female,HR,45793.0,2.0,Delhi,MCA,3,3,2021
3823,Neha,40,Female,HR,66746.0,2.0,Lucknow,B.Tech,4,10,2015
3824,Rahul,39,Female,HR,51989.0,18.0,Lucknow,MCA,4,11,2021
3825,Rohit,39,Male,Marketing,69465.0,4.0,Lucknow,MCA,3,4,2021
3826,Rahul,57,Male,Sales,81383.0,13.0,Mumbai,BCA,1,10,2024
3827,Priya,21,Male,Sales,60047.5,20.0,Mumbai,MCA,2,4,2020
3828,Rohit,46,Male,IT,58652.0,12.0,Mumbai,MBA,3,13,2020
3829,Rohit,39,Female,Sales,33383.0,24.0,Lucknow,MCA,5,10,2018
3830,Rahul,30,Male,Finance,90784.0,0.0,Noida,MBA,1,6,2018
3831,Rahul,39,Female,Finance,60047.5,12.0,Lucknow,MCA,1,10,2023
3832,Rahul,20,Female,HR,60047.5,10.0,Pune,B.Com,3,2,2021
3833,Amit,54,Female,HR,72443.0,12.0,Pune,MCA,3,18,2020
3834,Neha,54,Male,Marketing,76325.0,20.0,Lucknow,MCA,2,18,2026
3835,Rahul,50,Female,HR,75919.0,3.0,Mumbai,BCA,2,12,2023
3836,Sneha,39,Female,IT,36611.0,1.0,Mumbai,MCA,5,10,2020
3837,Rahul,58,Male,IT,60047.5,8.0,Mumbai,MCA,4,10,2026
3838,Rahul,20,Female,HR,60047.5,21.0,Delhi,BCA,2,17,2018
3839,Rahul,44,Male,HR,30256.0,24.0,Mumbai,B.Tech,3,4,2023
3840,Rahul,57,Male,Sales,74856.0,4.0,Lucknow,MCA,5,10,2020
3841,Rahul,39,Male,HR,60533.0,3.0,Lucknow,MCA,1,16,2021
3842,Sneha,22,Female,Finance,60047.5,22.0,Delhi,MCA,3,9,2023
3843,Rahul,39,Male,Sales,60047.5,4.0,Mumbai,B.Com,1,11,2018
3844,Rohit,37,Male,HR,60047.5,23.0,Noida,MBA,5,12,2023
3845,Sneha,29,Female,HR,36453.0,12.0,Noida,MBA,4,11,2021
3847,Rahul,28,Male,HR,60047.5,12.0,Delhi,BCA,5,8,2017
3848,Rohit,39,Female,Marketing,60047.5,4.0,Lucknow,BCA,1,10,2020
3849,Rahul,53,Male,Marketing,60047.5,12.0,Lucknow,MCA,5,18,2017
3850,Priya,57,Male,IT,60047.5,12.0,Lucknow,B.Com,3,10,2021
3851,Rahul,50,Female,Sales,33193.0,12.0,Pune,B.Tech,4,16,2015
3852,Neha,29,Male,HR,84042.0,12.0,Mumbai,MCA,3,15,2021
3853,Rohit,39,Female,HR,60047.5,21.0,Mumbai,MCA,2,7,2017
3854,Amit,55,Female,Sales,50692.0,17.0,Lucknow,MCA,4,10,2023
3855,Rahul,40,Male,HR,90490.0,12.0,Lucknow,MCA,5,10,2020
3856,Rahul,25,Female,Marketing,60047.5,5.0,Mumbai,B.Tech,3,10,2021
3857,Amit,22,Male,Sales,30719.0,12.0,Mumbai,BCA,1,10,2023
3858,Priya,39,Male,Marketing,60047.5,12.0,Lucknow,B.Tech,2,8,2020
3859,Priya,24,Female,IT,60047.5,12.0,Pune,B.Tech,3,10,2024
3860,Rahul,45,Female,HR,60047.5,7.0,Lucknow,BCA,3,10,2025
3861,Rahul,40,Male,HR,60047.5,12.0,Noida,MCA,3,9,2016
3862,Priya,45,Male,HR,51050.0,0.0,Lucknow,BCA,3,10,2020
3863,Rohit,57,Male,Finance,60047.5,20.0,Delhi,BCA,1,10,2020
3864,Sneha,45,Female,HR,25050.0,12.0,Pune,B.Com,1,14,2016
3865,Amit,27,Male,Marketing,66716.0,19.0,Lucknow,MCA,1,10,2020
3866,Amit,24,Female,HR,22438.0,13.0,Lucknow,B.Tech,3,10,2026
3867,Priya,34,Female,Finance,67431.0,12.0,Lucknow,BCA,3,17,2023
3868,Rahul,35,Male,HR,36760.0,1.0,Lucknow,MCA,3,8,2020
3869,Rohit,20,Female,IT,60047.5,20.0,Noida,BCA,3,10,2018
3870,Rahul,35,Male,HR,60047.5,3.0,Pune,BCA,4,10,2020
3871,Neha,39,Female,Sales,63815.0,12.0,Lucknow,BCA,3,12,2019
3872,Rahul,39,Female,Finance,60047.5,6.0,Mumbai,MCA,4,10,2020
3873,Sneha,50,Female,HR,60047.5,5.0,Pune,B.Tech,5,3,2020
3874,Priya,32,Female,Finance,45634.0,12.0,Lucknow,MCA,2,10,2022
3875,Priya,35,Female,IT,80403.0,8.0,Pune,MCA,3,4,2026
3876,Priya,40,Female,Sales,60047.5,13.0,Mumbai,MCA,3,1,2020
3877,Sneha,39,Male,Marketing,60047.5,19.0,Lucknow,MCA,3,9,2015
3878,Rahul,46,Male,HR,60047.5,12.0,Lucknow,B.Com,3,10,2018
3879,Rahul,39,Male,IT,60047.5,4.0,Lucknow,B.Tech,5,10,2020
3880,Rahul,45,Male,Finance,80197.0,12.0,Mumbai,B.Tech,1,18,2024
3881,Sneha,57,Male,HR,41959.0,18.0,Pune,BCA,5,10,2020
3882,Rahul,44,Male,IT,60047.5,7.0,Mumbai,B.Tech,3,7,2020
3883,Rahul,30,Male,HR,60047.5,6.0,Mumbai,MCA,5,10,2021
3884,Rohit,27,Female,HR,37899.0,6.0,Pune,MBA,3,14,2022
3885,Rahul,27,Male,HR,60047.5,23.0,Noida,B.Tech,4,10,2020
3886,Rahul,39,Female,HR,60047.5,22.0,Lucknow,MBA,1,11,2020
3887,Amit,26,Male,HR,76963.0,12.0,Delhi,B.Com,3,10,2020
3888,Amit,57,Female,HR,60047.5,2.0,Delhi,BCA,3,10,2020
3890,Amit,27,Female,Sales,25597.0,12.0,Delhi,BCA,2,10,2020
3891,Rohit,39,Male,HR,30244.0,0.0,Noida,MCA,3,10,2020
3892,Priya,39,Female,IT,60047.5,4.0,Mumbai,MCA,5,7,2023
3893,Neha,39,Male,Sales,60047.5,3.0,Lucknow,MBA,3,17,2015
3894,Rahul,50,Female,HR,60047.5,12.0,Delhi,MCA,3,12,2016
3895,Rahul,39,Male,Sales,60047.5,12.0,Lucknow,MCA,3,5,2018
3897,Priya,34,Male,Sales,60047.5,12.0,Pune,MCA,3,4,2025
3898,Sneha,49,Female,HR,84912.0,12.0,Mumbai,MCA,2,7,2020
3899,Rahul,45,Female,Sales,64493.0,13.0,Lucknow,MBA,3,10,2020
3900,Rahul,29,Female,Marketing,92417.0,18.0,Delhi,MCA,3,1,2020
3901,Rohit,39,Male,HR,65785.0,12.0,Mumbai,MCA,4,10,2021
3902,Sneha,35,Male,Finance,60047.5,12.0,Lucknow,BCA,5,10,2020
3903,Rohit,39,Male,IT,50869.0,17.0,Mumbai,MBA,1,10,2020
3904,Sneha,39,Male,HR,60047.5,14.0,Delhi,B.Tech,3,17,2022
3905,Rohit,56,Female,HR,50192.0,22.0,Pune,BCA,2,9,2017
3906,Priya,41,Male,HR,89157.0,6.0,Pune,MCA,5,4,2020
3907,Rahul,39,Female,HR,60047.5,12.0,Pune,MCA,1,9,2020
3908,Sneha,42,Female,Sales,77544.0,16.0,Noida,BCA,3,10,2018
3909,Neha,39,Female,Sales,60047.5,12.0,Lucknow,B.Tech,1,2,2020
3910,Neha,48,Male,Finance,56091.0,10.0,Lucknow,B.Tech,3,18,2018
3911,Rahul,35,Male,HR,72510.0,4.0,Mumbai,MCA,3,10,2018
3912,Rohit,57,Male,Marketing,60047.5,1.0,Pune,B.Com,3,10,2016
3913,Neha,47,Male,HR,59203.0,14.0,Lucknow,MCA,3,10,2020
3914,Rahul,57,Female,HR,76473.0,12.0,Lucknow,MBA,2,10,2024
3915,Rahul,39,Female,HR,72123.0,11.0,Mumbai,MCA,5,10,2017
3916,Rahul,33,Female,IT,68260.0,9.0,Lucknow,MBA,3,10,2026
3917,Sneha,39,Female,Marketing,65938.0,9.0,Noida,B.Com,5,10,2024
3918,Amit,28,Male,HR,60047.5,19.0,Lucknow,MCA,3,15,2015
3919,Rohit,46,Female,HR,60047.5,10.0,Delhi,B.Tech,4,10,2020
3920,Rahul,43,Male,Finance,73252.0,9.0,Lucknow,MBA,3,19,2019
3921,Neha,32,Male,HR,34628.0,6.0,Delhi,MBA,5,10,2020
3922,Neha,45,Female,HR,32501.0,13.0,Delhi,B.Tech,3,16,2020
3924,Rahul,39,Female,HR,88348.0,12.0,Noida,MCA,3,1,2017
3925,Sneha,47,Male,IT,29402.0,12.0,Pune,BCA,1,2,2020
3926,Priya,27,Male,Sales,60047.5,9.0,Mumbai,MCA,3,10,2016
3927,Amit,42,Male,Marketing,60047.5,7.0,Noida,MCA,4,10,2020
3928,Neha,48,Male,IT,46000.0,12.0,Pune,MBA,2,10,2025
3929,Neha,24,Male,HR,87462.0,12.0,Noida,MBA,1,9,2017
3931,Rahul,39,Female,IT,25988.0,10.0,Lucknow,B.Com,4,2,2020
3932,Rahul,39,Male,IT,94279.0,19.0,Lucknow,B.Com,5,10,2020
3933,Rahul,39,Male,IT,60047.5,10.0,Mumbai,MCA,3,11,2026
3934,Rahul,44,Female,Marketing,60047.5,12.0,Lucknow,MCA,4,10,2020
3935,Rohit,28,Male,Sales,60047.5,9.0,Delhi,BCA,3,8,2018
3936,Neha,46,Male,IT,78824.0,14.0,Noida,B.Com,3,8,2022
3937,Sneha,39,Female,Finance,94399.0,12.0,Pune,MBA,5,10,2024
3938,Priya,42,Male,HR,80659.0,14.0,Lucknow,MCA,3,11,2018
3939,Sneha,29,Male,HR,57790.0,24.0,Lucknow,MCA,4,19,2025
3940,Rohit,44,Female,HR,42118.0,15.0,Pune,B.Tech,1,14,2023
3941,Neha,22,Female,HR,60047.5,5.0,Delhi,MBA,2,11,2020
3942,Amit,39,Male,HR,79938.0,10.0,Lucknow,B.Tech,4,3,2020
3944,Rahul,21,Male,Sales,60047.5,14.0,Pune,BCA,4,3,2023
3945,Sneha,39,Male,Finance,60047.5,15.0,Pune,B.Tech,3,10,2020
3946,Rahul,42,Male,Marketing,75474.0,12.0,Lucknow,B.Tech,2,1,2021
3947,Rahul,39,Male,Finance,68601.0,12.0,Noida,B.Tech,3,10,2023
3948,Priya,39,Male,Marketing,60047.5,12.0,Noida,MCA,4,12,2022
3949,Rahul,41,Male,HR,40791.0,18.0,Delhi,MCA,3,6,2023
3950,Rahul,56,Male,Finance,89343.0,5.0,Noida,MBA,2,8,2023
3951,Amit,39,Female,IT,46648.0,17.0,Lucknow,MCA,1,3,2021
3952,Neha,58,Female,HR,51090.0,20.0,Noida,B.Tech,3,11,2020
3953,Amit,43,Male,HR,60047.5,10.0,Lucknow,B.Tech,1,11,2020
3954,Amit,39,Male,HR,82327.0,8.0,Lucknow,MCA,4,10,2021
3955,Rahul,39,Female,HR,60047.5,12.0,Lucknow,BCA,4,7,2015
3956,Neha,20,Male,Marketing,60047.5,1.0,Lucknow,BCA,5,19,2020
3957,Sneha,36,Female,Finance,87948.0,17.0,Noida,MBA,5,10,2020
3958,Rohit,20,Female,HR,68861.0,14.0,Mumbai,MCA,1,10,2020
3959,Rahul,49,Male,HR,88718.0,24.0,Lucknow,B.Tech,5,8,2021
3960,Rahul,39,Female,HR,40948.0,21.0,Pune,MCA,2,10,2020
3961,Sneha,39,Female,Finance,60047.5,17.0,Mumbai,MCA,1,1,2026
3962,Neha,43,Male,HR,70756.0,18.0,Lucknow,MCA,3,13,2018
3963,Neha,41,Female,Sales,88388.0,14.0,Noida,B.Tech,5,6,2020
3964,Rahul,45,Male,Marketing,86809.0,16.0,Delhi,MCA,3,10,2018
3965,Rahul,32,Female,HR,27649.0,12.0,Noida,MCA,2,5,2017
3966,Rahul,20,Male,Marketing,49002.0,17.0,Noida,B.Com,1,3,2020
3967,Rahul,43,Male,IT,60047.5,10.0,Noida,MCA,3,12,2016
3968,Amit,29,Female,Sales,60047.5,17.0,Noida,B.Com,3,15,2017
3969,Rahul,39,Female,Sales,90085.0,22.0,Lucknow,MCA,5,3,2020
3970,Rahul,43,Male,IT,31809.0,2.0,Lucknow,BCA,1,16,2026
3971,Rohit,39,Male,Marketing,60047.5,12.0,Lucknow,B.Tech,3,18,2018
3972,Rahul,39,Female,IT,60047.5,13.0,Mumbai,MCA,1,9,2020
3973,Neha,39,Male,Finance,28100.0,3.0,Delhi,B.Tech,5,8,2020
3974,Rohit,59,Female,IT,88447.0,17.0,Lucknow,MCA,3,11,2025
3975,Priya,39,Female,Marketing,97627.0,4.0,Pune,MBA,3,3,2021
3976,Priya,36,Male,IT,94635.0,12.0,Mumbai,MBA,2,5,2020
3977,Amit,34,Male,HR,60047.5,24.0,Delhi,MCA,4,10,2017
3978,Rohit,35,Male,IT,25663.0,11.0,Delhi,MBA,5,5,2020
3980,Rahul,39,Male,HR,60047.5,6.0,Lucknow,MCA,3,6,2025
3981,Rahul,30,Male,Finance,60047.5,12.0,Lucknow,BCA,1,16,2020
3982,Sneha,20,Male,HR,60047.5,7.0,Pune,MCA,4,10,2020
3983,Rahul,34,Male,Marketing,60047.5,12.0,Lucknow,MCA,3,17,2020
3984,Rohit,45,Male,Marketing,87762.0,20.0,Lucknow,MCA,2,8,2020
3985,Sneha,23,Male,HR,72445.0,2.0,Mumbai,MCA,5,4,2020
3986,Rahul,24,Male,HR,29585.0,21.0,Pune,MCA,2,17,2020
3987,Amit,54,Female,Sales,60047.5,12.0,Lucknow,MCA,5,3,2020
3988,Rohit,39,Male,IT,56392.0,2.0,Lucknow,MCA,3,18,2024
3989,Rahul,29,Male,Marketing,51126.0,10.0,Pune,MCA,3,16,2020
3990,Rahul,30,Male,Marketing,62485.0,17.0,Mumbai,MCA,3,2,2020
3991,Amit,39,Male,HR,65798.0,6.0,Noida,BCA,3,13,2016
3992,Priya,53,Male,Finance,60047.5,8.0,Pune,B.Com,3,1,2024
3993,Amit,58,Male,Marketing,60047.5,3.0,Lucknow,MBA,2,3,2020
3994,Rahul,42,Male,IT,60047.5,22.0,Lucknow,MCA,1,1,2025
3995,Rahul,26,Female,Marketing,56507.0,23.0,Noida,MCA,3,2,2018
3996,Rahul,58,Female,IT,67679.0,9.0,Mumbai,MCA,3,10,2019
3997,Rohit,22,Female,HR,57232.0,17.0,Delhi,B.Tech,4,3,2020
3998,Rohit,39,Female,Sales,44020.0,22.0,Noida,B.Tech,1,1,2017
3999,Rahul,26,Male,Finance,77172.0,15.0,Mumbai,B.Tech,3,10,2018
4000,Neha,39,Female,HR,60047.5,12.0,Delhi,B.Tech,1,8,2020
4001,Rahul,52,Male,HR,83537.0,18.0,Lucknow,BCA,3,5,2020
4002,Rohit,56,Male,Sales,24094.0,12.0,Mumbai,MCA,3,1,2020
4003,Priya,34,Female,Sales,60047.5,21.0,Lucknow,BCA,4,15,2026
4004,Rohit,21,Male,Sales,50755.0,12.0,Lucknow,B.Com,3,17,2016
4005,Neha,26,Male,IT,31552.0,7.0,Pune,BCA,3,15,2023
4006,Sneha,39,Female,HR,79491.0,12.0,Delhi,B.Tech,3,8,2025
4007,Priya,23,Female,HR,60047.5,12.0,Noida,B.Com,1,3,2020
4008,Neha,39,Female,HR,49000.0,12.0,Lucknow,MCA,3,9,2015
4009,Sneha,55,Female,HR,60047.5,16.0,Pune,BCA,3,14,2022
4010,Priya,39,Male,HR,60047.5,12.0,Noida,MCA,3,10,2020
4011,Amit,47,Female,IT,34102.0,12.0,Delhi,MCA,1,4,2020
4012,Rahul,39,Female,HR,21861.0,12.0,Lucknow,MCA,4,12,2018
4013,Rahul,39,Male,IT,63574.0,12.0,Delhi,B.Tech,3,10,2020
4014,Neha,39,Female,HR,52682.0,1.0,Lucknow,BCA,3,3,2016
4015,Sneha,49,Female,IT,98819.0,12.0,Pune,B.Tech,4,17,2015
4016,Rahul,39,Male,Sales,60047.5,3.0,Pune,MBA,4,6,2020
4017,Sneha,44,Male,IT,85185.0,12.0,Lucknow,BCA,1,15,2020
4018,Sneha,35,Male,Finance,94426.0,0.0,Pune,MCA,3,10,2022
4019,Neha,38,Male,IT,60047.5,24.0,Lucknow,MCA,2,18,2019
4020,Neha,20,Male,IT,58297.0,10.0,Noida,MCA,3,10,2022
4021,Neha,24,Female,HR,28299.0,22.0,Mumbai,B.Com,2,17,2017
4022,Rahul,41,Male,IT,61348.0,1.0,Mumbai,MCA,3,11,2020
4023,Neha,43,Male,Finance,61384.0,18.0,Noida,MCA,2,6,2020
4024,Rahul,56,Female,Marketing,96693.0,7.0,Pune,B.Com,5,5,2017
4025,Rahul,55,Male,IT,52687.0,12.0,Lucknow,MCA,4,10,2018
4026,Rohit,55,Male,HR,60047.5,12.0,Mumbai,B.Tech,5,10,2019
4027,Sneha,23,Male,Finance,60047.5,3.0,Noida,B.Tech,5,15,2020
4028,Neha,39,Male,Marketing,30191.0,24.0,Delhi,MBA,4,11,2022
4029,Rahul,37,Male,IT,76884.0,15.0,Pune,B.Tech,1,14,2020
4030,Sneha,35,Female,HR,74911.0,14.0,Lucknow,MCA,2,14,2020
4031,Rahul,37,Male,Sales,97303.0,4.0,Lucknow,MCA,3,3,2019
4032,Rahul,39,Female,Finance,60047.5,4.0,Delhi,MCA,1,16,2022
4033,Rahul,21,Male,Finance,60047.5,12.0,Lucknow,B.Com,3,14,2020
4034,Neha,40,Female,Marketing,60047.5,22.0,Mumbai,BCA,4,10,2020
4035,Rahul,39,Male,IT,91494.0,12.0,Delhi,MCA,2,8,2017
4036,Priya,58,Female,HR,83027.0,2.0,Lucknow,B.Com,1,10,2024
4037,Sneha,58,Female,Finance,60047.5,17.0,Lucknow,MCA,4,5,2024
4038,Rahul,48,Female,HR,62876.0,10.0,Lucknow,MCA,1,13,2017
4039,Rahul,45,Female,Finance,71070.0,12.0,Pune,MCA,3,10,2020
4040,Rohit,40,Male,IT,60047.5,12.0,Noida,MCA,2,3,2023
4041,Sneha,36,Male,HR,60047.5,21.0,Lucknow,BCA,2,17,2026
4042,Neha,39,Female,HR,49663.0,16.0,Pune,MCA,4,10,2020
4043,Rahul,50,Female,Marketing,85436.0,12.0,Lucknow,B.Com,4,6,2019
4044,Rohit,39,Male,HR,60047.5,5.0,Lucknow,MCA,3,10,2020
4045,Neha,39,Male,IT,60047.5,12.0,Pune,B.Tech,2,6,2015
4046,Amit,33,Female,Sales,80883.0,15.0,Pune,B.Tech,5,13,2020
4047,Neha,39,Male,IT,32713.0,17.0,Noida,MBA,3,15,2025
4048,Priya,21,Female,Sales,32614.0,19.0,Lucknow,MCA,4,2,2015
4049,Priya,33,Male,HR,40734.0,12.0,Lucknow,MCA,3,11,2020
4050,Amit,52,Male,HR,50709.0,18.0,Pune,MCA,5,16,2020
4052,Rohit,58,Female,Marketing,91622.0,11.0,Noida,MBA,3,2,2026
4053,Neha,39,Female,IT,60047.5,12.0,Mumbai,MCA,5,10,2019
4054,Rahul,39,Female,HR,33341.0,12.0,Pune,MBA,2,10,2020
4056,Rahul,56,Male,IT,32976.0,3.0,Pune,MBA,3,10,2017
4057,Rahul,37,Male,Finance,97869.0,24.0,Pune,MBA,5,10,2016
4058,Priya,35,Male,IT,25290.0,19.0,Mumbai,MBA,4,17,2016
4059,Rahul,23,Female,Marketing,60047.5,12.0,Lucknow,B.Tech,1,10,2020
4060,Neha,31,Male,HR,70528.0,3.0,Delhi,MCA,3,10,2016
4061,Rahul,48,Female,HR,78570.0,3.0,Delhi,MCA,4,10,2024
4062,Priya,26,Male,Finance,60047.5,6.0,Lucknow,MBA,4,5,2020
4063,Priya,33,Female,Finance,60047.5,20.0,Lucknow,B.Com,5,13,2020
4064,Neha,31,Female,Marketing,60047.5,11.0,Delhi,BCA,3,16,2026
4065,Sneha,54,Male,HR,68723.0,12.0,Lucknow,B.Com,3,11,2017
4066,Rahul,39,Male,IT,60047.5,15.0,Noida,MCA,3,15,2022
4067,Rohit,36,Female,IT,60047.5,6.0,Lucknow,MBA,4,10,2018
4068,Priya,51,Male,HR,60047.5,18.0,Lucknow,MCA,3,15,2022
4069,Rohit,29,Female,HR,86876.0,10.0,Delhi,BCA,3,12,2025
4070,Priya,39,Female,HR,46013.0,0.0,Lucknow,MCA,2,4,2020
4071,Rohit,24,Male,IT,60047.5,8.0,Lucknow,MCA,4,4,2025
4072,Amit,28,Male,HR,72448.0,12.0,Lucknow,MCA,4,10,2026
4073,Priya,39,Female,HR,65608.0,16.0,Lucknow,B.Com,5,15,2016
4074,Rohit,39,Male,IT,60047.5,0.0,Mumbai,MBA,3,8,2020
4075,Rahul,55,Male,Marketing,70649.0,12.0,Pune,B.Tech,5,8,2020
4076,Amit,37,Female,Finance,82104.0,11.0,Noida,B.Com,3,11,2016
4077,Rahul,28,Female,HR,96459.0,12.0,Lucknow,MBA,2,10,2020
4078,Rahul,48,Female,IT,59821.0,12.0,Noida,BCA,4,3,2020
4079,Rahul,33,Male,IT,67940.0,12.0,Delhi,MBA,2,7,2020
4080,Neha,44,Male,Sales,30935.0,12.0,Lucknow,MCA,4,10,2021
4081,Rahul,34,Female,Sales,32467.0,12.0,Mumbai,MCA,4,10,2018
4082,Rahul,39,Female,HR,31073.0,12.0,Delhi,MCA,3,11,2022
4083,Rahul,48,Male,Sales,27691.0,5.0,Noida,B.Tech,4,5,2017
4084,Rahul,39,Male,Finance,60047.5,12.0,Mumbai,B.Tech,3,6,2020
4085,Priya,48,Female,Finance,44490.0,5.0,Delhi,B.Com,3,10,2026
4086,Rohit,23,Male,HR,35688.0,19.0,Lucknow,MCA,2,17,2020
4087,Rahul,37,Female,HR,70650.0,20.0,Lucknow,B.Com,4,10,2019
4088,Priya,39,Female,HR,60047.5,9.0,Delhi,B.Tech,5,10,2017
4089,Rahul,39,Male,HR,60047.5,18.0,Delhi,MCA,3,1,2023
4090,Sneha,39,Male,IT,22590.0,2.0,Lucknow,B.Tech,5,10,2016
4091,Rahul,33,Male,Sales,59893.0,12.0,Lucknow,MBA,1,14,2020
4092,Rahul,22,Female,IT,60047.5,4.0,Lucknow,MCA,3,10,2017
4093,Rohit,39,Female,Sales,58176.0,7.0,Pune,MCA,5,7,2023
4095,Priya,39,Female,HR,60047.5,12.0,Lucknow,B.Tech,2,2,2020
4096,Neha,44,Female,Marketing,60047.5,3.0,Delhi,B.Tech,5,3,2017
4097,Rahul,57,Female,Marketing,60047.5,18.0,Pune,B.Com,3,18,2019
4098,Amit,32,Male,HR,31924.0,17.0,Pune,B.Com,3,10,2020
4099,Rahul,23,Male,HR,60047.5,2.0,Lucknow,BCA,3,12,2024
4100,Sneha,39,Female,Sales,27734.0,12.0,Lucknow,MBA,3,14,2020
4101,Rahul,39,Female,HR,62681.0,7.0,Pune,BCA,2,9,2020
4103,Rahul,56,Male,Sales,73203.0,12.0,Lucknow,B.Com,3,13,2020
4104,Rahul,27,Female,HR,33820.0,12.0,Delhi,MBA,5,10,2025
4105,Rahul,39,Male,HR,60047.5,18.0,Delhi,B.Com,3,9,2020
4106,Sneha,39,Male,Sales,67163.0,12.0,Mumbai,BCA,5,2,2023
4107,Priya,24,Female,HR,32391.0,12.0,Lucknow,BCA,5,10,2022
4108,Rahul,39,Male,Marketing,61970.0,12.0,Noida,B.Com,2,7,2016
4109,Priya,28,Male,Sales,66823.0,12.0,Lucknow,B.Tech,2,9,2019
4110,Rohit,51,Male,Sales,50796.0,12.0,Lucknow,B.Tech,1,13,2019
4111,Rohit,39,Female,Finance,56389.0,12.0,Pune,B.Com,1,10,2020
4112,Rahul,22,Male,HR,23352.0,16.0,Pune,MCA,3,10,2018
4113,Sneha,49,Female,HR,48172.0,8.0,Noida,MCA,3,1,2023
4114,Rahul,31,Female,HR,60047.5,11.0,Delhi,B.Tech,3,2,2019
4115,Priya,39,Male,HR,86481.0,14.0,Mumbai,MBA,1,10,2020
4116,Priya,39,Female,HR,93509.0,12.0,Lucknow,BCA,5,10,2020
4117,Priya,39,Female,Marketing,43552.0,1.0,Pune,MBA,4,15,2016
4118,Amit,49,Female,HR,34118.0,8.0,Noida,B.Tech,3,10,2025
4119,Rohit,28,Male,HR,60047.5,12.0,Noida,B.Com,3,13,2020
4120,Rahul,45,Male,HR,45123.0,3.0,Lucknow,MCA,1,10,2016
4121,Neha,39,Male,HR,79551.0,3.0,Lucknow,B.Tech,2,9,2017
4122,Sneha,39,Female,Marketing,72136.0,5.0,Lucknow,MBA,4,1,2024
4123,Rahul,23,Male,Sales,83886.0,23.0,Pune,MBA,2,10,2018
4124,Amit,44,Male,Marketing,95902.0,12.0,Lucknow,B.Tech,1,10,2020
4125,Priya,32,Male,HR,87333.0,23.0,Lucknow,MCA,1,1,2020
4126,Amit,58,Female,HR,64016.0,12.0,Lucknow,MCA,1,10,2023
4127,Amit,54,Female,HR,41427.0,12.0,Pune,MCA,3,10,2019
4128,Rahul,39,Male,IT,60047.5,19.0,Noida,MCA,1,2,2016
4129,Rahul,28,Male,Marketing,87733.0,16.0,Lucknow,MCA,3,18,2017
4130,Neha,39,Male,HR,28222.0,18.0,Pune,MCA,3,10,2020
4131,Rahul,50,Male,Finance,45187.0,12.0,Delhi,B.Tech,1,13,2020
4132,Rahul,21,Male,Sales,99688.0,0.0,Lucknow,BCA,3,9,2019
4133,Sneha,39,Female,HR,40781.0,12.0,Noida,B.Com,3,2,2018
4134,Neha,37,Male,Marketing,60047.5,12.0,Lucknow,MBA,4,10,2018
4135,Sneha,32,Female,Marketing,60047.5,21.0,Lucknow,MBA,3,10,2022
4137,Rahul,29,Male,HR,60047.5,2.0,Pune,BCA,3,10,2020
4138,Neha,44,Female,HR,92708.0,13.0,Delhi,B.Com,5,14,2019
4139,Neha,39,Female,Finance,60047.5,11.0,Lucknow,MCA,3,10,2019
4140,Sneha,56,Female,IT,74476.0,14.0,Noida,MBA,4,9,2020
4141,Amit,49,Female,Sales,51212.0,12.0,Delhi,MBA,3,16,2025
4142,Rahul,26,Male,HR,60047.5,19.0,Lucknow,MCA,3,17,2020
4143,Rahul,25,Male,IT,68533.0,21.0,Mumbai,MCA,1,8,2017
4144,Priya,39,Female,HR,60047.5,1.0,Lucknow,BCA,2,10,2021
4145,Neha,32,Female,Sales,88606.0,3.0,Mumbai,MCA,3,8,2020
4146,Rahul,22,Female,Marketing,60047.5,12.0,Lucknow,B.Com,3,7,2019
4147,Rahul,39,Male,IT,60047.5,12.0,Pune,MCA,3,9,2020
4148,Rahul,43,Male,Marketing,69240.0,22.0,Pune,B.Tech,5,10,2020
4149,Rahul,25,Male,HR,60047.5,21.0,Lucknow,MCA,5,10,2016
4150,Sneha,31,Female,IT,99991.0,24.0,Pune,MCA,5,5,2020
4151,Amit,55,Male,IT,60047.5,12.0,Lucknow,MBA,3,16,2016
4152,Neha,21,Male,HR,60047.5,16.0,Delhi,BCA,5,1,2017
4153,Rahul,39,Male,HR,37938.0,12.0,Lucknow,B.Tech,2,6,2015
4154,Priya,39,Male,IT,60047.5,12.0,Delhi,BCA,3,10,2023
4155,Neha,39,Male,HR,60047.5,18.0,Lucknow,BCA,3,10,2020
4156,Rahul,45,Male,Finance,80896.0,15.0,Lucknow,MCA,3,19,2018
4157,Sneha,39,Male,Marketing,66209.0,12.0,Delhi,MBA,5,10,2021
4158,Neha,40,Female,IT,52822.0,0.0,Lucknow,BCA,2,19,2016
4159,Rahul,39,Female,Finance,60047.5,9.0,Noida,MCA,2,10,2020
4160,Rahul,39,Female,IT,62083.0,1.0,Pune,MBA,3,13,2022
4161,Rahul,41,Female,HR,60047.5,18.0,Lucknow,MBA,3,10,2020
4162,Amit,49,Female,Sales,21552.0,13.0,Delhi,MCA,3,10,2017
4163,Amit,49,Male,HR,93331.0,2.0,Delhi,MBA,3,12,2018
4164,Rahul,39,Male,Sales,25271.0,22.0,Lucknow,MCA,3,17,2025
4165,Rahul,39,Male,IT,60047.5,12.0,Lucknow,B.Tech,1,1,2021
4166,Amit,28,Male,HR,48994.0,8.0,Pune,BCA,3,2,2019
4167,Rahul,39,Male,HR,47186.0,22.0,Lucknow,MCA,5,9,2020
4168,Priya,59,Male,Finance,50267.0,7.0,Pune,MCA,1,1,2020
4169,Neha,44,Male,HR,60047.5,10.0,Mumbai,MCA,3,19,2020
4170,Neha,39,Female,HR,44935.0,12.0,Pune,BCA,3,10,2020
4171,Rahul,24,Male,HR,60047.5,5.0,Lucknow,B.Tech,3,10,2019
4172,Rahul,30,Male,IT,23837.0,1.0,Pune,B.Com,3,15,2025
4173,Rohit,34,Male,HR,84875.0,0.0,Lucknow,MCA,3,12,2019
4174,Rohit,27,Female,Sales,82694.0,12.0,Mumbai,MCA,3,10,2016
4175,Rahul,38,Female,HR,60047.5,24.0,Lucknow,BCA,5,10,2022
4176,Sneha,42,Female,Finance,60047.5,12.0,Mumbai,BCA,3,3,2020
4177,Priya,46,Female,HR,60047.5,17.0,Lucknow,MBA,2,10,2020
4178,Priya,59,Female,Finance,42347.0,12.0,Lucknow,MCA,1,4,2020
4180,Neha,39,Male,Finance,75122.0,1.0,Lucknow,MCA,4,6,2020
4181,Sneha,46,Female,HR,60047.5,18.0,Lucknow,MCA,4,17,2016
4182,Rahul,38,Male,IT,60047.5,21.0,Lucknow,B.Com,4,10,2015
4183,Priya,48,Male,IT,48205.0,8.0,Lucknow,B.Com,1,8,2020
4184,Amit,39,Male,HR,38459.0,7.0,Noida,B.Tech,3,19,2015
4185,Rohit,39,Male,HR,60047.5,9.0,Mumbai,B.Tech,3,12,2020
4186,Amit,38,Male,Sales,47729.0,12.0,Lucknow,BCA,2,17,2020
4187,Amit,56,Male,Marketing,58585.0,12.0,Lucknow,B.Tech,3,19,2020
4188,Rahul,38,Male,Marketing,65635.0,6.0,Lucknow,BCA,1,1,2020
4189,Amit,52,Male,HR,64854.0,12.0,Noida,BCA,5,11,2020
4190,Sneha,35,Female,Sales,96226.0,23.0,Mumbai,B.Tech,1,10,2020
4191,Rahul,42,Male,Marketing,49104.0,12.0,Lucknow,BCA,5,10,2020
4192,Neha,39,Male,HR,34770.0,12.0,Lucknow,MCA,2,5,2018
4193,Rahul,39,Male,HR,95993.0,8.0,Lucknow,MCA,5,10,2020
4194,Rohit,51,Female,IT,37957.0,8.0,Delhi,MCA,4,9,2020
4195,Neha,31,Male,HR,75178.0,18.0,Pune,MCA,3,8,2022
4196,Amit,39,Female,Finance,40828.0,12.0,Lucknow,MCA,3,10,2022
4197,Rohit,39,Male,Sales,37171.0,1.0,Noida,MBA,4,8,2016
4198,Rahul,47,Male,HR,81465.0,12.0,Lucknow,MCA,3,10,2025
4199,Sneha,24,Male,Marketing,33146.0,15.0,Lucknow,BCA,1,12,2019
4200,Rahul,45,Female,HR,66266.0,21.0,Lucknow,B.Tech,4,4,2020
4201,Sneha,24,Male,HR,65939.0,12.0,Lucknow,BCA,4,18,2020
4202,Sneha,39,Male,IT,60047.5,12.0,Noida,MCA,3,10,2022
4204,Rahul,39,Male,HR,83828.0,0.0,Lucknow,B.Com,3,2,2018
4205,Rahul,47,Female,HR,60047.5,12.0,Lucknow,BCA,5,7,2019
4206,Amit,39,Male,HR,29849.0,12.0,Lucknow,MBA,1,18,2022
4207,Sneha,42,Male,HR,60047.5,1.0,Lucknow,MCA,3,2,2024
4208,Rahul,52,Male,IT,40439.0,21.0,Mumbai,MBA,3,2,2021
4209,Rohit,37,Male,Finance,60047.5,13.0,Pune,MCA,3,10,2020
4210,Rohit,39,Female,HR,60047.5,0.0,Pune,MCA,3,10,2016
4211,Rahul,45,Male,Finance,73276.0,14.0,Lucknow,B.Com,4,10,2024
4213,Rohit,32,Female,HR,60047.5,12.0,Mumbai,BCA,1,3,2024
4214,Priya,58,Male,Sales,60047.5,12.0,Delhi,BCA,4,10,2023
4215,Rahul,39,Male,HR,60047.5,7.0,Delhi,B.Tech,3,11,2020
4216,Rahul,45,Male,IT,41773.0,6.0,Noida,MCA,1,10,2023
4217,Sneha,39,Male,HR,94383.0,12.0,Mumbai,MCA,1,3,2017
4218,Priya,39,Male,HR,90417.0,12.0,Pune,MBA,1,5,2023
4220,Amit,39,Male,IT,83589.0,3.0,Lucknow,MBA,1,15,2019
4221,Rohit,57,Male,HR,93235.0,6.0,Mumbai,MCA,3,17,2020
4222,Rahul,43,Male,Finance,44180.0,20.0,Lucknow,BCA,3,16,2021
4223,Amit,37,Female,IT,60047.5,12.0,Lucknow,MCA,3,17,2024
4225,Rahul,27,Female,HR,60047.5,11.0,Lucknow,MBA,3,13,2024
4226,Rahul,39,Male,HR,60047.5,12.0,Delhi,BCA,3,2,2020
4227,Neha,29,Male,HR,83089.0,19.0,Pune,BCA,3,17,2020
4228,Priya,36,Male,Sales,60047.5,12.0,Lucknow,MCA,3,10,2015
4229,Priya,48,Female,IT,60047.5,8.0,Pune,MCA,3,10,2018
4230,Sneha,25,Female,HR,60047.5,4.0,Lucknow,MCA,3,4,2020
4231,Sneha,33,Female,HR,43039.0,12.0,Delhi,MCA,5,10,2022
4232,Rahul,41,Female,HR,60047.5,12.0,Lucknow,MCA,1,12,2026
4233,Amit,39,Female,Finance,60047.5,12.0,Pune,B.Tech,5,10,2020
4234,Rohit,45,Male,HR,73158.0,20.0,Noida,BCA,1,1,2017
4235,Neha,39,Male,Sales,60047.5,12.0,Pune,B.Tech,3,10,2026
4236,Rohit,31,Female,Sales,52174.0,18.0,Noida,BCA,3,1,2022
4237,Rahul,54,Female,HR,62631.0,12.0,Mumbai,BCA,5,19,2020
4238,Neha,33,Female,Marketing,87687.0,17.0,Pune,B.Tech,1,4,2025
4239,Rahul,41,Male,HR,60047.5,12.0,Lucknow,MCA,3,10,2023
4240,Priya,42,Female,Sales,60047.5,12.0,Noida,MBA,3,14,2017
4241,Rahul,39,Male,Marketing,22614.0,12.0,Lucknow,MBA,2,14,2025
4242,Rahul,39,Male,Finance,54647.0,13.0,Noida,MBA,1,3,2020
4243,Rahul,39,Male,Finance,77940.0,12.0,Pune,B.Tech,3,19,2015
4244,Rahul,32,Female,Sales,20620.0,15.0,Pune,BCA,4,11,2020
4245,Rahul,40,Male,HR,60047.5,12.0,Lucknow,BCA,2,9,2020
4246,Amit,29,Male,HR,41891.0,7.0,Lucknow,MCA,3,6,2016
4247,Rahul,28,Male,Finance,82395.0,15.0,Lucknow,BCA,3,4,2019
4248,Neha,34,Male,HR,70955.0,20.0,Delhi,B.Com,3,5,2020
4249,Neha,21,Male,HR,52314.0,0.0,Noida,MCA,5,9,2018
4250,Rahul,44,Female,HR,60047.5,10.0,Lucknow,B.Com,5,1,2023
4251,Rohit,32,Male,Sales,73685.0,10.0,Noida,MCA,3,15,2017
4252,Priya,39,Male,HR,60047.5,1.0,Lucknow,B.Tech,1,11,2020
4253,Sneha,39,Male,HR,70189.0,12.0,Noida,MCA,2,1,2017
4254,Rahul,39,Female,IT,60047.5,12.0,Lucknow,BCA,3,17,2019
4255,Neha,57,Male,HR,45978.0,23.0,Pune,MCA,3,15,2015
4256,Neha,22,Female,Marketing,60047.5,4.0,Noida,MCA,4,14,2024
4257,Sneha,25,Female,Marketing,60047.5,12.0,Lucknow,B.Com,3,9,2026
4258,Priya,38,Female,IT,60047.5,22.0,Delhi,B.Tech,3,10,2018
4259,Rohit,22,Male,Marketing,60047.5,7.0,Mumbai,MCA,3,9,2015
4260,Rahul,37,Female,Marketing,60047.5,3.0,Lucknow,B.Tech,2,10,2023
4261,Priya,58,Male,HR,60047.5,12.0,Lucknow,MBA,1,3,2017
4262,Rahul,28,Male,HR,60047.5,24.0,Delhi,B.Com,5,18,2020
4263,Rahul,31,Female,HR,60047.5,12.0,Lucknow,B.Tech,1,10,2019
4264,Rohit,39,Male,Sales,91657.0,13.0,Lucknow,MCA,1,4,2015
4265,Amit,39,Female,IT,60047.5,12.0,Noida,MCA,1,10,2020
4266,Neha,30,Female,HR,72523.0,12.0,Lucknow,BCA,3,1,2021
4267,Rahul,39,Male,Marketing,70502.0,20.0,Lucknow,B.Tech,3,16,2020
4268,Rahul,23,Female,Finance,42098.0,6.0,Pune,MCA,4,6,2015
4269,Amit,24,Female,IT,60047.5,22.0,Mumbai,B.Com,2,6,2026
4270,Priya,20,Female,HR,60047.5,5.0,Lucknow,BCA,1,14,2022
4271,Priya,46,Female,Sales,95516.0,12.0,Lucknow,MCA,3,5,2022
4272,Rahul,47,Male,HR,64280.0,14.0,Lucknow,B.Tech,2,10,2021
4273,Rahul,39,Female,Marketing,28951.0,7.0,Lucknow,MCA,3,1,2024
4274,Sneha,37,Female,Finance,28117.0,1.0,Noida,MCA,2,10,2018
4275,Rahul,31,Female,HR,45979.0,12.0,Lucknow,B.Tech,5,10,2026
4276,Rohit,39,Female,HR,94525.0,15.0,Lucknow,B.Tech,4,4,2021
4277,Rahul,39,Female,HR,36915.0,22.0,Delhi,MCA,5,8,2016
4278,Rahul,56,Female,HR,60047.5,9.0,Mumbai,MCA,5,10,2020
4279,Sneha,35,Female,Finance,92964.0,14.0,Noida,MCA,3,8,2020
4280,Rahul,39,Female,HR,90440.0,22.0,Mumbai,MCA,1,14,2025
4281,Amit,54,Male,HR,55677.0,3.0,Lucknow,MCA,1,17,2019
4282,Rahul,41,Male,HR,69830.0,11.0,Lucknow,BCA,3,10,2019
4284,Rohit,30,Male,HR,28922.0,1.0,Lucknow,MCA,3,10,2020
4285,Priya,48,Female,Finance,87561.0,3.0,Lucknow,B.Com,1,10,2015
4286,Rahul,54,Female,HR,33220.0,19.0,Noida,MBA,3,10,2022
4287,Amit,34,Male,IT,65958.0,12.0,Mumbai,MBA,5,14,2020
4288,Neha,50,Male,IT,60047.5,13.0,Lucknow,B.Tech,3,11,2024
4289,Rahul,35,Male,HR,22766.0,22.0,Mumbai,MCA,4,10,2020
4291,Neha,51,Male,HR,60047.5,14.0,Lucknow,MBA,3,10,2020
4292,Neha,21,Male,Finance,23784.0,0.0,Mumbai,MCA,3,17,2022
4293,Rahul,39,Male,Marketing,60047.5,18.0,Lucknow,MBA,3,11,2018
4294,Rahul,42,Male,HR,60047.5,24.0,Mumbai,B.Com,1,10,2026
4296,Priya,57,Male,HR,55682.0,12.0,Lucknow,B.Tech,3,12,2021
4297,Rahul,50,Female,Finance,76268.0,7.0,Delhi,BCA,3,4,2025
4298,Sneha,39,Male,HR,97818.0,17.0,Pune,BCA,3,13,2018
4299,Rohit,45,Male,Marketing,60047.5,21.0,Pune,MCA,1,10,2026
4300,Amit,39,Male,HR,51232.0,12.0,Lucknow,BCA,1,4,2015
4301,Rahul,22,Male,Sales,64273.0,22.0,Lucknow,B.Com,1,10,2023
4302,Rohit,33,Female,Finance,90487.0,12.0,Lucknow,MCA,2,5,2024
4303,Rohit,39,Male,Finance,60047.5,19.0,Lucknow,MCA,4,2,2020
4304,Sneha,39,Female,IT,60047.5,8.0,Lucknow,MCA,5,8,2020
4305,Neha,22,Female,HR,49461.0,5.0,Noida,MCA,5,5,2020
4306,Sneha,45,Male,Sales,60047.5,12.0,Lucknow,MCA,5,16,2020
4307,Rahul,39,Male,HR,60047.5,1.0,Pune,BCA,5,15,2018
4308,Neha,28,Male,Sales,60047.5,24.0,Lucknow,MBA,3,10,2020
4309,Rahul,57,Female,HR,45583.0,3.0,Pune,BCA,1,13,2020
4310,Rahul,42,Male,Sales,37701.0,12.0,Lucknow,BCA,5,10,2021
4311,Amit,39,Female,HR,26880.0,12.0,Pune,MCA,1,16,2018
4312,Neha,39,Male,HR,71845.0,6.0,Lucknow,MBA,5,18,2020
4313,Rohit,40,Female,IT,92417.0,10.0,Lucknow,BCA,3,15,2020
4314,Priya,46,Male,Sales,23722.0,4.0,Lucknow,MCA,3,6,2022
4315,Amit,25,Female,Finance,40077.0,7.0,Mumbai,MCA,4,8,2019
4316,Rahul,55,Female,Finance,33229.0,10.0,Lucknow,MBA,2,4,2024
4317,Sneha,47,Male,Finance,60047.5,23.0,Pune,MBA,2,10,2023
4318,Amit,39,Female,IT,60047.5,19.0,Noida,B.Com,4,11,2020
4319,Amit,59,Female,Sales,60047.5,12.0,Lucknow,MCA,2,2,2024
4320,Amit,39,Female,Marketing,55902.0,14.0,Delhi,MCA,1,10,2026
4321,Rahul,31,Female,Marketing,60047.5,23.0,Delhi,BCA,3,10,2015
4322,Rahul,58,Female,HR,24052.0,2.0,Pune,MCA,3,11,2024
4323,Sneha,31,Female,IT,32741.0,6.0,Lucknow,MCA,5,4,2019
4324,Rahul,21,Female,Sales,60047.5,23.0,Lucknow,MCA,3,10,2020
4325,Sneha,41,Male,Finance,60047.5,7.0,Lucknow,BCA,1,5,2020
4326,Rahul,39,Female,IT,60047.5,10.0,Lucknow,MCA,4,6,2020
4327,Rohit,39,Female,HR,42970.0,9.0,Lucknow,MCA,1,9,2020
4328,Sneha,24,Male,HR,35565.0,19.0,Noida,MCA,3,4,2020
4329,Amit,28,Female,HR,76995.0,8.0,Pune,MCA,2,7,2020
4330,Amit,40,Male,HR,71656.0,12.0,Pune,MCA,3,13,2020
4331,Rahul,30,Male,HR,60047.5,19.0,Delhi,MBA,1,10,2019
4332,Sneha,24,Female,Finance,65765.0,23.0,Lucknow,MCA,3,12,2020
4333,Amit,54,Female,Finance,22014.0,21.0,Lucknow,MCA,5,10,2019
4334,Neha,39,Male,HR,90480.0,4.0,Lucknow,MCA,1,11,2017
4335,Rahul,21,Male,HR,60047.5,14.0,Noida,MCA,2,11,2018
4336,Rahul,43,Female,HR,77498.0,3.0,Lucknow,MCA,2,6,2025
4337,Rahul,50,Female,HR,60047.5,4.0,Lucknow,MCA,3,6,2023
4338,Priya,52,Male,IT,60047.5,14.0,Lucknow,MCA,5,6,2016
4339,Sneha,58,Female,Marketing,62530.0,12.0,Pune,BCA,3,12,2020
4340,Sneha,49,Male,Marketing,99267.0,22.0,Mumbai,MCA,3,14,2026
4341,Rahul,56,Male,HR,60047.5,7.0,Pune,B.Tech,5,18,2020
4342,Rahul,47,Male,HR,37916.0,24.0,Delhi,MBA,3,19,2020
4343,Sneha,50,Female,Finance,60376.0,12.0,Delhi,MBA,1,10,2020
4344,Amit,30,Male,HR,85046.0,12.0,Noida,MBA,5,10,2022
4345,Amit,39,Male,HR,60047.5,9.0,Noida,MBA,3,7,2019
4346,Priya,21,Male,Finance,97125.0,4.0,Mumbai,B.Tech,1,10,2020
4347,Amit,39,Female,HR,60047.5,9.0,Noida,B.Tech,3,10,2024
4348,Rahul,46,Female,IT,82146.0,21.0,Delhi,MCA,5,10,2017
4349,Neha,54,Female,Finance,47618.0,0.0,Mumbai,B.Tech,3,11,2023
4350,Neha,39,Male,IT,60047.5,12.0,Delhi,MBA,2,7,2015
4351,Rahul,58,Female,HR,60047.5,24.0,Lucknow,B.Com,3,18,2016
4352,Sneha,39,Female,Finance,77146.0,12.0,Lucknow,MCA,4,11,2023
4353,Rahul,39,Male,Finance,71750.0,12.0,Lucknow,BCA,2,3,2020
4355,Neha,40,Female,HR,60047.5,20.0,Noida,MBA,3,4,2020
4357,Neha,39,Male,HR,76919.0,22.0,Noida,MCA,4,18,2026
4358,Amit,39,Female,HR,80384.0,12.0,Delhi,MCA,4,11,2020
4359,Neha,39,Male,HR,71128.0,22.0,Pune,MCA,4,14,2020
4360,Sneha,39,Male,HR,21835.0,12.0,Lucknow,MBA,1,10,2026
4361,Sneha,21,Female,Marketing,41283.0,12.0,Lucknow,MCA,3,14,2024
4362,Rohit,51,Male,Sales,60047.5,12.0,Lucknow,MCA,4,4,2020
4363,Rohit,45,Female,HR,60047.5,16.0,Delhi,MCA,3,10,2020
4364,Neha,39,Female,HR,55963.0,12.0,Mumbai,MCA,3,12,2022
4365,Rahul,22,Male,Marketing,60047.5,21.0,Noida,BCA,4,2,2015
4366,Sneha,52,Female,IT,31955.0,17.0,Delhi,BCA,1,6,2020
4367,Rahul,20,Female,HR,27198.0,11.0,Lucknow,MBA,3,5,2020
4368,Rahul,24,Female,Marketing,60047.5,2.0,Lucknow,MCA,1,19,2021
4369,Neha,39,Male,Sales,64588.0,19.0,Lucknow,BCA,3,15,2020
4370,Rahul,38,Female,Marketing,60047.5,13.0,Pune,MCA,1,10,2020
4371,Rahul,31,Female,HR,60047.5,12.0,Pune,MCA,4,7,2017
4372,Amit,44,Male,Marketing,60047.5,17.0,Lucknow,MCA,5,19,2025
4373,Rohit,54,Male,Finance,68679.0,9.0,Mumbai,B.Tech,4,8,2018
4374,Amit,31,Male,IT,25301.0,22.0,Pune,B.Tech,2,15,2020
4375,Rahul,49,Male,HR,60047.5,14.0,Lucknow,MCA,1,4,2015
4376,Amit,24,Male,Sales,33784.0,9.0,Pune,MBA,3,13,2026
4377,Sneha,53,Female,Sales,60047.5,0.0,Noida,BCA,4,5,2015
4378,Sneha,41,Male,Marketing,28272.0,18.0,Pune,MCA,3,11,2015
4379,Rahul,39,Male,Finance,21573.0,1.0,Lucknow,MCA,1,10,2018
4380,Neha,32,Male,Marketing,44419.0,12.0,Noida,MCA,2,18,2023
4381,Amit,22,Male,HR,68555.0,24.0,Mumbai,MBA,3,15,2020
4382,Neha,39,Male,Finance,60047.5,15.0,Pune,BCA,3,10,2020
4383,Neha,50,Male,Marketing,60047.5,7.0,Lucknow,MCA,4,8,2022
4384,Priya,24,Male,IT,83440.0,12.0,Lucknow,B.Com,3,10,2020
4385,Rahul,43,Male,HR,78862.0,20.0,Noida,MCA,3,9,2020
4386,Rohit,59,Female,Marketing,35164.0,18.0,Lucknow,MCA,2,19,2024
4387,Sneha,39,Female,HR,60047.5,12.0,Noida,MCA,4,10,2026
4388,Sneha,39,Female,Marketing,45379.0,12.0,Pune,B.Tech,3,15,2020
4389,Rahul,43,Male,HR,38368.0,11.0,Lucknow,B.Tech,2,3,2017
4390,Rohit,39,Male,HR,60047.5,10.0,Pune,MCA,1,12,2018
4391,Sneha,39,Male,Marketing,84950.0,12.0,Pune,MBA,3,10,2021
4392,Rahul,31,Female,Finance,60245.0,21.0,Delhi,B.Tech,3,19,2022
4393,Sneha,32,Male,Marketing,60047.5,12.0,Pune,MCA,5,7,2025
4394,Neha,58,Male,Marketing,60047.5,17.0,Pune,BCA,3,11,2022
4395,Rahul,39,Male,Marketing,60047.5,12.0,Lucknow,B.Com,3,19,2018
4396,Amit,39,Female,Marketing,60047.5,15.0,Pune,B.Tech,3,8,2023
4397,Sneha,39,Male,Finance,51977.0,12.0,Pune,MCA,3,13,2022
4398,Priya,28,Male,Finance,26714.0,5.0,Noida,B.Tech,3,9,2025
4399,Rohit,39,Female,Marketing,97237.0,12.0,Pune,BCA,3,10,2019
4400,Rohit,42,Male,Sales,60047.5,12.0,Lucknow,MBA,3,18,2020
4401,Rahul,32,Male,Marketing,72299.0,12.0,Lucknow,MCA,1,15,2016
4402,Neha,51,Female,HR,85167.0,12.0,Delhi,MCA,2,11,2026
4403,Rohit,34,Male,HR,60047.5,12.0,Noida,B.Com,1,15,2023
4404,Amit,55,Female,Marketing,78639.0,20.0,Lucknow,MCA,3,18,2015
4405,Neha,39,Male,HR,60912.0,1.0,Mumbai,MCA,4,14,2021
4406,Rahul,41,Male,Marketing,95452.0,12.0,Mumbai,MBA,1,19,2020
4407,Rohit,39,Male,HR,88446.0,1.0,Lucknow,MCA,5,13,2020
4408,Rohit,39,Female,IT,81516.0,12.0,Lucknow,MCA,2,16,2020
4409,Rahul,43,Female,Marketing,64250.0,10.0,Lucknow,BCA,3,2,2021
4410,Rohit,39,Male,HR,56116.0,12.0,Lucknow,B.Tech,3,2,2015
4411,Rahul,37,Male,Finance,60047.5,9.0,Mumbai,MCA,1,17,2016
4412,Rahul,26,Male,IT,91366.0,22.0,Lucknow,MCA,1,10,2023
4413,Rahul,23,Male,Marketing,60047.5,21.0,Mumbai,MCA,3,10,2020
4414,Rahul,39,Male,Sales,60047.5,12.0,Delhi,MCA,3,12,2023
4415,Priya,24,Female,Marketing,76195.0,0.0,Pune,MCA,4,10,2026
4416,Rahul,39,Male,Finance,91016.0,12.0,Pune,MCA,4,10,2020
4417,Rohit,39,Male,HR,94979.0,12.0,Pune,MBA,3,5,2020
4418,Rahul,45,Male,HR,74334.0,17.0,Delhi,BCA,3,10,2020
4419,Sneha,37,Female,HR,88345.0,12.0,Delhi,MCA,5,18,2024
4420,Rahul,48,Female,Marketing,59761.0,12.0,Pune,MBA,1,10,2021
4421,Sneha,39,Male,HR,46930.0,12.0,Mumbai,MBA,3,14,2020
4422,Rahul,33,Male,Marketing,79117.0,2.0,Pune,B.Com,3,6,2023
4423,Amit,39,Female,Sales,43095.0,1.0,Noida,B.Tech,5,11,2016
4424,Rahul,52,Male,HR,97482.0,21.0,Delhi,BCA,4,10,2020
4425,Neha,39,Male,Sales,60047.5,12.0,Noida,BCA,1,10,2016
4426,Rohit,40,Female,HR,43519.0,7.0,Lucknow,MCA,4,15,2020
4427,Sneha,36,Female,HR,46657.0,10.0,Lucknow,B.Com,3,10,2017
4428,Rohit,42,Male,HR,20826.0,12.0,Pune,MBA,5,16,2018
4429,Amit,39,Male,IT,62625.0,1.0,Lucknow,BCA,4,10,2020
4430,Rahul,33,Male,Sales,37801.0,21.0,Noida,BCA,3,10,2020
4431,Neha,48,Male,Sales,49846.0,4.0,Lucknow,MCA,3,3,2020
4432,Rahul,39,Male,Finance,60047.5,6.0,Lucknow,MBA,3,3,2020
4433,Rohit,39,Male,Finance,60047.5,19.0,Noida,BCA,4,10,2020
4434,Rahul,38,Male,HR,60047.5,12.0,Pune,MCA,2,14,2019
4435,Rahul,39,Male,Marketing,70559.0,12.0,Noida,B.Com,3,18,2015
4436,Neha,39,Female,HR,60047.5,2.0,Lucknow,B.Com,3,15,2022
4437,Neha,39,Male,IT,60047.5,8.0,Mumbai,B.Com,4,10,2020
4438,Neha,39,Female,Sales,60047.5,9.0,Mumbai,B.Com,1,19,2020
4439,Rahul,52,Female,IT,98027.0,23.0,Delhi,MCA,5,10,2021
4440,Rahul,58,Male,Sales,60047.5,12.0,Lucknow,MCA,3,7,2020
4441,Rohit,59,Male,Marketing,60047.5,24.0,Lucknow,BCA,1,13,2016
4442,Amit,37,Male,IT,66623.0,20.0,Noida,B.Com,4,4,2015
4443,Sneha,28,Male,Sales,60047.5,12.0,Pune,BCA,2,10,2020
4444,Neha,52,Male,Marketing,60047.5,4.0,Lucknow,MCA,4,18,2020
4446,Priya,36,Female,Sales,54173.0,6.0,Lucknow,BCA,5,15,2021
4447,Rahul,38,Male,HR,60047.5,16.0,Lucknow,MCA,4,3,2022
4448,Rahul,46,Female,HR,27923.0,12.0,Lucknow,MCA,5,10,2020
4449,Rahul,39,Female,HR,60047.5,4.0,Lucknow,MCA,3,16,2024
4450,Sneha,54,Female,Sales,81713.0,23.0,Noida,MCA,5,10,2019
4452,Sneha,53,Male,IT,84368.0,1.0,Lucknow,MBA,3,14,2019
4453,Rahul,39,Male,Finance,60047.5,23.0,Pune,B.Tech,3,4,2016
4454,Priya,44,Female,HR,30556.0,12.0,Lucknow,BCA,3,7,2023
4455,Rahul,23,Male,Sales,30058.0,12.0,Lucknow,BCA,4,10,2019
4456,Rohit,29,Male,Sales,45482.0,0.0,Mumbai,BCA,3,15,2020
4457,Neha,29,Male,Marketing,64494.0,13.0,Pune,MBA,4,16,2020
4458,Sneha,43,Male,HR,60047.5,18.0,Delhi,B.Tech,1,8,2024
4459,Rahul,40,Male,HR,52481.0,15.0,Lucknow,MCA,2,2,2019
4460,Amit,30,Female,HR,60047.5,12.0,Lucknow,MBA,4,17,2025
4461,Amit,46,Male,Marketing,60431.0,5.0,Delhi,MBA,3,6,2015
4462,Neha,35,Male,Sales,84459.0,12.0,Pune,B.Com,3,16,2023
4463,Priya,39,Male,HR,60047.5,2.0,Delhi,MBA,5,2,2020
4464,Rahul,39,Male,Marketing,96789.0,6.0,Noida,MBA,3,18,2024
4465,Rahul,35,Female,HR,68504.0,23.0,Noida,BCA,3,11,2020
4466,Rohit,26,Male,HR,60047.5,2.0,Mumbai,B.Com,3,12,2023
4467,Rahul,35,Male,HR,90977.0,12.0,Lucknow,MCA,3,5,2020
4468,Rahul,54,Male,HR,60047.5,16.0,Lucknow,B.Tech,5,2,2024
4469,Amit,39,Male,IT,32863.0,14.0,Pune,MCA,3,18,2024
4470,Sneha,59,Male,Finance,49564.0,18.0,Delhi,MCA,3,10,2016
4471,Amit,31,Female,IT,42499.0,18.0,Noida,BCA,4,10,2026
4472,Rohit,54,Female,Sales,52132.0,22.0,Lucknow,B.Tech,3,10,2021
4473,Rahul,40,Female,Sales,24533.0,12.0,Noida,MCA,1,15,2020
4475,Rahul,36,Male,HR,42987.0,19.0,Pune,B.Tech,3,14,2018
4476,Rahul,39,Male,Finance,30633.0,1.0,Delhi,B.Tech,4,4,2024
4477,Sneha,25,Male,HR,60047.5,6.0,Lucknow,MBA,1,7,2021
4478,Rahul,39,Male,IT,60047.5,18.0,Pune,B.Com,3,8,2020
4479,Sneha,46,Male,Sales,23996.0,12.0,Pune,B.Com,2,10,2026
4480,Rahul,39,Female,IT,20014.0,9.0,Noida,MCA,2,10,2020
4481,Sneha,44,Male,IT,21674.0,12.0,Mumbai,MCA,2,10,2026
4482,Amit,21,Female,IT,60047.5,22.0,Lucknow,BCA,3,19,2026
4483,Neha,28,Male,Finance,77251.0,12.0,Delhi,MCA,1,4,2020
4484,Neha,47,Female,Finance,60047.5,22.0,Lucknow,B.Tech,5,13,2021
4485,Rahul,57,Male,Sales,37864.0,12.0,Noida,MCA,3,6,2020
4486,Priya,22,Female,Sales,46321.0,19.0,Lucknow,MCA,1,10,2015
4488,Rohit,25,Male,IT,60131.0,7.0,Lucknow,BCA,4,10,2018
4489,Rahul,39,Male,Finance,60047.5,4.0,Delhi,MCA,1,10,2020
4490,Sneha,39,Female,HR,60047.5,12.0,Lucknow,BCA,4,7,2020
4492,Rahul,56,Male,Marketing,54851.0,21.0,Mumbai,B.Com,3,10,2026
4493,Sneha,25,Male,IT,46865.0,5.0,Mumbai,B.Tech,3,10,2026
4494,Sneha,53,Female,Finance,24158.0,6.0,Lucknow,B.Tech,3,19,2025
4495,Rahul,34,Male,Marketing,77852.0,7.0,Mumbai,MCA,3,1,2018
4496,Rahul,45,Female,HR,69339.0,3.0,Lucknow,BCA,3,10,2020
4497,Rohit,33,Female,Finance,60047.5,11.0,Pune,MBA,1,5,2018
4498,Rahul,26,Male,HR,24100.0,12.0,Lucknow,MCA,3,10,2020
4499,Rahul,39,Female,HR,64469.0,11.0,Mumbai,MCA,1,6,2020
4500,Rahul,43,Male,IT,80861.0,16.0,Lucknow,MBA,4,6,2024
4501,Rohit,50,Male,Finance,38456.0,21.0,Lucknow,B.Tech,2,10,2016
4502,Rahul,48,Female,HR,60047.5,21.0,Mumbai,B.Tech,3,10,2020
4503,Amit,51,Female,Finance,60047.5,18.0,Lucknow,B.Com,3,3,2020
4505,Rohit,39,Female,Finance,60047.5,11.0,Mumbai,MCA,3,4,2017
4506,Rahul,59,Female,IT,87323.0,12.0,Lucknow,MCA,3,6,2015
4507,Sneha,55,Male,IT,41788.0,12.0,Lucknow,B.Com,3,3,2020
4508,Amit,39,Male,Marketing,60047.5,22.0,Noida,B.Com,5,9,2020
4509,Amit,39,Male,IT,21132.0,9.0,Lucknow,BCA,3,10,2016
4510,Rahul,39,Male,Marketing,97850.0,18.0,Noida,MBA,3,6,2020
4511,Sneha,51,Male,HR,33068.0,10.0,Lucknow,B.Com,3,9,2020
4512,Rohit,37,Female,HR,67401.0,19.0,Lucknow,BCA,3,10,2020
4513,Rahul,37,Female,Sales,68526.0,21.0,Pune,MCA,3,10,2020
4514,Neha,56,Female,Marketing,78958.0,23.0,Lucknow,MCA,2,10,2020
4515,Amit,39,Female,Finance,96593.0,12.0,Lucknow,BCA,4,16,2017
4516,Neha,39,Male,HR,75041.0,12.0,Lucknow,MCA,4,3,2020
4517,Rahul,54,Male,Sales,83372.0,14.0,Pune,MCA,4,10,2017
4518,Rohit,27,Male,HR,60047.5,11.0,Lucknow,B.Tech,2,10,2023
4519,Rohit,39,Female,HR,84046.0,24.0,Lucknow,MCA,5,10,2020
4520,Neha,41,Female,HR,60047.5,12.0,Noida,B.Tech,5,7,2020
4521,Rohit,39,Male,IT,60047.5,9.0,Delhi,BCA,3,7,2016
4522,Rahul,49,Female,HR,36623.0,21.0,Pune,MCA,4,6,2021
4523,Rahul,47,Female,Marketing,69641.0,6.0,Mumbai,BCA,1,8,2026
4524,Priya,39,Female,IT,32043.0,23.0,Lucknow,MCA,3,4,2020
4525,Neha,39,Male,IT,60047.5,1.0,Lucknow,MCA,5,10,2015
4526,Priya,50,Male,HR,60047.5,20.0,Delhi,MCA,5,6,2019
4527,Rohit,39,Male,HR,60047.5,6.0,Noida,BCA,4,16,2020
4528,Rahul,55,Male,HR,60047.5,7.0,Lucknow,B.Com,2,5,2020
4529,Rahul,49,Male,HR,67346.0,20.0,Lucknow,B.Com,3,12,2020
4530,Rahul,39,Male,Marketing,36150.0,18.0,Lucknow,BCA,3,14,2020
4531,Sneha,38,Female,HR,97228.0,5.0,Delhi,MCA,5,6,2021
4532,Rohit,31,Female,Marketing,32054.0,20.0,Lucknow,MCA,4,3,2020
4533,Rahul,39,Female,Marketing,21767.0,7.0,Lucknow,BCA,5,19,2020
4534,Neha,50,Male,HR,60047.5,12.0,Lucknow,MCA,3,10,2015
4535,Rahul,56,Male,HR,60047.5,12.0,Mumbai,MCA,1,7,2026
4536,Priya,39,Female,Marketing,72158.0,21.0,Lucknow,MCA,2,13,2021
4537,Priya,39,Female,HR,49292.0,12.0,Pune,MCA,3,1,2017
4538,Neha,48,Male,Finance,48082.0,12.0,Delhi,MBA,4,10,2018
4539,Sneha,45,Male,IT,54024.0,24.0,Lucknow,MCA,1,17,2024
4540,Rahul,21,Male,Marketing,43461.0,19.0,Lucknow,MCA,1,4,2016
4542,Rahul,34,Female,Finance,67031.0,8.0,Mumbai,MCA,3,10,2015
4543,Rahul,23,Male,HR,60047.5,4.0,Noida,MCA,3,14,2020
4544,Rahul,41,Male,Sales,60047.5,12.0,Lucknow,BCA,3,10,2020
4545,Neha,57,Female,HR,60047.5,18.0,Lucknow,MCA,3,1,2025
4546,Neha,42,Female,Sales,63441.0,11.0,Lucknow,MCA,5,16,2016
4547,Rahul,45,Female,HR,60047.5,12.0,Mumbai,BCA,5,4,2024
4548,Rahul,39,Male,HR,24714.0,4.0,Mumbai,MCA,4,2,2020
4550,Priya,21,Female,HR,37658.0,12.0,Mumbai,B.Tech,3,10,2020
4551,Rahul,27,Female,HR,89245.0,8.0,Lucknow,B.Com,3,10,2022
4552,Rahul,48,Female,HR,97027.0,10.0,Delhi,BCA,4,8,2020
4553,Priya,30,Male,Sales,70808.0,22.0,Lucknow,MCA,3,4,2020
4554,Rahul,56,Male,Marketing,59530.0,13.0,Lucknow,MBA,2,2,2020
4555,Rahul,37,Female,Sales,28834.0,23.0,Mumbai,MCA,3,13,2019
4556,Rahul,39,Male,HR,60047.5,12.0,Lucknow,BCA,3,10,2020
4557,Priya,39,Female,Finance,60047.5,13.0,Mumbai,B.Com,4,13,2020
4558,Rahul,54,Male,Marketing,78694.0,24.0,Noida,MCA,4,5,2017
4559,Amit,28,Male,Sales,60047.5,18.0,Lucknow,MCA,1,10,2023
4560,Rohit,54,Male,IT,60047.5,9.0,Lucknow,MCA,4,6,2018
4561,Rahul,39,Male,Marketing,36685.0,4.0,Noida,MCA,3,16,2022
4562,Sneha,31,Male,HR,31333.0,12.0,Pune,MCA,4,13,2018
4563,Rahul,39,Female,IT,31356.0,3.0,Lucknow,MCA,3,11,2020
4564,Rahul,58,Female,HR,60584.0,12.0,Lucknow,MCA,4,1,2015
4565,Sneha,33,Female,HR,71362.0,23.0,Mumbai,B.Com,3,4,2016
4566,Rahul,47,Male,HR,31344.0,12.0,Noida,B.Com,3,3,2020
4567,Rahul,30,Female,Marketing,60047.5,9.0,Lucknow,B.Com,3,18,2017
4568,Rahul,58,Female,Finance,60047.5,9.0,Delhi,MBA,1,16,2020
4569,Rahul,39,Male,HR,60047.5,3.0,Pune,B.Tech,3,13,2020
4570,Neha,40,Male,Finance,60047.5,15.0,Noida,MCA,1,13,2015
4571,Sneha,29,Male,Sales,60047.5,12.0,Lucknow,MCA,3,7,2017
4572,Rahul,34,Male,Marketing,97286.0,20.0,Lucknow,B.Tech,3,15,2020
4573,Rohit,38,Male,Marketing,90921.0,10.0,Noida,MBA,3,15,2026
4574,Priya,41,Female,HR,36639.0,18.0,Pune,MCA,4,5,2015
4575,Rahul,40,Female,HR,84566.0,12.0,Lucknow,MCA,5,17,2018
4576,Rahul,51,Male,Sales,60047.5,23.0,Pune,MCA,3,10,2020
4577,Amit,42,Female,Marketing,38640.0,2.0,Delhi,MCA,3,13,2025
4579,Rahul,24,Female,Finance,85088.0,15.0,Delhi,BCA,1,10,2021
4580,Rahul,39,Female,Sales,80240.0,13.0,Mumbai,B.Com,4,2,2019
4581,Rahul,39,Male,Sales,60047.5,12.0,Lucknow,B.Tech,5,11,2018
4582,Sneha,33,Male,HR,60047.5,12.0,Lucknow,MCA,3,11,2024
4583,Rahul,39,Female,HR,83021.0,17.0,Mumbai,B.Tech,3,1,2020
4584,Amit,39,Male,HR,60047.5,12.0,Noida,MCA,3,8,2016
4585,Amit,39,Male,Finance,72616.0,0.0,Mumbai,MCA,3,10,2020
4586,Rahul,56,Female,HR,30683.0,24.0,Noida,BCA,3,8,2021
4587,Rohit,39,Male,Finance,60047.5,8.0,Mumbai,MBA,1,10,2020
4588,Priya,37,Male,HR,60047.5,20.0,Noida,MCA,3,5,2020
4589,Rohit,52,Male,IT,97664.0,13.0,Lucknow,B.Tech,3,6,2020
4590,Rohit,27,Male,HR,60194.0,19.0,Lucknow,BCA,5,10,2025
4591,Rahul,39,Female,HR,82661.0,12.0,Lucknow,B.Tech,2,17,2023
4592,Rahul,50,Male,IT,92307.0,19.0,Lucknow,BCA,1,16,2026
4593,Rahul,53,Male,Marketing,63452.0,12.0,Lucknow,MCA,1,10,2020
4594,Rahul,25,Male,Finance,60047.5,22.0,Delhi,MBA,3,19,2020
4595,Sneha,41,Male,HR,51301.0,10.0,Delhi,BCA,3,2,2020
4596,Neha,39,Male,Finance,75900.0,23.0,Lucknow,MCA,5,10,2020
4597,Rahul,22,Female,Sales,51460.0,1.0,Pune,MBA,3,9,2023
4598,Sneha,39,Male,HR,60047.5,19.0,Noida,MCA,1,4,2025
4600,Priya,39,Female,Sales,67408.0,22.0,Lucknow,B.Com,3,6,2020
4601,Rahul,21,Male,HR,60047.5,12.0,Pune,MBA,4,1,2026
4602,Amit,21,Female,HR,77872.0,4.0,Noida,BCA,3,13,2020
4604,Rahul,42,Female,HR,60047.5,23.0,Delhi,BCA,1,3,2022
4605,Rahul,48,Male,Sales,36333.0,12.0,Mumbai,BCA,2,5,2020
4606,Sneha,39,Male,Sales,55120.0,12.0,Noida,B.Tech,4,13,2020
4607,Rahul,51,Male,HR,42159.0,13.0,Delhi,BCA,2,10,2018
4608,Sneha,26,Male,Sales,44660.0,12.0,Pune,B.Com,4,3,2015
4609,Neha,49,Male,Sales,76843.0,20.0,Noida,MBA,5,11,2020
4610,Neha,47,Male,Sales,60047.5,8.0,Delhi,MBA,1,1,2021
4611,Priya,39,Male,Finance,64935.0,19.0,Mumbai,B.Tech,1,15,2016
4612,Amit,49,Female,HR,42507.0,7.0,Lucknow,B.Com,3,4,2020
4613,Rahul,36,Female,Marketing,91060.0,11.0,Pune,B.Com,1,15,2020
4614,Neha,51,Male,HR,77223.0,2.0,Noida,MBA,3,10,2020
4615,Neha,25,Female,IT,47675.0,12.0,Delhi,B.Com,3,15,2024
4616,Rahul,43,Male,Sales,37673.0,14.0,Lucknow,MCA,4,10,2020
4617,Rahul,25,Male,Sales,60047.5,7.0,Lucknow,BCA,3,3,2020
4618,Priya,46,Male,HR,61603.0,12.0,Noida,BCA,5,14,2017
4619,Rahul,37,Female,IT,60047.5,16.0,Noida,MBA,4,10,2018
4620,Rahul,43,Male,Finance,34542.0,12.0,Delhi,MCA,2,1,2018
4622,Neha,43,Male,HR,73821.0,17.0,Lucknow,B.Tech,3,10,2020
4623,Neha,57,Male,IT,60047.5,17.0,Delhi,MBA,5,18,2020
4624,Rahul,39,Female,HR,26654.0,12.0,Lucknow,MBA,3,3,2020
4625,Rahul,59,Male,IT,87557.0,22.0,Lucknow,MBA,3,19,2020
4626,Neha,39,Female,Marketing,47446.0,2.0,Noida,B.Com,3,3,2017
4627,Rohit,30,Female,Finance,60047.5,18.0,Mumbai,MCA,3,14,2026
4628,Rahul,41,Male,HR,60047.5,12.0,Lucknow,MBA,4,4,2016
4629,Rohit,39,Male,HR,24225.0,15.0,Pune,MCA,4,13,2023
4630,Rahul,20,Female,HR,60047.5,21.0,Noida,B.Com,3,13,2020
4631,Rahul,37,Female,Sales,60047.5,21.0,Lucknow,B.Tech,4,10,2020
4632,Neha,31,Female,Marketing,88676.0,16.0,Lucknow,BCA,3,2,2024
4633,Amit,39,Female,Sales,60047.5,0.0,Pune,MCA,4,10,2016
4634,Rohit,59,Male,HR,60047.5,10.0,Noida,BCA,4,11,2021
4635,Priya,39,Female,HR,59437.0,5.0,Lucknow,MCA,2,15,2015
4636,Rahul,39,Male,IT,60047.5,22.0,Lucknow,B.Com,3,3,2020
4637,Priya,39,Female,HR,60047.5,8.0,Mumbai,BCA,3,14,2015
4638,Rahul,39,Female,HR,90540.0,19.0,Mumbai,MCA,2,10,2023
4639,Rahul,30,Male,HR,60047.5,15.0,Mumbai,B.Tech,2,19,2020
4640,Amit,41,Male,HR,60047.5,12.0,Lucknow,MBA,5,19,2015
4641,Amit,54,Male,HR,84669.0,11.0,Pune,MCA,3,10,2015
4642,Sneha,48,Female,HR,93040.0,18.0,Lucknow,MBA,3,19,2022
4643,Rahul,47,Female,IT,60047.5,12.0,Lucknow,B.Com,4,3,2015
4644,Rahul,39,Male,Sales,27408.0,12.0,Lucknow,B.Com,5,10,2022
4645,Rahul,33,Male,HR,24153.0,3.0,Delhi,B.Com,4,10,2017
4646,Sneha,37,Male,Finance,31055.0,8.0,Delhi,B.Tech,3,1,2020
4647,Rohit,39,Male,HR,39760.0,13.0,Pune,MCA,3,6,2016
4648,Rahul,43,Female,HR,60047.5,13.0,Mumbai,B.Com,3,17,2020
4649,Neha,27,Female,Marketing,23800.0,16.0,Noida,MCA,5,1,2020
4650,Neha,39,Female,HR,60047.5,4.0,Mumbai,MBA,3,13,2024
4651,Sneha,39,Female,Marketing,50054.0,22.0,Lucknow,BCA,1,12,2017
4653,Rahul,55,Female,Sales,46866.0,1.0,Lucknow,MCA,3,10,2020
4654,Rahul,24,Male,Marketing,20992.0,12.0,Pune,BCA,1,8,2021
4655,Rohit,52,Male,IT,60047.5,12.0,Lucknow,MCA,3,12,2020
4656,Rahul,53,Male,HR,60047.5,1.0,Pune,MBA,1,9,2019
4657,Rohit,49,Female,IT,93541.0,12.0,Lucknow,B.Tech,3,17,2026
4658,Rahul,27,Male,IT,60047.5,20.0,Lucknow,BCA,3,10,2020
4659,Rahul,58,Female,HR,60047.5,2.0,Lucknow,BCA,4,7,2017
4660,Rahul,45,Female,HR,37565.0,11.0,Mumbai,MCA,1,10,2017
4661,Amit,56,Female,IT,59585.0,12.0,Pune,B.Tech,3,10,2023
4662,Rahul,39,Female,IT,60047.5,0.0,Delhi,MBA,3,17,2023
4663,Neha,39,Male,IT,32094.0,8.0,Lucknow,B.Tech,4,17,2020
4664,Priya,59,Male,HR,60047.5,17.0,Pune,MCA,5,1,2020
4665,Amit,47,Male,Sales,66647.0,23.0,Delhi,MCA,3,10,2015
4667,Sneha,58,Male,Marketing,39513.0,12.0,Pune,MCA,5,9,2023
4668,Amit,47,Male,Finance,60047.5,8.0,Delhi,MBA,3,10,2020
4669,Rahul,39,Male,IT,48134.0,12.0,Delhi,MCA,3,10,2019
4670,Priya,57,Female,HR,28678.0,7.0,Noida,MCA,5,10,2020
4671,Rahul,23,Male,Finance,26294.0,12.0,Lucknow,MCA,3,2,2024
4672,Priya,37,Female,HR,29574.0,17.0,Lucknow,MBA,1,10,2017
4673,Sneha,44,Male,Marketing,60047.5,12.0,Pune,MCA,4,4,2017
4674,Amit,39,Female,HR,68747.0,14.0,Mumbai,BCA,2,3,2016
4675,Rohit,57,Male,HR,86606.0,12.0,Mumbai,MBA,4,19,2021
4676,Rohit,47,Male,Marketing,38638.0,13.0,Pune,MCA,3,12,2020
4677,Sneha,39,Male,Finance,77194.0,12.0,Noida,BCA,1,10,2020
4678,Priya,22,Male,Sales,60047.5,18.0,Delhi,MCA,3,4,2024
4679,Rohit,50,Male,Marketing,46082.0,18.0,Lucknow,BCA,1,1,2015
4680,Priya,39,Male,HR,36306.0,12.0,Lucknow,B.Tech,4,10,2020
4681,Rohit,39,Female,Marketing,60047.5,19.0,Mumbai,BCA,3,6,2025
4682,Rohit,30,Female,Marketing,71342.0,20.0,Lucknow,MCA,2,17,2020
4683,Priya,59,Female,Finance,60047.5,5.0,Mumbai,MBA,4,5,2022
4684,Neha,22,Female,HR,60047.5,16.0,Noida,BCA,3,13,2020
4685,Rahul,42,Male,HR,44715.0,12.0,Lucknow,B.Com,3,12,2017
4686,Amit,26,Male,HR,82054.0,12.0,Noida,MCA,5,10,2015
4687,Sneha,39,Female,Finance,92934.0,7.0,Delhi,B.Tech,2,10,2019
4688,Neha,26,Male,IT,32202.0,12.0,Lucknow,MCA,3,10,2020
4690,Neha,38,Male,HR,60047.5,8.0,Lucknow,B.Tech,3,10,2020
4691,Rahul,39,Male,Sales,60047.5,4.0,Mumbai,BCA,3,16,2016
4692,Rahul,39,Male,HR,73871.0,22.0,Delhi,BCA,3,15,2015
4693,Rohit,44,Female,HR,33627.0,3.0,Noida,B.Tech,5,10,2020
4694,Rohit,33,Female,Sales,71069.0,5.0,Lucknow,BCA,3,2,2016
4695,Amit,44,Male,Marketing,60409.0,12.0,Lucknow,BCA,3,4,2025
4696,Sneha,38,Male,Sales,60047.5,12.0,Pune,B.Com,3,10,2020
4697,Neha,58,Male,Marketing,21611.0,3.0,Pune,MCA,2,19,2017
4698,Rahul,39,Male,HR,51657.0,12.0,Noida,MCA,4,10,2018
4699,Rohit,35,Male,HR,38462.0,7.0,Lucknow,MCA,5,14,2021
4700,Sneha,46,Female,HR,96309.0,4.0,Lucknow,B.Tech,3,8,2020
4701,Rahul,59,Male,HR,58547.0,1.0,Lucknow,MCA,2,10,2020
4702,Rohit,39,Male,Marketing,49063.0,8.0,Delhi,MBA,3,5,2025
4703,Rohit,23,Female,HR,60047.5,12.0,Noida,MCA,4,8,2021
4704,Rahul,38,Female,Marketing,72788.0,19.0,Lucknow,MCA,4,11,2020
4705,Rahul,47,Male,HR,62523.0,19.0,Pune,MBA,1,7,2017
4706,Rohit,40,Female,Finance,50284.0,10.0,Mumbai,MCA,3,13,2020
4707,Priya,39,Female,Marketing,83996.0,12.0,Lucknow,B.Com,4,17,2019
4708,Rahul,52,Male,HR,60047.5,12.0,Lucknow,MCA,4,10,2020
4709,Sneha,39,Female,IT,33706.0,5.0,Lucknow,B.Tech,2,3,2025
4710,Rahul,38,Male,HR,60047.5,12.0,Lucknow,MCA,5,2,2026
4711,Amit,49,Male,Sales,60047.5,5.0,Lucknow,B.Com,3,6,2020
4712,Rahul,41,Female,Sales,45432.0,2.0,Lucknow,MCA,3,19,2021
4713,Rahul,39,Male,Sales,60047.5,12.0,Lucknow,B.Com,5,10,2022
4714,Priya,56,Female,HR,85250.0,5.0,Lucknow,B.Tech,3,4,2020
4715,Priya,37,Male,Finance,60047.5,2.0,Delhi,BCA,3,19,2025
4716,Rohit,39,Male,HR,22068.0,12.0,Lucknow,B.Com,5,7,2020
4717,Rahul,21,Female,Marketing,60047.5,20.0,Mumbai,B.Com,3,14,2020
4718,Priya,31,Female,IT,90342.0,17.0,Noida,B.Com,2,7,2020
4719,Rahul,25,Female,HR,60047.5,22.0,Pune,MCA,3,14,2015
4720,Rahul,59,Female,HR,31683.0,12.0,Delhi,MBA,3,5,2020
4721,Rahul,48,Male,IT,55674.0,12.0,Noida,B.Com,5,10,2017
4722,Rahul,49,Male,Marketing,72703.0,12.0,Lucknow,MCA,3,12,2020
4723,Rohit,21,Female,Sales,60047.5,16.0,Pune,MCA,1,17,2026
4724,Rahul,28,Male,IT,31117.0,12.0,Lucknow,B.Com,2,5,2020
4725,Amit,21,Female,HR,23665.0,5.0,Delhi,MBA,3,19,2020
4728,Rahul,29,Male,Finance,83887.0,11.0,Mumbai,MBA,3,2,2020
4729,Neha,53,Female,Sales,68266.0,3.0,Noida,MCA,5,17,2022
4730,Rohit,27,Male,HR,60047.5,15.0,Pune,MBA,3,10,2024
4731,Amit,56,Female,IT,84802.0,12.0,Lucknow,MCA,2,15,2016
4732,Rohit,52,Female,HR,60047.5,12.0,Mumbai,MCA,1,13,2019
4733,Priya,25,Female,HR,90825.0,24.0,Delhi,MCA,2,11,2020
4734,Amit,39,Male,HR,33910.0,9.0,Lucknow,BCA,5,18,2023
4735,Rahul,38,Male,Marketing,60047.5,6.0,Noida,MCA,3,10,2018
4736,Amit,51,Male,HR,83073.0,13.0,Pune,MCA,3,16,2022
4737,Rohit,46,Female,HR,56176.0,6.0,Delhi,B.Tech,1,15,2017
4738,Rahul,20,Male,HR,50289.0,11.0,Pune,MCA,5,4,2020
4739,Amit,39,Female,Sales,70411.0,10.0,Noida,MBA,1,10,2022
4740,Neha,59,Female,Sales,89626.0,16.0,Lucknow,MBA,5,13,2023
4741,Rahul,51,Male,HR,35362.0,10.0,Pune,BCA,1,10,2021
4742,Rahul,24,Male,Marketing,60047.5,20.0,Lucknow,MBA,3,10,2020
4743,Rahul,36,Male,HR,64162.0,2.0,Delhi,B.Com,1,18,2020
4745,Amit,53,Male,IT,23554.0,21.0,Pune,B.Tech,2,12,2026
4746,Rohit,28,Male,HR,78568.0,3.0,Lucknow,MCA,5,10,2020
4747,Rahul,42,Male,Marketing,60047.5,7.0,Mumbai,BCA,3,10,2020
4748,Neha,54,Male,HR,93694.0,13.0,Pune,MBA,4,10,2023
4749,Rohit,39,Female,Finance,86550.0,12.0,Lucknow,BCA,3,15,2017
4750,Rahul,34,Male,HR,66295.0,23.0,Pune,MCA,4,10,2018
4751,Rohit,39,Male,HR,50331.0,13.0,Lucknow,MCA,2,8,2017
4752,Rahul,44,Female,IT,60047.5,15.0,Lucknow,B.Com,4,19,2023
4753,Sneha,22,Female,Sales,84877.0,14.0,Pune,B.Tech,3,19,2020
4754,Amit,43,Male,HR,66969.0,11.0,Lucknow,B.Com,3,5,2020
4756,Rohit,41,Male,HR,27585.0,19.0,Lucknow,B.Tech,2,10,2026
4757,Priya,30,Male,HR,24122.0,18.0,Mumbai,B.Tech,3,15,2020
4758,Amit,27,Female,HR,36838.0,4.0,Lucknow,MCA,3,2,2020
4759,Rahul,58,Male,Finance,37301.0,11.0,Mumbai,MCA,1,10,2020
4760,Rohit,39,Female,HR,60047.5,4.0,Pune,MBA,3,10,2021
4761,Neha,57,Male,HR,77357.0,9.0,Pune,BCA,1,3,2017
4762,Sneha,39,Male,Finance,75211.0,16.0,Lucknow,MCA,4,7,2019
4763,Rohit,56,Female,Finance,86025.0,14.0,Pune,B.Com,1,19,2017
4764,Sneha,39,Male,HR,60047.5,7.0,Lucknow,MCA,1,15,2020
4765,Amit,47,Male,Finance,60047.5,7.0,Noida,MCA,2,10,2017
4766,Neha,39,Male,Marketing,77202.0,7.0,Lucknow,MCA,3,2,2026
4767,Rahul,53,Male,Sales,34959.0,9.0,Delhi,B.Tech,1,13,2020
4768,Rahul,39,Female,Marketing,60047.5,19.0,Lucknow,MCA,3,10,2023
4769,Rahul,34,Male,Finance,21869.0,12.0,Lucknow,BCA,3,7,2023
4770,Rahul,36,Female,HR,64264.0,15.0,Mumbai,B.Tech,4,3,2022
4771,Sneha,39,Male,HR,60047.5,12.0,Pune,B.Com,3,6,2021
4772,Rahul,39,Female,Finance,60047.5,12.0,Lucknow,B.Com,3,1,2020
4773,Neha,39,Female,Sales,33550.0,12.0,Pune,MCA,1,2,2023
4774,Sneha,39,Female,HR,25702.0,12.0,Lucknow,MCA,3,10,2020
4775,Rahul,39,Male,Sales,98563.0,22.0,Lucknow,B.Com,1,4,2016
4776,Rahul,48,Female,Sales,81745.0,12.0,Lucknow,MCA,5,5,2020
4777,Amit,32,Male,HR,44459.0,24.0,Delhi,MCA,5,2,2024
4778,Priya,40,Male,Finance,76782.0,13.0,Mumbai,MCA,1,16,2019
4779,Neha,39,Female,HR,26032.0,12.0,Pune,MCA,5,10,2020
4780,Neha,39,Male,IT,21825.0,3.0,Mumbai,BCA,4,15,2022
4782,Rahul,25,Male,IT,68101.0,5.0,Noida,MBA,4,10,2024
4783,Priya,39,Male,HR,60047.5,12.0,Delhi,B.Com,3,3,2016
4784,Neha,20,Male,HR,60047.5,12.0,Pune,B.Tech,5,11,2021
4785,Sneha,39,Male,IT,23770.0,12.0,Lucknow,MCA,3,17,2016
4786,Rahul,39,Female,HR,47268.0,7.0,Lucknow,B.Tech,3,10,2015
4787,Rahul,29,Male,IT,20029.0,12.0,Mumbai,MCA,5,17,2020
4788,Sneha,39,Male,Marketing,50083.0,7.0,Delhi,MBA,3,10,2020
4789,Amit,22,Male,HR,28958.0,13.0,Lucknow,BCA,5,1,2023
4790,Amit,30,Female,Finance,28806.0,22.0,Lucknow,B.Tech,5,9,2021
4791,Rahul,31,Male,IT,60047.5,6.0,Pune,MCA,3,10,2020
4792,Rahul,29,Female,Sales,94732.0,20.0,Mumbai,MBA,2,4,2020
4794,Rahul,44,Male,HR,60047.5,11.0,Mumbai,B.Com,5,7,2021
4795,Amit,30,Female,Sales,55777.0,12.0,Noida,MBA,4,3,2018
4796,Rohit,55,Female,HR,60047.5,14.0,Delhi,BCA,4,10,2023
4797,Sneha,39,Male,HR,60047.5,17.0,Mumbai,BCA,2,10,2019
4798,Amit,45,Male,Sales,60047.5,12.0,Delhi,BCA,3,10,2020
4799,Rahul,33,Male,IT,60047.5,12.0,Lucknow,B.Tech,1,17,2020
4800,Neha,58,Female,HR,96821.0,11.0,Lucknow,MBA,3,19,2022
4801,Amit,59,Male,HR,88446.0,7.0,Delhi,MCA,4,1,2019
4802,Rahul,20,Male,HR,43039.0,5.0,Lucknow,MBA,4,1,2015
4803,Rahul,23,Female,Marketing,64929.0,23.0,Lucknow,B.Tech,1,14,2018
4804,Amit,39,Male,HR,63884.0,18.0,Lucknow,B.Com,1,10,2017
4805,Rahul,39,Male,HR,45146.0,12.0,Lucknow,B.Com,3,2,2021
4806,Neha,54,Female,HR,60047.5,12.0,Pune,MCA,5,10,2020
4807,Rohit,32,Female,Finance,60047.5,21.0,Delhi,MCA,5,15,2020
4808,Rahul,39,Male,Marketing,60047.5,15.0,Delhi,BCA,1,15,2016
4809,Rahul,39,Female,HR,99606.0,17.0,Noida,MCA,5,7,2020
4810,Rahul,39,Male,Sales,72018.0,11.0,Pune,MCA,1,8,2020
4811,Rahul,23,Male,HR,46250.0,24.0,Delhi,B.Com,3,11,2019
4812,Amit,35,Male,Sales,60047.5,4.0,Pune,MCA,3,16,2023
4813,Rahul,26,Male,Sales,97391.0,12.0,Noida,MCA,3,7,2025
4814,Amit,41,Male,Sales,58921.0,12.0,Delhi,MCA,1,9,2016
4815,Amit,48,Male,IT,60047.5,7.0,Delhi,MCA,3,19,2021
4816,Rohit,30,Male,HR,94363.0,5.0,Lucknow,B.Tech,5,1,2020
4817,Rohit,52,Male,IT,45785.0,2.0,Delhi,MCA,5,10,2025
4818,Rahul,48,Female,HR,60047.5,24.0,Mumbai,MBA,5,8,2025
4819,Rohit,39,Female,HR,60047.5,12.0,Pune,MCA,2,8,2020
4820,Priya,31,Male,Finance,96340.0,3.0,Lucknow,B.Tech,1,10,2018
4821,Sneha,26,Female,HR,33979.0,12.0,Pune,MCA,3,14,2020
4823,Sneha,45,Male,Marketing,20357.0,12.0,Mumbai,MCA,2,3,2020
4824,Rahul,59,Male,HR,60047.5,18.0,Lucknow,BCA,2,7,2026
4825,Rahul,28,Male,Finance,74254.0,3.0,Pune,BCA,3,3,2022
4826,Sneha,53,Male,Finance,30796.0,12.0,Delhi,BCA,1,15,2022
4827,Priya,32,Male,IT,60047.5,12.0,Delhi,MCA,3,11,2018
4828,Priya,55,Male,HR,60047.5,12.0,Lucknow,B.Tech,3,2,2019
4829,Sneha,44,Male,HR,60883.0,7.0,Lucknow,BCA,2,18,2016
4830,Rahul,43,Male,HR,89396.0,7.0,Delhi,MCA,2,14,2018
4831,Rahul,39,Male,HR,24447.0,12.0,Pune,MBA,5,10,2026
4832,Priya,39,Female,IT,60047.5,10.0,Noida,B.Tech,2,2,2020
4833,Rahul,32,Female,HR,84079.0,17.0,Noida,MBA,3,4,2016
4834,Rahul,50,Male,IT,84823.0,3.0,Lucknow,B.Com,3,14,2020
4835,Sneha,39,Female,HR,69289.0,23.0,Mumbai,MCA,3,7,2020
4836,Rahul,47,Female,IT,60047.5,0.0,Delhi,B.Tech,1,15,2021
4837,Sneha,39,Female,HR,44718.0,0.0,Lucknow,BCA,1,6,2024
4838,Amit,39,Male,HR,93002.0,12.0,Mumbai,B.Tech,2,5,2019
4839,Amit,50,Female,IT,80977.0,3.0,Mumbai,MCA,5,18,2017
4840,Rahul,59,Male,HR,60047.5,10.0,Lucknow,B.Com,4,11,2017
4841,Rahul,39,Male,Sales,50262.0,17.0,Mumbai,B.Tech,1,8,2020
4842,Rahul,52,Female,IT,54787.0,15.0,Lucknow,B.Tech,3,10,2017
4843,Rahul,39,Female,HR,35689.0,16.0,Delhi,BCA,1,18,2026
4844,Amit,31,Female,IT,59860.0,23.0,Mumbai,B.Com,1,10,2024
4845,Rahul,56,Female,HR,60047.5,1.0,Pune,B.Com,2,8,2020
4846,Neha,39,Female,HR,87891.0,3.0,Mumbai,MCA,5,4,2016
4847,Rahul,39,Male,Finance,71658.0,12.0,Pune,BCA,1,15,2017
4848,Rohit,27,Female,Finance,85869.0,14.0,Noida,BCA,3,11,2020
4849,Rahul,51,Male,Sales,55330.0,1.0,Pune,B.Com,3,1,2015
4850,Rohit,33,Female,HR,60047.5,23.0,Lucknow,B.Com,5,2,2020
4851,Rohit,39,Male,Finance,47014.0,12.0,Lucknow,B.Tech,4,8,2018
4852,Rohit,39,Male,HR,54563.0,12.0,Mumbai,MCA,3,10,2017
4853,Rahul,32,Male,IT,35270.0,12.0,Noida,MBA,1,1,2024
4854,Rahul,40,Female,HR,51279.0,20.0,Lucknow,MBA,3,3,2023
4855,Rahul,39,Female,HR,23657.0,12.0,Lucknow,BCA,3,18,2017
4856,Neha,56,Female,Finance,88773.0,18.0,Mumbai,BCA,4,16,2016
4857,Amit,24,Female,HR,21027.0,4.0,Noida,BCA,3,13,2020
4858,Priya,39,Male,Marketing,34199.0,13.0,Lucknow,B.Tech,3,4,2023
4859,Rahul,39,Male,Marketing,64954.0,9.0,Pune,MBA,3,4,2020
4860,Priya,39,Male,HR,60047.5,15.0,Pune,MCA,3,2,2019
4862,Rahul,58,Female,HR,76812.0,24.0,Delhi,MCA,3,13,2020
4863,Neha,26,Female,Marketing,25983.0,12.0,Mumbai,B.Com,2,7,2023
4864,Sneha,57,Male,HR,60047.5,1.0,Lucknow,B.Tech,3,7,2022
4865,Sneha,51,Female,HR,90325.0,17.0,Lucknow,BCA,2,17,2020
4866,Amit,39,Female,IT,22912.0,20.0,Mumbai,BCA,4,10,2022
4867,Amit,58,Male,HR,60047.5,12.0,Delhi,MCA,3,10,2015
4868,Amit,56,Male,Finance,60047.5,20.0,Lucknow,MCA,4,16,2020
4869,Rahul,39,Male,IT,60047.5,19.0,Lucknow,B.Com,3,2,2022
4870,Neha,39,Female,HR,36564.0,12.0,Mumbai,B.Tech,4,9,2019
4871,Rohit,36,Male,IT,97795.0,4.0,Mumbai,MBA,2,12,2020
4873,Priya,39,Male,HR,85481.0,12.0,Lucknow,B.Tech,3,10,2015
4874,Rohit,36,Male,HR,72775.0,12.0,Lucknow,BCA,3,5,2020
4875,Rahul,31,Male,HR,36006.0,16.0,Pune,MCA,4,10,2021
4876,Amit,39,Male,Sales,41643.0,3.0,Pune,MCA,3,10,2020
4877,Amit,27,Male,HR,60047.5,0.0,Lucknow,MCA,1,3,2025
4878,Sneha,42,Male,Finance,62523.0,12.0,Pune,MBA,2,17,2020
4879,Priya,39,Female,Sales,90220.0,5.0,Delhi,B.Com,3,15,2020
4880,Rahul,39,Male,HR,93390.0,0.0,Noida,MCA,4,19,2016
4881,Rahul,35,Female,Marketing,60047.5,23.0,Noida,MCA,3,15,2025
4882,Rahul,36,Male,HR,60047.5,3.0,Mumbai,BCA,1,10,2020
4883,Neha,39,Female,HR,37946.0,1.0,Mumbai,MBA,3,10,2021
4884,Sneha,38,Male,Marketing,60047.5,12.0,Delhi,MBA,3,12,2020
4885,Rahul,27,Male,HR,49404.0,12.0,Noida,MCA,4,3,2020
4886,Rahul,39,Female,HR,60047.5,12.0,Noida,MCA,3,10,2020
4887,Priya,39,Female,Finance,35428.0,10.0,Mumbai,MCA,5,10,2020
4888,Rahul,48,Female,Sales,60047.5,12.0,Lucknow,MCA,3,15,2021
4889,Rohit,55,Male,Finance,31971.0,12.0,Lucknow,MCA,4,10,2021
4891,Priya,39,Female,Finance,60047.5,12.0,Pune,B.Com,5,4,2018
4892,Amit,31,Female,IT,96023.0,12.0,Noida,BCA,3,10,2017
4893,Rahul,39,Male,IT,60047.5,7.0,Delhi,MCA,1,13,2020
4894,Sneha,39,Female,HR,60047.5,12.0,Lucknow,MCA,2,17,2020
4895,Rahul,28,Male,HR,60047.5,22.0,Pune,B.Tech,5,15,2023
4896,Sneha,39,Male,Sales,60047.5,1.0,Noida,MCA,2,1,2015
4897,Rohit,31,Female,Finance,99199.0,12.0,Lucknow,B.Com,4,10,2020
4898,Rohit,51,Female,HR,29176.0,15.0,Lucknow,MCA,5,10,2018
4899,Rahul,44,Female,Marketing,71516.0,3.0,Lucknow,B.Tech,3,10,2024
4901,Rahul,37,Male,HR,60047.5,15.0,Mumbai,B.Com,2,15,2021
4902,Sneha,34,Male,Marketing,39689.0,11.0,Delhi,MBA,3,8,2021
4903,Rohit,39,Female,Finance,60047.5,13.0,Delhi,B.Com,2,14,2022
4904,Rahul,39,Male,HR,55388.0,11.0,Pune,BCA,4,10,2017
4905,Rohit,54,Female,HR,60047.5,20.0,Mumbai,B.Com,3,15,2020
4906,Amit,53,Female,HR,94736.0,15.0,Noida,BCA,2,9,2018
4907,Rohit,39,Female,IT,45789.0,15.0,Mumbai,MCA,4,5,2020
4908,Amit,39,Male,Finance,97432.0,21.0,Lucknow,BCA,3,13,2025
4909,Rahul,37,Male,Finance,72282.0,11.0,Lucknow,MCA,4,7,2020
4910,Rahul,35,Male,IT,53464.0,1.0,Noida,BCA,3,17,2018
4911,Rahul,27,Female,Sales,60047.5,22.0,Pune,B.Com,3,10,2026
4913,Sneha,51,Male,HR,45594.0,12.0,Lucknow,MCA,4,7,2020
4914,Rahul,45,Female,Finance,72563.0,10.0,Lucknow,BCA,4,8,2021
4915,Priya,39,Female,Marketing,48386.0,12.0,Noida,B.Tech,2,7,2021
4916,Neha,39,Male,HR,86652.0,12.0,Pune,BCA,2,12,2016
4917,Sneha,29,Female,Sales,37540.0,6.0,Noida,BCA,5,10,2015
4918,Neha,31,Male,HR,53756.0,12.0,Pune,BCA,3,4,2023
4919,Neha,39,Male,Finance,60047.5,16.0,Lucknow,B.Com,1,10,2016
4920,Priya,39,Female,HR,25587.0,8.0,Mumbai,BCA,3,5,2020
4921,Sneha,39,Male,Finance,60047.5,12.0,Pune,B.Tech,3,19,2019
4922,Priya,24,Female,Finance,30269.0,12.0,Noida,BCA,3,10,2025
4923,Neha,42,Male,IT,60047.5,12.0,Lucknow,MCA,3,5,2022
4924,Sneha,28,Female,Sales,62044.0,9.0,Noida,MCA,5,13,2020
4925,Neha,48,Male,HR,47081.0,8.0,Lucknow,B.Com,3,10,2025
4926,Rohit,35,Male,IT,81388.0,11.0,Lucknow,MBA,4,10,2021
4927,Sneha,39,Female,HR,60047.5,12.0,Lucknow,MBA,3,1,2017
4929,Neha,39,Male,HR,57203.0,12.0,Delhi,MCA,3,9,2019
4930,Rohit,39,Female,Marketing,36220.0,0.0,Lucknow,B.Com,4,16,2018
4931,Amit,39,Female,Marketing,52696.0,12.0,Pune,MCA,2,15,2020
4932,Rahul,56,Female,HR,60047.5,12.0,Lucknow,MCA,3,10,2025
4933,Neha,53,Male,HR,66381.0,17.0,Mumbai,MCA,3,15,2020
4934,Sneha,30,Female,HR,67984.0,17.0,Noida,B.Com,1,1,2025
4935,Rahul,39,Male,Sales,60047.5,22.0,Delhi,B.Com,2,15,2020
4936,Priya,39,Male,Marketing,38946.0,12.0,Lucknow,BCA,4,4,2017
4937,Priya,39,Male,IT,43471.0,21.0,Pune,MCA,3,16,2018
4938,Rahul,39,Female,IT,60047.5,11.0,Pune,B.Tech,4,7,2021
4939,Rahul,26,Male,IT,58738.0,8.0,Pune,MCA,2,8,2019
4940,Rahul,39,Female,Marketing,60047.5,12.0,Delhi,BCA,1,2,2025
4941,Rahul,26,Female,Finance,44440.0,8.0,Lucknow,B.Tech,3,12,2020
4942,Rahul,44,Male,HR,31862.0,12.0,Pune,B.Tech,3,2,2020
4944,Priya,57,Male,HR,41788.0,9.0,Delhi,MCA,4,19,2019
4945,Rohit,39,Male,Marketing,45522.0,15.0,Noida,BCA,3,6,2026
4946,Priya,53,Male,IT,90185.0,13.0,Lucknow,MCA,3,10,2025
4947,Priya,49,Male,Finance,89404.0,24.0,Pune,MCA,5,17,2016
4948,Sneha,36,Female,Sales,60047.5,1.0,Mumbai,MBA,5,3,2018
4949,Sneha,39,Male,HR,60047.5,24.0,Delhi,B.Com,3,10,2026
4950,Rahul,54,Male,HR,27799.0,18.0,Lucknow,MCA,1,13,2017
4951,Rahul,39,Female,HR,60047.5,10.0,Delhi,MCA,1,10,2017
4952,Rahul,37,Female,HR,60047.5,18.0,Delhi,MCA,1,19,2026
4953,Rahul,46,Female,HR,60047.5,10.0,Lucknow,MBA,4,10,2020
4954,Rohit,39,Male,HR,60047.5,13.0,Pune,MCA,5,10,2022
4955,Neha,42,Male,HR,60047.5,14.0,Lucknow,BCA,4,18,2020
4956,Rahul,51,Male,HR,60047.5,24.0,Mumbai,MBA,2,7,2020
4957,Rohit,29,Female,IT,60047.5,6.0,Mumbai,MCA,2,10,2015
4958,Neha,39,Male,IT,60047.5,14.0,Noida,BCA,3,10,2026
4959,Amit,57,Male,Finance,60047.5,23.0,Lucknow,BCA,2,10,2019
4960,Rahul,25,Female,Finance,60047.5,22.0,Lucknow,MCA,1,19,2020
4961,Rahul,39,Male,Sales,66898.0,24.0,Lucknow,MCA,3,11,2024
4962,Rahul,55,Male,HR,75505.0,12.0,Noida,MCA,5,8,2020
4963,Amit,39,Male,HR,96031.0,3.0,Lucknow,MCA,3,11,2017
4964,Rahul,39,Male,Sales,20146.0,17.0,Lucknow,BCA,2,2,2020
4965,Rahul,59,Male,HR,60275.0,13.0,Lucknow,MBA,3,12,2024
4966,Rahul,59,Male,Finance,35977.0,12.0,Lucknow,MCA,3,9,2024
4967,Neha,39,Male,IT,61565.0,17.0,Mumbai,B.Tech,2,10,2020
4968,Neha,40,Female,HR,53945.0,3.0,Lucknow,MCA,2,12,2023
4969,Rahul,39,Female,Sales,60047.5,12.0,Lucknow,MCA,3,18,2020
4970,Priya,39,Female,HR,96610.0,20.0,Lucknow,MCA,5,10,2016
4971,Amit,22,Male,Finance,77655.0,12.0,Lucknow,MCA,5,17,2025
4972,Rohit,37,Male,Finance,47431.0,10.0,Delhi,MCA,2,10,2016
4973,Amit,39,Male,Marketing,47571.0,0.0,Noida,MCA,1,12,2025
4974,Rahul,25,Male,HR,85971.0,14.0,Mumbai,MBA,4,2,2016
4975,Rahul,35,Male,HR,60047.5,11.0,Noida,MCA,3,16,2020
4976,Neha,39,Female,HR,63937.0,23.0,Noida,MCA,2,10,2026
4977,Amit,37,Male,HR,79643.0,17.0,Delhi,MCA,3,10,2024
4978,Rohit,39,Female,Finance,80051.0,4.0,Lucknow,B.Tech,1,13,2020
4979,Rahul,31,Female,HR,60047.5,10.0,Pune,B.Com,3,16,2021
4980,Priya,29,Male,HR,97903.0,12.0,Mumbai,MCA,1,10,2021
4981,Priya,26,Female,HR,96990.0,20.0,Noida,BCA,5,19,2017
4982,Rohit,39,Male,HR,95204.0,12.0,Lucknow,B.Tech,2,4,2017
4983,Rahul,55,Male,Sales,88951.0,21.0,Lucknow,BCA,1,3,2020
4984,Rahul,40,Female,HR,95768.0,0.0,Mumbai,B.Com,2,2,2017
4985,Amit,56,Male,IT,49039.0,16.0,Delhi,B.Tech,4,12,2015
4986,Rahul,43,Male,HR,45568.0,7.0,Mumbai,BCA,3,13,2026
4988,Rohit,26,Female,Marketing,60047.5,12.0,Lucknow,B.Com,5,5,2026
4989,Rohit,36,Female,Sales,55516.0,10.0,Lucknow,MBA,2,12,2025
4990,Amit,48,Female,HR,82484.0,18.0,Noida,B.Com,3,19,2016
4991,Rahul,49,Female,HR,88197.0,23.0,Lucknow,B.Tech,5,1,2025
4992,Rohit,26,Female,Finance,60047.5,12.0,Lucknow,B.Tech,1,9,2020
4993,Rahul,52,Male,HR,75611.0,14.0,Pune,MCA,5,1,2023
4994,Rahul,26,Male,HR,67941.0,7.0,Noida,BCA,1,10,2016
4995,Amit,43,Male,IT,58875.0,13.0,Mumbai,MCA,5,3,2015
4996,Rahul,39,Female,Sales,60047.5,0.0,Delhi,MBA,1,6,2019
4997,Rahul,28,Male,Finance,60047.5,9.0,Mumbai,MBA,4,4,2020
4998,Rahul,31,Female,HR,51408.0,6.0,Delhi,B.Com,3,12,2020
4999,Sneha,39,Male,HR,98845.0,17.0,Mumbai,MCA,4,10,2015
5000,Rahul,23,Female,HR,60047.5,11.0,Lucknow,B.Tech,1,10,2020
5001,Rohit,55,Male,HR,93746.0,1.0,Noida,MCA,3,13,2017
5002,Neha,47,Female,Finance,56126.0,17.0,Lucknow,MCA,3,12,2016
5003,Amit,32,Female,HR,60047.5,20.0,Mumbai,MCA,1,10,2026
5004,Amit,42,Female,Sales,24078.0,6.0,Noida,B.Tech,5,6,2020
5005,Neha,38,Female,Sales,73906.0,19.0,Noida,B.Com,5,19,2026
5006,Rohit,56,Male,Finance,31137.0,11.0,Lucknow,B.Com,3,6,2020
5007,Priya,58,Male,HR,60047.5,19.0,Lucknow,B.Com,4,6,2020
5008,Rahul,43,Female,HR,24698.0,12.0,Lucknow,B.Com,1,11,2018
5009,Rahul,35,Male,HR,53132.0,13.0,Lucknow,MBA,5,14,2023
5010,Rahul,52,Female,IT,30165.0,9.0,Delhi,MCA,2,3,2023
5011,Neha,39,Male,HR,20794.0,8.0,Noida,BCA,3,10,2015
5013,Amit,26,Female,IT,25870.0,12.0,Lucknow,B.Com,4,16,2020
5014,Priya,30,Male,IT,60047.5,19.0,Noida,MBA,3,10,2021
5015,Sneha,50,Male,IT,78084.0,23.0,Lucknow,MBA,2,7,2025
5016,Amit,39,Female,IT,60047.5,12.0,Lucknow,B.Tech,3,10,2022
5017,Rahul,32,Male,HR,79538.0,18.0,Lucknow,BCA,2,8,2019
5018,Rahul,50,Male,HR,27377.0,18.0,Lucknow,B.Com,5,6,2020
5019,Neha,21,Female,Finance,60047.5,12.0,Lucknow,MCA,4,16,2022
5020,Rahul,58,Male,HR,37821.0,22.0,Lucknow,B.Com,2,10,2022
5021,Rohit,39,Female,IT,98488.0,12.0,Lucknow,MCA,3,6,2020
5022,Rahul,30,Male,Finance,94583.0,12.0,Lucknow,B.Com,2,10,2020
5023,Rohit,53,Female,Sales,60047.5,19.0,Noida,MCA,4,2,2016
5024,Rahul,58,Female,Finance,60047.5,3.0,Noida,B.Com,5,7,2020
5025,Neha,23,Female,IT,38277.0,12.0,Lucknow,B.Com,3,9,2015
5026,Priya,30,Female,Marketing,42628.0,12.0,Pune,MCA,5,10,2020
5027,Rahul,39,Female,Finance,60047.5,12.0,Lucknow,BCA,1,14,2020
5028,Rahul,21,Male,HR,83497.0,12.0,Pune,MCA,3,13,2017
5029,Sneha,39,Male,HR,60047.5,2.0,Noida,MCA,3,5,2020
5030,Amit,39,Female,HR,73702.0,12.0,Pune,B.Com,4,10,2021
5031,Rahul,32,Male,HR,48677.0,22.0,Pune,MBA,3,5,2018
5032,Sneha,56,Male,HR,27500.0,8.0,Lucknow,MBA,3,3,2020
5033,Rahul,36,Female,HR,60047.5,3.0,Pune,B.Tech,4,10,2020
5034,Neha,40,Male,Marketing,78812.0,1.0,Pune,MCA,3,10,2026
5035,Rahul,38,Female,HR,60047.5,21.0,Mumbai,MBA,5,10,2024
5036,Rohit,39,Male,HR,29201.0,21.0,Noida,BCA,1,11,2026
5037,Rohit,57,Male,HR,49048.0,12.0,Lucknow,B.Tech,2,17,2020
5038,Priya,27,Female,HR,39941.0,19.0,Lucknow,MCA,3,14,2020
5039,Rahul,32,Male,Finance,78418.0,23.0,Pune,MCA,3,10,2017
5040,Rahul,39,Male,HR,60047.5,12.0,Lucknow,MCA,3,5,2020
5041,Priya,21,Male,Finance,61541.0,13.0,Mumbai,MBA,5,17,2020
5042,Amit,39,Male,HR,69939.0,12.0,Lucknow,MCA,2,16,2020
5044,Rahul,39,Female,Marketing,60047.5,8.0,Noida,B.Tech,5,10,2020
5045,Rahul,45,Female,HR,60047.5,14.0,Pune,MBA,2,12,2020
5046,Neha,39,Male,HR,60047.5,12.0,Mumbai,B.Com,3,18,2021
5047,Rohit,39,Female,Marketing,60047.5,12.0,Lucknow,BCA,3,10,2020
5048,Neha,39,Female,Finance,60047.5,9.0,Noida,MCA,4,12,2019
5049,Sneha,39,Female,HR,60047.5,24.0,Pune,B.Com,4,6,2019
5050,Sneha,48,Male,HR,34450.0,16.0,Lucknow,MBA,3,8,2026
5051,Rahul,58,Female,HR,60047.5,12.0,Pune,MCA,5,14,2019
5052,Rahul,21,Male,HR,54263.0,0.0,Lucknow,B.Com,5,10,2024
5053,Rohit,38,Male,Sales,60047.5,10.0,Lucknow,BCA,4,10,2023
5054,Neha,39,Male,Finance,94900.0,4.0,Delhi,MCA,3,16,2021
5055,Amit,25,Male,Marketing,60047.5,8.0,Noida,MCA,1,6,2020
5056,Amit,56,Male,Marketing,60047.5,6.0,Lucknow,BCA,2,3,2016
5057,Rohit,47,Female,HR,88422.0,6.0,Lucknow,B.Com,3,4,2020
5058,Rahul,49,Female,IT,35161.0,1.0,Mumbai,MCA,4,8,2020
5059,Rahul,26,Male,HR,24158.0,18.0,Delhi,BCA,2,14,2025
5060,Sneha,28,Male,HR,60047.5,19.0,Delhi,B.Com,3,7,2020
5061,Sneha,44,Female,Finance,26733.0,17.0,Lucknow,MBA,5,4,2020
5062,Priya,52,Female,HR,52001.0,9.0,Lucknow,B.Tech,3,19,2018
5063,Rahul,20,Female,Finance,59128.0,24.0,Mumbai,MBA,2,11,2020
5065,Rohit,37,Female,HR,29329.0,15.0,Lucknow,B.Tech,1,16,2019
5066,Rahul,39,Female,HR,73105.0,22.0,Lucknow,MCA,3,10,2020
5067,Sneha,47,Male,HR,83436.0,12.0,Lucknow,MCA,3,12,2016
5068,Rohit,30,Male,Sales,89579.0,4.0,Noida,BCA,4,10,2020
5069,Rohit,52,Male,Finance,34242.0,12.0,Pune,MCA,2,10,2021
5070,Rahul,20,Female,Finance,47133.0,21.0,Mumbai,B.Com,1,11,2020
5071,Rahul,39,Female,HR,44740.0,12.0,Mumbai,MCA,3,10,2015
5072,Sneha,56,Male,Sales,60047.5,3.0,Delhi,MCA,1,17,2024
5073,Rahul,39,Female,HR,60067.0,13.0,Lucknow,MCA,3,14,2020
5074,Neha,39,Female,HR,31231.0,12.0,Lucknow,BCA,3,3,2020
5075,Sneha,22,Male,Marketing,86105.0,16.0,Delhi,B.Tech,3,9,2018
5076,Priya,37,Male,Sales,23328.0,12.0,Pune,B.Tech,1,18,2016
5077,Rahul,33,Male,Sales,45261.0,20.0,Lucknow,BCA,3,17,2023
5078,Rahul,50,Male,HR,45262.0,15.0,Delhi,MBA,5,5,2020
5079,Amit,46,Female,Marketing,23280.0,8.0,Lucknow,B.Com,3,6,2023
5080,Sneha,39,Female,HR,60047.5,12.0,Noida,BCA,2,3,2020
5081,Rahul,48,Male,IT,60047.5,10.0,Lucknow,BCA,4,10,2019
5082,Rahul,55,Male,Finance,70226.0,12.0,Lucknow,B.Tech,5,10,2020
5083,Sneha,56,Female,HR,33570.0,2.0,Lucknow,B.Com,3,8,2025
5084,Rahul,39,Male,Marketing,29533.0,12.0,Delhi,B.Com,4,10,2019
5085,Rohit,36,Male,Sales,33366.0,15.0,Mumbai,MCA,2,4,2020
5086,Rahul,41,Female,Finance,96368.0,20.0,Lucknow,BCA,2,10,2017
5088,Neha,21,Male,Marketing,54798.0,12.0,Lucknow,B.Tech,2,10,2016
5089,Priya,41,Male,HR,59453.0,5.0,Pune,MCA,5,16,2026
5090,Rahul,39,Female,HR,42849.0,12.0,Lucknow,MBA,4,17,2016
5091,Priya,23,Male,HR,75943.0,4.0,Lucknow,BCA,3,10,2019
5092,Sneha,55,Male,HR,60047.5,12.0,Delhi,BCA,4,19,2020
5093,Rahul,25,Female,Marketing,60047.5,5.0,Pune,B.Com,1,17,2024
5094,Neha,40,Female,Sales,49030.0,17.0,Noida,MCA,4,2,2020
5096,Rahul,56,Male,HR,85729.0,12.0,Lucknow,MCA,3,16,2020
5097,Neha,44,Female,HR,60047.5,18.0,Pune,MCA,2,10,2020
5098,Priya,39,Male,HR,60047.5,1.0,Delhi,B.Tech,3,6,2020
5099,Rahul,58,Male,HR,33351.0,16.0,Mumbai,MCA,4,11,2021
5100,Amit,39,Female,Marketing,76063.0,0.0,Pune,MCA,2,1,2018
5101,Sneha,52,Male,IT,60047.5,8.0,Lucknow,MCA,3,19,2020
5102,Rahul,33,Male,Marketing,65162.0,12.0,Delhi,MCA,3,10,2020
5103,Priya,39,Female,HR,60047.5,12.0,Pune,BCA,3,10,2024
5104,Amit,36,Male,IT,69678.0,12.0,Pune,MCA,1,18,2020
5105,Sneha,39,Male,HR,67628.0,22.0,Lucknow,BCA,3,13,2019
5106,Rahul,35,Female,Sales,60739.0,17.0,Lucknow,MBA,3,1,2020
5107,Rahul,39,Female,Marketing,49738.0,9.0,Mumbai,MCA,3,17,2025
5108,Rohit,39,Female,Marketing,66921.0,24.0,Delhi,MBA,3,5,2020
5109,Sneha,48,Female,HR,81068.0,12.0,Delhi,MBA,3,12,2020
5110,Rohit,39,Male,IT,43581.0,12.0,Lucknow,B.Com,1,10,2020
5111,Rahul,39,Male,HR,60047.5,12.0,Pune,MCA,4,18,2017
5112,Rahul,39,Male,HR,56294.0,16.0,Pune,MCA,3,10,2020
5113,Priya,39,Female,Sales,73001.0,7.0,Mumbai,B.Tech,3,13,2015
5114,Neha,39,Male,IT,60047.5,3.0,Delhi,MCA,3,2,2025
5115,Rahul,38,Male,HR,60047.5,22.0,Noida,BCA,3,16,2018
5116,Sneha,39,Male,Marketing,20093.0,12.0,Mumbai,MCA,3,12,2020
5117,Rahul,21,Male,Finance,60047.5,12.0,Mumbai,MCA,2,8,2017
5118,Amit,34,Male,IT,39750.0,11.0,Lucknow,BCA,3,4,2024
5119,Rohit,41,Male,Finance,60047.5,8.0,Noida,MCA,3,14,2020
5120,Neha,39,Male,HR,60047.5,12.0,Lucknow,MBA,3,9,2020
5121,Rohit,37,Male,Sales,63774.0,12.0,Mumbai,B.Com,5,11,2015
5122,Neha,41,Male,HR,60047.5,4.0,Pune,B.Com,4,10,2022
5123,Amit,46,Female,HR,86981.0,4.0,Lucknow,B.Com,3,6,2024
5124,Rahul,39,Female,HR,60047.5,18.0,Delhi,B.Com,3,12,2021
5125,Amit,52,Male,IT,80085.0,12.0,Pune,B.Tech,2,10,2020
5126,Rahul,24,Female,IT,60047.5,8.0,Noida,MCA,4,16,2020
5127,Rahul,45,Female,Finance,60047.5,12.0,Noida,B.Tech,3,10,2022
5128,Rahul,32,Male,HR,97492.0,17.0,Delhi,B.Com,3,4,2020
5130,Amit,33,Male,HR,60047.5,12.0,Delhi,MCA,5,10,2020
5131,Neha,43,Female,HR,60047.5,12.0,Pune,B.Com,3,17,2015
5132,Rahul,39,Female,HR,91129.0,8.0,Mumbai,BCA,3,14,2023
5133,Rahul,49,Male,HR,46207.0,12.0,Pune,B.Com,1,10,2020
5134,Rahul,39,Male,HR,69354.0,12.0,Lucknow,MCA,4,1,2020
5135,Rohit,33,Male,HR,57310.0,12.0,Lucknow,B.Tech,2,1,2021
5136,Priya,39,Male,IT,60047.5,12.0,Lucknow,MCA,3,2,2020
5137,Rahul,47,Female,HR,81262.0,12.0,Delhi,MBA,3,17,2026
5138,Neha,48,Male,Marketing,60047.5,21.0,Pune,MCA,5,1,2019
5139,Rohit,36,Female,Sales,60047.5,8.0,Pune,MBA,3,12,2015
5140,Neha,59,Female,Sales,46801.0,23.0,Noida,MCA,1,13,2017
5141,Neha,40,Male,HR,49230.0,12.0,Delhi,B.Com,5,10,2020
5142,Priya,42,Male,Marketing,92706.0,12.0,Lucknow,MCA,3,10,2016
5144,Rahul,30,Female,HR,62517.0,6.0,Lucknow,MCA,5,10,2023
5145,Rahul,53,Male,Finance,73239.0,14.0,Mumbai,B.Tech,2,7,2020
5146,Rohit,39,Male,HR,52655.0,21.0,Mumbai,MCA,4,10,2018
5147,Rahul,29,Male,HR,82771.0,18.0,Delhi,B.Tech,3,10,2024
5148,Rahul,25,Female,IT,60047.5,12.0,Mumbai,MCA,5,7,2023
5149,Amit,39,Female,IT,60047.5,15.0,Pune,MCA,5,14,2021
5150,Rahul,39,Male,HR,92321.0,12.0,Lucknow,B.Com,3,9,2020
5151,Sneha,31,Female,Finance,60047.5,24.0,Mumbai,B.Com,1,10,2022
5152,Rahul,39,Male,Finance,60047.5,19.0,Noida,MCA,3,1,2020
5153,Rahul,39,Female,HR,60047.5,1.0,Noida,MCA,2,16,2016
5154,Amit,56,Male,IT,88972.0,12.0,Delhi,B.Tech,4,5,2020
5155,Priya,25,Male,HR,41432.0,2.0,Lucknow,B.Com,3,10,2016
5156,Neha,20,Male,HR,60047.5,5.0,Pune,B.Tech,4,19,2017
5157,Rahul,39,Male,HR,90135.0,4.0,Noida,MCA,3,12,2019
5158,Rahul,39,Female,HR,62936.0,13.0,Lucknow,MCA,4,10,2020
5159,Priya,43,Female,Finance,60047.5,12.0,Delhi,MCA,3,8,2025
5160,Rahul,44,Male,Finance,47987.0,12.0,Lucknow,B.Com,3,6,2025
5161,Priya,34,Female,IT,46165.0,16.0,Noida,B.Tech,1,9,2020
5162,Rahul,45,Male,HR,70541.0,8.0,Lucknow,MCA,3,2,2020
5163,Rohit,27,Female,HR,44346.0,12.0,Pune,MCA,2,18,2025
5164,Amit,39,Male,IT,60047.5,22.0,Noida,B.Com,3,10,2025
5165,Amit,57,Female,HR,44838.0,24.0,Mumbai,MCA,5,11,2019
5166,Rohit,25,Female,Marketing,47559.0,12.0,Lucknow,B.Com,3,15,2019
5167,Rohit,54,Female,HR,60047.5,15.0,Lucknow,B.Tech,4,12,2022
5168,Neha,20,Female,HR,60047.5,5.0,Mumbai,B.Com,3,10,2020
5169,Neha,55,Male,HR,38317.0,12.0,Mumbai,BCA,4,10,2019
5170,Amit,31,Male,Finance,60047.5,24.0,Delhi,B.Com,3,19,2024
5171,Amit,57,Male,HR,44881.0,12.0,Mumbai,MBA,5,10,2021
5172,Rahul,39,Male,Marketing,47955.0,12.0,Lucknow,B.Com,2,10,2026
5173,Rahul,39,Male,HR,60047.5,12.0,Noida,B.Tech,2,6,2020
5174,Neha,58,Male,HR,78014.0,6.0,Lucknow,MCA,5,9,2020
5175,Sneha,39,Female,Marketing,85430.0,22.0,Lucknow,MCA,5,8,2022
5176,Sneha,30,Male,Sales,92031.0,12.0,Mumbai,B.Tech,4,10,2017
5177,Neha,55,Male,HR,79596.0,0.0,Lucknow,BCA,3,8,2018
5178,Rahul,50,Female,IT,21713.0,21.0,Delhi,MCA,1,18,2022
5179,Rahul,52,Female,HR,60047.5,20.0,Lucknow,MCA,3,5,2019
5180,Sneha,39,Female,Marketing,82160.0,3.0,Lucknow,B.Tech,3,12,2026
5181,Priya,37,Male,HR,86171.0,15.0,Pune,B.Com,3,6,2015
5182,Priya,39,Female,Sales,60047.5,13.0,Lucknow,B.Com,3,2,2021
5183,Rahul,28,Male,HR,60047.5,0.0,Lucknow,MCA,2,4,2017
5184,Priya,39,Female,Marketing,62077.0,3.0,Mumbai,MCA,3,10,2016
5185,Rohit,29,Female,Finance,46730.0,9.0,Lucknow,B.Com,4,14,2020
5186,Neha,21,Male,HR,92981.0,10.0,Lucknow,MCA,3,17,2020
5187,Neha,57,Male,HR,60047.5,6.0,Lucknow,MCA,1,19,2019
5188,Rahul,39,Female,HR,60047.5,12.0,Lucknow,MCA,5,4,2015
5189,Rahul,39,Female,HR,85573.0,12.0,Mumbai,BCA,3,10,2023
5190,Rahul,50,Male,Marketing,48869.0,12.0,Mumbai,B.Com,3,12,2024
5191,Rahul,25,Male,Marketing,51076.0,12.0,Pune,B.Tech,3,2,2019
5192,Rahul,22,Male,Marketing,45094.0,9.0,Pune,MBA,4,6,2020
5193,Rahul,30,Female,IT,60047.5,4.0,Delhi,BCA,3,10,2021
5194,Amit,34,Female,HR,30555.0,6.0,Noida,B.Com,2,3,2023
5195,Priya,39,Male,Finance,60047.5,24.0,Mumbai,B.Tech,5,8,2025
5196,Rohit,29,Female,Sales,60047.5,7.0,Lucknow,MBA,3,12,2019
5197,Priya,57,Male,Sales,60047.5,12.0,Delhi,MCA,3,3,2020
5198,Rohit,39,Male,HR,54162.0,12.0,Mumbai,MCA,4,2,2018
5199,Sneha,34,Female,Finance,60047.5,3.0,Delhi,MCA,5,10,2026
5200,Rohit,37,Male,HR,60047.5,12.0,Noida,BCA,2,10,2017
5201,Rahul,39,Male,HR,60047.5,12.0,Mumbai,MCA,3,18,2019
5202,Rahul,39,Male,HR,60047.5,4.0,Lucknow,MBA,1,8,2020
5203,Rahul,21,Male,Finance,60047.5,11.0,Mumbai,MCA,3,14,2020
5204,Sneha,59,Male,HR,96160.0,20.0,Delhi,MCA,3,10,2017
5205,Sneha,39,Male,IT,60047.5,3.0,Noida,BCA,5,15,2019
5206,Priya,53,Male,Sales,60047.5,12.0,Delhi,B.Tech,4,15,2020
5207,Rahul,45,Female,HR,91626.0,21.0,Delhi,B.Com,3,13,2020
5208,Priya,39,Male,Marketing,31377.0,12.0,Pune,MCA,3,4,2020
5209,Rahul,39,Female,IT,60047.5,17.0,Delhi,MBA,3,10,2022
5210,Rahul,49,Male,Marketing,34870.0,3.0,Noida,B.Com,3,5,2019
5211,Sneha,24,Male,HR,77487.0,3.0,Lucknow,BCA,2,3,2020
5212,Rahul,30,Male,Finance,39300.0,12.0,Lucknow,B.Tech,4,10,2020
5213,Sneha,20,Male,IT,75951.0,24.0,Delhi,MCA,5,10,2015
5214,Sneha,53,Male,HR,87639.0,19.0,Mumbai,B.Com,5,7,2019
5215,Rohit,20,Male,Sales,92126.0,5.0,Pune,BCA,3,7,2024
5216,Rahul,39,Male,HR,62980.0,12.0,Lucknow,BCA,3,10,2016
5217,Rohit,21,Male,HR,60047.5,3.0,Lucknow,MCA,2,12,2021
5218,Amit,40,Male,Marketing,22921.0,12.0,Noida,B.Tech,4,10,2024
5219,Neha,39,Female,Finance,90270.0,8.0,Lucknow,MCA,3,15,2018
5220,Rahul,42,Male,HR,50328.0,12.0,Lucknow,B.Com,3,9,2016
5221,Rahul,39,Female,Sales,60047.5,3.0,Noida,BCA,3,10,2015
5222,Amit,43,Male,IT,43138.0,12.0,Mumbai,MBA,3,14,2019
5223,Rahul,23,Female,IT,32094.0,5.0,Noida,B.Com,5,3,2025
5224,Priya,39,Female,IT,85264.0,12.0,Pune,MCA,2,10,2020
5225,Amit,41,Male,Finance,29028.0,24.0,Noida,B.Com,2,10,2022
5226,Neha,39,Male,HR,35432.0,12.0,Noida,MCA,3,12,2020
5227,Neha,37,Female,HR,60047.5,12.0,Lucknow,B.Com,1,2,2026
5228,Sneha,20,Male,HR,25312.0,12.0,Lucknow,B.Com,3,3,2024
5229,Rahul,49,Male,Sales,60047.5,0.0,Lucknow,MCA,3,14,2020
5231,Amit,43,Male,HR,60047.5,12.0,Pune,MCA,3,10,2021
5232,Neha,33,Female,Sales,64390.0,12.0,Mumbai,B.Com,1,10,2024
5233,Amit,55,Male,HR,60047.5,23.0,Noida,B.Com,3,15,2015
5234,Priya,39,Male,IT,60047.5,21.0,Noida,MBA,2,10,2020
5235,Sneha,30,Male,Finance,60047.5,13.0,Lucknow,BCA,3,19,2020
5236,Rahul,43,Male,HR,29605.0,12.0,Pune,MCA,3,14,2021
5237,Neha,50,Male,HR,97904.0,15.0,Delhi,B.Com,3,16,2025
5238,Amit,32,Female,HR,92964.0,22.0,Lucknow,MCA,4,13,2020
5240,Rahul,43,Male,HR,35817.0,12.0,Mumbai,MCA,3,17,2022
5241,Rahul,32,Male,IT,60047.5,12.0,Lucknow,B.Com,1,10,2024
5242,Amit,39,Female,Finance,89853.0,8.0,Lucknow,MCA,3,7,2020
5243,Sneha,45,Male,Sales,47728.0,2.0,Pune,B.Tech,3,17,2025
5244,Sneha,21,Female,IT,77858.0,12.0,Noida,MCA,5,10,2020
5245,Priya,35,Male,HR,69089.0,12.0,Delhi,BCA,1,10,2022
5246,Rahul,57,Female,Sales,48964.0,21.0,Lucknow,MCA,3,10,2023
5249,Rahul,54,Male,HR,60047.5,12.0,Lucknow,MCA,4,10,2023
5250,Rahul,48,Male,HR,80049.0,12.0,Noida,BCA,4,10,2017
5251,Rahul,56,Female,HR,68436.0,12.0,Noida,BCA,3,16,2021
5252,Amit,39,Male,HR,60213.0,12.0,Delhi,MCA,4,13,2017
5253,Rohit,58,Male,HR,48111.0,12.0,Pune,BCA,1,4,2020
5254,Rahul,47,Male,HR,24284.0,12.0,Lucknow,MBA,4,11,2022
5255,Rahul,48,Female,HR,37585.0,12.0,Delhi,MCA,5,19,2016
5256,Rahul,39,Male,Sales,60047.5,3.0,Lucknow,MCA,3,8,2022
5257,Amit,29,Male,HR,27131.0,9.0,Delhi,B.Com,5,10,2015
5258,Rohit,33,Male,HR,63382.0,12.0,Noida,B.Com,2,10,2018
5259,Priya,39,Female,HR,53527.0,12.0,Lucknow,MCA,3,11,2020
5260,Rahul,49,Male,HR,50936.0,18.0,Delhi,MCA,5,4,2015
5261,Rohit,51,Female,Marketing,60047.5,12.0,Lucknow,MCA,3,10,2020
5262,Rahul,51,Female,Finance,74598.0,6.0,Mumbai,MCA,2,10,2024
5263,Sneha,51,Female,HR,60047.5,12.0,Lucknow,MCA,1,10,2020
5264,Rahul,39,Male,Finance,40642.0,2.0,Pune,MCA,3,10,2020
5265,Sneha,20,Male,HR,60047.5,12.0,Delhi,MCA,3,13,2023
5266,Rahul,21,Female,IT,60047.5,21.0,Noida,MBA,2,18,2021
5267,Amit,36,Male,Marketing,21665.0,21.0,Lucknow,B.Tech,4,7,2020
5268,Rahul,49,Male,HR,26918.0,1.0,Pune,B.Com,5,14,2020
5269,Amit,58,Female,IT,43007.0,10.0,Noida,B.Tech,3,5,2015
5270,Neha,39,Female,HR,95730.0,12.0,Mumbai,MCA,3,9,2020
5271,Priya,46,Male,Marketing,45035.0,12.0,Pune,MCA,3,17,2021
5272,Sneha,28,Female,HR,96749.0,12.0,Pune,MCA,1,10,2017
5273,Rohit,41,Male,HR,42211.0,6.0,Noida,B.Tech,1,16,2020
5274,Sneha,39,Female,IT,60047.5,12.0,Pune,BCA,3,10,2020
5275,Neha,20,Male,Sales,60047.5,3.0,Lucknow,MCA,4,17,2017
5276,Rahul,28,Male,Finance,60047.5,21.0,Lucknow,B.Com,5,18,2020
5277,Rohit,39,Female,Sales,60047.5,19.0,Lucknow,MCA,2,3,2020
5278,Rahul,38,Male,HR,90288.0,12.0,Noida,MBA,3,5,2020
5279,Neha,55,Male,HR,82546.0,19.0,Mumbai,MBA,4,17,2020
5280,Rahul,39,Female,Finance,30327.0,12.0,Mumbai,MCA,3,4,2020
5281,Neha,23,Male,HR,68659.0,8.0,Noida,MCA,3,4,2020
5282,Rahul,28,Male,Finance,60047.5,12.0,Noida,B.Com,1,7,2022
5283,Rahul,41,Male,HR,60047.5,6.0,Pune,MBA,2,10,2020
5284,Rahul,37,Female,Sales,60047.5,17.0,Lucknow,MCA,2,2,2018
5285,Rohit,39,Female,Sales,48285.0,13.0,Lucknow,B.Tech,4,10,2020
5286,Rahul,58,Female,HR,68634.0,21.0,Noida,B.Tech,3,10,2019
5287,Neha,28,Female,IT,60047.5,4.0,Lucknow,BCA,3,10,2020
5288,Rahul,25,Male,Finance,38007.0,12.0,Lucknow,MBA,4,7,2015
5289,Amit,39,Male,Sales,45257.0,12.0,Mumbai,B.Com,5,2,2022
5290,Rahul,26,Male,Sales,49784.0,23.0,Lucknow,MCA,2,6,2019
5291,Rahul,39,Male,Sales,60047.5,7.0,Pune,MBA,3,10,2015
5292,Amit,24,Female,Sales,60047.5,12.0,Pune,MCA,4,10,2021
5293,Rahul,39,Male,HR,41378.0,18.0,Mumbai,B.Tech,1,5,2016
5295,Amit,56,Male,HR,54635.0,5.0,Noida,MCA,3,11,2020
5296,Rahul,58,Female,Finance,60047.5,12.0,Mumbai,MCA,2,10,2020
5297,Rahul,38,Male,HR,39207.0,24.0,Lucknow,MCA,5,16,2020
5298,Rohit,56,Male,IT,60047.5,13.0,Noida,MCA,4,19,2023
5299,Priya,39,Female,HR,48554.0,22.0,Lucknow,B.Com,3,1,2020
5300,Neha,45,Male,HR,60047.5,9.0,Lucknow,MBA,4,11,2015
5301,Rahul,39,Male,HR,60047.5,8.0,Lucknow,MCA,1,10,2020
5302,Sneha,39,Female,HR,82582.0,16.0,Lucknow,MCA,5,7,2020
5303,Rahul,52,Male,HR,20168.0,12.0,Lucknow,MCA,1,8,2020
5304,Priya,39,Male,Finance,62981.0,16.0,Lucknow,BCA,5,16,2018
5305,Amit,39,Female,HR,85199.0,18.0,Mumbai,B.Tech,5,10,2023
5306,Rahul,39,Male,HR,84948.0,12.0,Lucknow,MBA,5,11,2022
5307,Rahul,37,Female,Marketing,77782.0,8.0,Lucknow,B.Com,4,1,2020
5308,Rohit,29,Female,Sales,60047.5,0.0,Noida,MCA,4,16,2020
5309,Rahul,43,Female,HR,93563.0,12.0,Mumbai,MCA,4,4,2024
5310,Rahul,23,Male,Marketing,36291.0,4.0,Delhi,MBA,1,6,2025
5311,Neha,39,Female,HR,73833.0,12.0,Pune,B.Com,3,11,2018
5312,Neha,23,Male,HR,60047.5,17.0,Lucknow,B.Tech,5,6,2020
5313,Rohit,32,Male,HR,60047.5,3.0,Lucknow,BCA,3,10,2026
5314,Rahul,44,Male,HR,60047.5,12.0,Mumbai,MCA,4,6,2020
5315,Amit,32,Male,Finance,60047.5,0.0,Mumbai,MCA,4,10,2023
5316,Amit,37,Male,Marketing,28712.0,14.0,Lucknow,B.Tech,3,5,2022
5317,Rahul,43,Male,Marketing,49948.0,12.0,Lucknow,MBA,4,9,2015
5318,Amit,21,Female,Sales,97700.0,12.0,Mumbai,MCA,5,10,2016
5319,Priya,52,Male,IT,60047.5,24.0,Pune,MCA,3,17,2020
5320,Rahul,38,Female,HR,80178.0,8.0,Noida,B.Com,4,12,2015
5321,Rahul,28,Male,HR,46409.0,21.0,Lucknow,MCA,3,11,2023
5322,Rahul,39,Female,HR,60047.5,23.0,Noida,B.Com,2,6,2019
5323,Rahul,54,Male,Sales,98270.0,12.0,Noida,MCA,5,11,2017
5324,Rahul,39,Female,HR,99066.0,9.0,Delhi,MCA,5,10,2020
5325,Rohit,29,Female,HR,60047.5,23.0,Lucknow,B.Com,3,10,2026
5326,Neha,39,Female,IT,60047.5,12.0,Pune,MCA,3,10,2022
5327,Rohit,40,Female,HR,29669.0,2.0,Lucknow,B.Com,3,2,2022
5328,Amit,28,Female,IT,60047.5,1.0,Delhi,MCA,3,2,2020
5329,Priya,39,Female,HR,60047.5,21.0,Lucknow,MCA,4,10,2020
5330,Rahul,54,Female,Marketing,60047.5,4.0,Lucknow,MBA,2,14,2020
5331,Rahul,39,Female,HR,41629.0,23.0,Lucknow,MBA,3,10,2015
5332,Priya,41,Female,IT,81463.0,12.0,Delhi,B.Com,2,10,2020
5333,Rahul,42,Female,HR,66007.0,10.0,Lucknow,B.Com,4,18,2015
5334,Rahul,26,Male,IT,38128.0,11.0,Lucknow,BCA,3,9,2026
5335,Rahul,42,Female,Marketing,22039.0,12.0,Mumbai,MCA,5,4,2020
5336,Rohit,44,Female,Finance,23857.0,22.0,Lucknow,B.Tech,3,10,2024
5337,Rahul,46,Male,Finance,60047.5,12.0,Lucknow,B.Com,3,10,2020
5338,Neha,39,Female,HR,90486.0,12.0,Mumbai,MBA,3,14,2021
5339,Rahul,39,Female,Marketing,60047.5,12.0,Lucknow,B.Tech,1,1,2020
5340,Rahul,28,Male,Sales,54511.0,12.0,Noida,BCA,3,7,2024
5341,Amit,52,Male,Finance,66051.0,12.0,Pune,B.Tech,3,4,2016
5342,Rahul,25,Female,HR,60047.5,20.0,Delhi,B.Tech,2,10,2016
5343,Rahul,39,Male,Marketing,89152.0,7.0,Mumbai,MCA,5,3,2020
5344,Rohit,50,Female,HR,60047.5,12.0,Noida,MCA,1,10,2018
5345,Priya,53,Female,Marketing,23894.0,16.0,Delhi,MCA,3,10,2020
5346,Rahul,39,Female,Marketing,63232.0,6.0,Pune,MCA,2,10,2026
5347,Rahul,39,Male,HR,73214.0,14.0,Mumbai,MCA,3,4,2022
5348,Sneha,55,Female,IT,89817.0,12.0,Pune,MCA,1,10,2020
5349,Rahul,39,Female,HR,60047.5,3.0,Pune,B.Com,2,17,2024
5351,Rahul,27,Male,HR,38584.0,12.0,Lucknow,B.Tech,1,10,2019
5352,Rohit,45,Female,HR,52308.0,14.0,Pune,MCA,3,1,2020
5353,Neha,55,Female,HR,48333.0,22.0,Mumbai,MCA,2,10,2024
5355,Amit,47,Male,HR,59288.0,13.0,Lucknow,MCA,3,10,2020
5356,Amit,23,Male,IT,98588.0,12.0,Mumbai,B.Com,5,2,2020
5357,Rohit,35,Male,HR,97807.0,12.0,Delhi,MCA,1,7,2022
5358,Amit,41,Female,IT,60047.5,12.0,Delhi,B.Com,2,12,2017
5359,Neha,39,Female,Sales,52175.0,24.0,Delhi,MBA,5,2,2020
5360,Priya,35,Male,IT,28915.0,18.0,Lucknow,MCA,5,11,2017
5361,Amit,59,Male,HR,60047.5,10.0,Pune,MBA,3,16,2020
5362,Amit,39,Female,HR,60047.5,11.0,Pune,MCA,5,5,2025
5363,Rahul,39,Male,HR,60047.5,12.0,Mumbai,MCA,5,10,2020
5365,Priya,39,Male,HR,60047.5,12.0,Lucknow,B.Com,3,14,2018
5366,Rohit,29,Male,Sales,74716.0,21.0,Mumbai,MCA,2,16,2025
5367,Rohit,58,Male,HR,22871.0,14.0,Lucknow,B.Tech,3,10,2015
5368,Rahul,37,Male,Sales,57375.0,4.0,Lucknow,MCA,3,10,2024
5369,Neha,20,Male,HR,65741.0,6.0,Lucknow,MCA,5,4,2020
5370,Priya,58,Female,Sales,60047.5,3.0,Lucknow,BCA,3,9,2023
5371,Neha,40,Female,HR,25834.0,4.0,Lucknow,MCA,1,11,2020
5372,Rahul,20,Female,HR,62680.0,12.0,Pune,MCA,3,10,2015
5373,Rahul,34,Male,Sales,60047.5,15.0,Lucknow,B.Com,3,11,2020
5374,Rohit,39,Female,HR,84091.0,14.0,Mumbai,MBA,2,10,2020
5375,Rohit,39,Male,IT,41762.0,15.0,Pune,MCA,2,2,2025
5376,Rahul,29,Female,IT,71009.0,24.0,Pune,BCA,3,2,2015
5377,Amit,39,Female,Marketing,96493.0,12.0,Delhi,MCA,5,10,2026
5378,Sneha,39,Male,Marketing,71548.0,5.0,Pune,B.Com,5,13,2023
5379,Neha,39,Female,HR,48340.0,17.0,Lucknow,B.Tech,3,5,2018
5380,Sneha,53,Male,Marketing,81365.0,2.0,Lucknow,MBA,3,11,2020
5381,Rahul,58,Male,HR,79790.0,24.0,Lucknow,B.Tech,2,15,2020
5382,Amit,39,Female,IT,60047.5,21.0,Mumbai,B.Tech,3,5,2016
5383,Neha,39,Male,HR,60047.5,12.0,Delhi,B.Com,3,5,2020
5384,Priya,39,Male,Marketing,60047.5,4.0,Pune,BCA,3,7,2020
5385,Amit,32,Female,HR,60047.5,1.0,Delhi,B.Tech,3,10,2020
5386,Rohit,20,Male,Sales,41891.0,12.0,Lucknow,B.Com,3,2,2021
5387,Rahul,39,Male,IT,60047.5,12.0,Lucknow,BCA,2,1,2020
5388,Rahul,35,Male,IT,60047.5,12.0,Mumbai,B.Tech,5,10,2020
5389,Amit,39,Male,HR,60047.5,12.0,Lucknow,B.Tech,2,10,2020
5390,Rahul,47,Male,Finance,76632.0,12.0,Delhi,BCA,3,15,2020
5391,Rahul,39,Male,HR,60047.5,5.0,Pune,BCA,3,15,2023
5393,Rohit,36,Female,Marketing,60047.5,23.0,Delhi,MCA,3,6,2020
5394,Priya,53,Female,Sales,29275.0,12.0,Lucknow,B.Com,3,1,2015
5395,Neha,32,Female,HR,60047.5,12.0,Pune,B.Com,4,7,2021
5396,Amit,33,Male,IT,60047.5,15.0,Delhi,MCA,5,10,2021
5397,Priya,30,Male,Finance,60047.5,3.0,Delhi,MCA,3,10,2024
5398,Rahul,47,Female,HR,46878.0,16.0,Lucknow,BCA,1,7,2018
5399,Rahul,39,Female,HR,37105.0,17.0,Lucknow,MCA,2,4,2021
5400,Rahul,39,Male,Marketing,84746.0,15.0,Mumbai,B.Com,3,3,2025
5401,Neha,39,Female,Sales,59935.0,12.0,Lucknow,MCA,3,12,2025
5402,Rohit,36,Male,Sales,60047.5,12.0,Mumbai,B.Com,4,15,2025
5403,Rohit,39,Female,Marketing,51601.0,12.0,Delhi,BCA,2,9,2025
5404,Rahul,29,Male,Finance,59865.0,12.0,Delhi,MCA,4,12,2024
5405,Rohit,27,Male,IT,60047.5,16.0,Lucknow,B.Com,3,10,2024
5406,Sneha,40,Male,IT,38616.0,3.0,Pune,MCA,1,8,2020
5407,Rahul,32,Male,Finance,60047.5,13.0,Mumbai,B.Tech,4,15,2019
5408,Rahul,24,Female,Marketing,37830.0,13.0,Noida,MCA,3,7,2019
5409,Rohit,25,Male,HR,60047.5,12.0,Mumbai,MCA,5,19,2020
5410,Rahul,49,Female,HR,60047.5,7.0,Lucknow,BCA,4,10,2020
5411,Neha,39,Male,HR,97495.0,21.0,Delhi,B.Tech,2,1,2019
5412,Sneha,39,Male,Sales,60047.5,12.0,Lucknow,MCA,1,10,2023
5413,Sneha,30,Female,HR,55851.0,4.0,Lucknow,MCA,3,13,2026
5414,Rohit,39,Female,Marketing,26952.0,12.0,Lucknow,B.Com,3,2,2020
5415,Rahul,28,Female,HR,60047.5,9.0,Noida,B.Com,1,19,2020
5416,Rahul,21,Male,Finance,25391.0,19.0,Noida,MBA,4,11,2021
5417,Sneha,39,Male,HR,82468.0,23.0,Lucknow,BCA,3,1,2020
5418,Rohit,39,Female,HR,35091.0,20.0,Delhi,MCA,5,1,2017
5419,Rohit,23,Male,Finance,50237.0,2.0,Lucknow,B.Com,4,10,2018
5420,Rahul,39,Female,Finance,78353.0,12.0,Pune,MCA,1,10,2020
5421,Amit,44,Male,Marketing,94500.0,9.0,Mumbai,B.Com,4,8,2020
5422,Amit,22,Male,Marketing,60047.5,14.0,Lucknow,B.Com,4,2,2016
5423,Sneha,39,Male,HR,69634.0,3.0,Lucknow,MCA,3,8,2025
5424,Neha,39,Female,Marketing,46968.0,0.0,Mumbai,MBA,1,14,2019
5425,Rahul,42,Male,Marketing,74833.0,12.0,Lucknow,BCA,5,2,2025
5426,Neha,31,Male,HR,60205.0,14.0,Mumbai,MCA,1,10,2025
5427,Sneha,39,Male,Finance,96907.0,12.0,Delhi,MCA,1,5,2020
5428,Rahul,39,Male,HR,60047.5,12.0,Mumbai,B.Tech,1,1,2024
5429,Neha,39,Female,IT,48285.0,21.0,Lucknow,MCA,3,9,2025
5430,Rahul,39,Female,HR,72513.0,17.0,Pune,MBA,1,10,2020
5431,Rahul,39,Male,IT,35430.0,15.0,Delhi,MCA,3,11,2015
5432,Rohit,25,Female,HR,29033.0,20.0,Lucknow,MCA,3,18,2020
5433,Priya,39,Female,IT,39918.0,8.0,Delhi,B.Com,5,17,2017
5434,Priya,49,Male,IT,38256.0,23.0,Mumbai,B.Com,3,10,2020
5435,Rahul,39,Male,HR,68522.0,18.0,Lucknow,B.Tech,1,11,2025
5436,Sneha,51,Male,Marketing,84353.0,16.0,Mumbai,MCA,1,10,2020
5437,Rohit,35,Female,Sales,60047.5,9.0,Lucknow,MCA,5,1,2020
5438,Rahul,31,Female,Marketing,75134.0,12.0,Pune,B.Tech,3,1,2020
5439,Amit,39,Male,IT,72657.0,7.0,Delhi,MBA,3,18,2025
5440,Amit,39,Female,HR,60047.5,18.0,Lucknow,MCA,2,5,2017
5441,Sneha,32,Male,HR,60047.5,4.0,Lucknow,MCA,2,16,2020
5442,Rahul,34,Male,HR,88264.0,1.0,Lucknow,B.Com,2,2,2026
5443,Sneha,39,Male,HR,70106.0,14.0,Delhi,BCA,3,9,2020
5444,Amit,39,Female,Sales,60047.5,12.0,Lucknow,BCA,5,2,2023
5445,Sneha,24,Male,HR,52624.0,9.0,Delhi,B.Tech,1,10,2024
5446,Neha,39,Male,IT,87824.0,20.0,Pune,B.Tech,2,17,2016
5447,Sneha,57,Male,Sales,60431.0,12.0,Delhi,MBA,4,10,2018
5448,Rahul,30,Male,Marketing,37127.0,21.0,Lucknow,MCA,4,10,2020
5449,Sneha,39,Male,HR,37878.0,12.0,Lucknow,MCA,3,8,2020
5450,Rohit,39,Female,HR,92480.0,12.0,Mumbai,MCA,4,10,2020
5452,Amit,37,Male,HR,60047.5,17.0,Lucknow,BCA,3,10,2022
5453,Rahul,29,Female,Marketing,76360.0,12.0,Pune,B.Com,3,9,2018
5454,Priya,39,Female,HR,20207.0,14.0,Delhi,MCA,3,5,2020
5455,Rahul,45,Male,HR,60047.5,20.0,Lucknow,MCA,2,18,2023
5456,Priya,39,Female,IT,71564.0,24.0,Delhi,BCA,3,10,2020
5457,Rahul,28,Male,HR,23311.0,19.0,Mumbai,MBA,3,10,2022
5458,Rahul,50,Male,Marketing,60047.5,12.0,Pune,B.Tech,5,2,2022
5459,Rahul,39,Male,Finance,60047.5,17.0,Delhi,B.Tech,4,16,2016
5460,Amit,39,Female,Sales,60047.5,12.0,Lucknow,B.Tech,2,1,2021
5461,Priya,33,Female,IT,60047.5,3.0,Delhi,MCA,3,13,2017
5462,Rahul,23,Male,HR,60047.5,12.0,Lucknow,BCA,3,18,2021
5463,Rahul,45,Male,IT,60047.5,8.0,Lucknow,MBA,1,10,2016
5464,Rahul,39,Female,HR,66212.0,1.0,Delhi,B.Com,3,7,2015
5465,Neha,36,Female,IT,77776.0,12.0,Lucknow,MCA,5,4,2025
5466,Rahul,38,Male,HR,91386.0,12.0,Mumbai,MCA,3,10,2023
5467,Rahul,39,Female,HR,60047.5,3.0,Lucknow,MBA,3,8,2024
5468,Amit,48,Male,Finance,60047.5,14.0,Pune,B.Com,1,10,2024
5469,Rahul,30,Male,Finance,98255.0,19.0,Noida,MBA,4,10,2020
5470,Rohit,35,Female,Finance,60047.5,0.0,Lucknow,MBA,3,16,2020
5471,Sneha,49,Male,IT,69285.0,12.0,Mumbai,BCA,5,10,2015
5472,Rahul,44,Male,HR,48788.0,14.0,Lucknow,BCA,3,13,2025
5473,Rahul,59,Male,Finance,24019.0,2.0,Pune,BCA,3,10,2026
5474,Rahul,30,Female,IT,60047.5,12.0,Lucknow,MCA,3,7,2020
5475,Rahul,26,Male,HR,66873.0,17.0,Mumbai,MBA,2,10,2017
5476,Rahul,45,Male,IT,29895.0,12.0,Lucknow,MCA,4,12,2015
5477,Rahul,39,Male,Finance,60047.5,12.0,Noida,MCA,3,14,2020
5478,Rahul,44,Male,Sales,69013.0,19.0,Lucknow,MCA,5,10,2021
5479,Priya,38,Male,IT,60047.5,23.0,Noida,MCA,4,10,2025
5480,Amit,39,Male,Finance,95923.0,6.0,Delhi,BCA,1,9,2022
5481,Rahul,45,Male,HR,60047.5,24.0,Mumbai,BCA,1,10,2016
5482,Rahul,55,Female,HR,26121.0,12.0,Noida,BCA,3,10,2020
5483,Priya,42,Female,HR,60047.5,12.0,Lucknow,B.Com,4,4,2020
5484,Rohit,32,Male,Marketing,38930.0,17.0,Lucknow,MCA,3,5,2025
5485,Sneha,39,Female,HR,60047.5,12.0,Lucknow,B.Tech,2,18,2020
5486,Rahul,21,Female,HR,60047.5,17.0,Mumbai,BCA,3,6,2019
5487,Rahul,39,Male,Marketing,51688.0,23.0,Lucknow,MCA,5,10,2024
5488,Priya,35,Female,Marketing,27304.0,11.0,Pune,MCA,3,10,2017
5489,Rahul,28,Female,HR,24049.0,19.0,Lucknow,B.Tech,3,11,2023
5490,Rahul,39,Female,IT,34947.0,8.0,Noida,MCA,1,5,2015
5491,Rohit,32,Female,Marketing,29495.0,12.0,Delhi,MBA,3,10,2026
5492,Rahul,54,Male,Sales,60047.5,13.0,Lucknow,MBA,5,18,2017
5493,Rohit,39,Female,Sales,60047.5,3.0,Mumbai,MCA,2,4,2016
5494,Sneha,39,Male,Marketing,64544.0,14.0,Noida,B.Tech,5,10,2020
5495,Sneha,40,Male,HR,50706.0,16.0,Lucknow,MCA,5,17,2017
5496,Neha,51,Female,HR,53993.0,18.0,Noida,MCA,3,10,2020
5497,Neha,53,Male,Sales,60047.5,12.0,Mumbai,MCA,3,19,2020
5498,Rohit,39,Female,HR,60047.5,8.0,Noida,B.Tech,2,10,2020
5499,Amit,21,Male,Marketing,85997.0,12.0,Delhi,MCA,3,10,2020
5500,Rahul,57,Male,Finance,29993.0,12.0,Lucknow,B.Tech,2,10,2023
5501,Rahul,39,Female,HR,60047.5,4.0,Lucknow,MCA,5,15,2024
5502,Neha,59,Male,HR,52640.0,17.0,Lucknow,BCA,3,1,2020
5503,Rohit,39,Female,HR,60047.5,12.0,Noida,BCA,3,9,2020
5504,Rahul,56,Female,HR,32366.0,3.0,Mumbai,MCA,1,8,2017
5505,Rahul,20,Female,Sales,49895.0,20.0,Noida,MCA,2,10,2019
5506,Amit,29,Female,Sales,21785.0,23.0,Noida,MBA,2,10,2020
5508,Neha,54,Male,Marketing,44529.0,18.0,Lucknow,MCA,3,18,2026
5509,Neha,39,Male,HR,60047.5,12.0,Pune,B.Tech,3,10,2022
5510,Rahul,30,Female,HR,26356.0,12.0,Mumbai,MBA,1,10,2020
5511,Rahul,33,Male,Finance,60047.5,4.0,Noida,MBA,1,17,2025
5512,Amit,57,Female,HR,38220.0,18.0,Delhi,B.Com,4,10,2025
5513,Amit,31,Female,HR,60047.5,12.0,Mumbai,MCA,2,10,2021
5514,Neha,36,Male,HR,81850.0,12.0,Lucknow,B.Tech,3,10,2020
5515,Amit,35,Male,HR,60047.5,11.0,Delhi,B.Com,5,3,2025
5516,Sneha,54,Male,IT,60047.5,12.0,Pune,MCA,2,10,2020
5517,Priya,39,Male,Marketing,60047.5,23.0,Pune,B.Tech,4,18,2020
5518,Rahul,30,Male,Marketing,62380.0,15.0,Lucknow,MBA,3,17,2019
5519,Sneha,22,Female,Marketing,99833.0,13.0,Pune,B.Com,4,7,2021
5520,Rahul,48,Male,IT,60047.5,21.0,Delhi,MBA,2,14,2021
5521,Rahul,37,Male,HR,60047.5,0.0,Noida,MCA,3,15,2021
5522,Neha,39,Male,HR,38447.0,19.0,Delhi,B.Tech,3,14,2017
5523,Amit,33,Male,HR,60047.5,22.0,Noida,MCA,4,9,2020
5524,Rohit,53,Male,IT,94678.0,20.0,Lucknow,BCA,2,16,2020
5525,Amit,50,Male,Marketing,84583.0,12.0,Lucknow,MBA,1,19,2023
5526,Sneha,59,Male,Sales,60047.5,8.0,Pune,MCA,5,1,2023
5528,Rahul,39,Female,HR,60047.5,18.0,Noida,MCA,5,18,2020
5529,Rahul,44,Male,Marketing,21355.0,13.0,Lucknow,MBA,2,2,2016
5530,Amit,39,Male,HR,78936.0,12.0,Lucknow,BCA,2,10,2022
5531,Rahul,39,Male,IT,84608.0,11.0,Lucknow,B.Com,1,1,2016
5532,Rahul,39,Female,Marketing,99756.0,3.0,Pune,MCA,3,19,2020
5533,Rohit,27,Female,HR,60047.5,6.0,Lucknow,BCA,5,11,2020
5534,Amit,39,Male,HR,74554.0,16.0,Mumbai,MBA,4,6,2016
5535,Sneha,22,Male,HR,60047.5,0.0,Lucknow,B.Com,3,19,2023
5536,Rohit,22,Female,HR,80656.0,13.0,Delhi,B.Tech,3,14,2020
5537,Rahul,41,Female,HR,60047.5,14.0,Mumbai,B.Com,3,19,2022
5538,Amit,39,Female,Finance,60047.5,12.0,Pune,B.Tech,3,13,2020
5539,Rahul,39,Female,Finance,20969.0,11.0,Pune,MCA,3,12,2017
5540,Rahul,36,Female,Sales,60047.5,5.0,Lucknow,MCA,3,10,2020
5541,Amit,33,Male,Marketing,30306.0,12.0,Mumbai,MBA,3,19,2020
5542,Amit,39,Male,HR,85516.0,15.0,Mumbai,MCA,3,10,2015
5543,Priya,49,Male,Sales,88197.0,12.0,Lucknow,MCA,4,12,2020
5545,Neha,39,Female,IT,60047.5,24.0,Lucknow,B.Com,3,8,2019
5546,Neha,56,Male,HR,60047.5,15.0,Delhi,MCA,3,17,2024
5547,Neha,39,Female,HR,93292.0,22.0,Delhi,B.Tech,1,3,2023
5548,Priya,39,Female,Marketing,90889.0,8.0,Delhi,MCA,3,6,2017
5549,Sneha,39,Female,HR,70117.0,13.0,Lucknow,MBA,1,12,2024
5550,Rahul,39,Male,Marketing,21737.0,24.0,Lucknow,B.Tech,3,15,2016
5551,Rahul,39,Male,HR,52476.0,23.0,Delhi,MCA,5,7,2020
5552,Rohit,27,Male,HR,60047.5,6.0,Pune,MCA,5,6,2020
5553,Sneha,23,Male,HR,32326.0,12.0,Lucknow,MCA,2,12,2016
5554,Rahul,39,Male,Finance,32911.0,12.0,Noida,MCA,5,12,2020
5555,Priya,59,Female,Finance,49080.0,13.0,Pune,MCA,2,4,2015
5556,Amit,39,Female,IT,42635.0,12.0,Pune,B.Tech,4,10,2025
5557,Amit,49,Male,HR,71179.0,12.0,Lucknow,MBA,3,17,2020
5558,Rahul,46,Female,Finance,25213.0,4.0,Lucknow,MCA,4,2,2020
5559,Neha,40,Male,Sales,60047.5,12.0,Lucknow,MCA,4,5,2024
5561,Rahul,23,Male,HR,47940.0,9.0,Mumbai,BCA,3,6,2023
5562,Rahul,39,Male,HR,68604.0,12.0,Lucknow,B.Tech,2,6,2015
5563,Neha,32,Female,HR,94332.0,16.0,Lucknow,BCA,3,10,2018
5564,Rahul,39,Female,IT,60047.5,15.0,Pune,MCA,3,10,2020
5565,Rahul,23,Male,Marketing,60047.5,7.0,Lucknow,B.Com,3,3,2026
5566,Amit,31,Male,Marketing,60047.5,16.0,Lucknow,MCA,4,14,2016
5567,Rohit,28,Male,IT,96502.0,12.0,Lucknow,MCA,1,5,2020
5568,Amit,32,Male,Finance,87345.0,12.0,Mumbai,MCA,1,15,2020
5569,Rahul,45,Male,Finance,59314.0,19.0,Lucknow,MBA,3,9,2023
5570,Rahul,39,Female,HR,60047.5,17.0,Lucknow,MCA,3,15,2023
5571,Sneha,32,Male,HR,91041.0,4.0,Mumbai,B.Com,1,19,2020
5572,Rahul,58,Female,HR,90793.0,5.0,Delhi,MCA,3,10,2020
5573,Rahul,39,Female,HR,24909.0,12.0,Lucknow,MCA,5,8,2015
5574,Rahul,38,Male,HR,34866.0,13.0,Pune,MCA,3,15,2024
5575,Neha,39,Male,Sales,60047.5,12.0,Lucknow,BCA,3,11,2019
5576,Sneha,39,Female,IT,85997.0,3.0,Delhi,MCA,2,4,2022
5577,Rohit,39,Male,Finance,48460.0,6.0,Lucknow,MBA,3,10,2020
5578,Sneha,32,Female,Sales,68500.0,12.0,Delhi,BCA,1,10,2020
5579,Amit,39,Female,Sales,88769.0,12.0,Delhi,MCA,2,2,2020
5580,Rahul,39,Male,HR,60047.5,1.0,Noida,MCA,3,8,2020
5581,Sneha,29,Female,Marketing,60047.5,3.0,Pune,B.Com,5,8,2015
5582,Priya,41,Female,HR,85327.0,12.0,Lucknow,MCA,3,9,2020
5583,Rahul,32,Male,IT,67965.0,0.0,Pune,MCA,5,2,2020
5584,Rahul,28,Male,HR,51238.0,14.0,Pune,MBA,4,14,2020
5585,Rahul,52,Male,IT,60047.5,19.0,Lucknow,BCA,4,2,2018
5586,Rohit,39,Female,Finance,60047.5,21.0,Delhi,MCA,3,10,2017
5587,Rahul,39,Male,HR,60047.5,23.0,Lucknow,B.Tech,3,3,2021
5588,Priya,34,Male,IT,74289.0,7.0,Noida,MCA,3,14,2025
5589,Sneha,51,Male,Finance,60047.5,24.0,Pune,MCA,1,10,2023
5590,Neha,52,Male,HR,60047.5,12.0,Lucknow,MCA,3,15,2021
5591,Rahul,36,Female,HR,42413.0,13.0,Noida,MCA,2,7,2020
5592,Rohit,43,Male,Sales,68899.0,17.0,Delhi,MCA,3,18,2019
5593,Rahul,49,Male,HR,89969.0,2.0,Pune,B.Com,3,6,2015
5594,Sneha,39,Male,HR,60047.5,1.0,Lucknow,B.Tech,3,16,2019
5595,Sneha,35,Female,HR,60047.5,24.0,Mumbai,MCA,3,11,2015
5596,Amit,21,Male,HR,60047.5,21.0,Lucknow,MBA,2,2,2020
5597,Sneha,36,Male,HR,62774.0,12.0,Delhi,MBA,5,2,2022
5598,Rahul,51,Female,HR,79608.0,13.0,Noida,B.Com,3,10,2021
5599,Neha,27,Female,HR,53617.0,12.0,Mumbai,MCA,1,10,2020
5600,Rohit,22,Female,HR,24814.0,12.0,Lucknow,BCA,1,12,2022
5601,Rahul,39,Female,Sales,78335.0,12.0,Lucknow,B.Tech,3,3,2026
5602,Priya,39,Female,Finance,43763.0,12.0,Lucknow,MCA,4,10,2020
5603,Rahul,39,Female,HR,30000.0,12.0,Pune,B.Tech,2,9,2020
5604,Rahul,39,Male,HR,60047.5,22.0,Lucknow,MCA,1,3,2020
5605,Priya,35,Male,Finance,60047.5,4.0,Lucknow,MBA,2,18,2016
5606,Sneha,39,Female,Sales,74232.0,2.0,Lucknow,MCA,3,2,2015
5607,Rohit,39,Female,Sales,34227.0,14.0,Lucknow,B.Tech,3,10,2020
5608,Rahul,31,Male,HR,37279.0,22.0,Noida,MCA,3,13,2026
5609,Rahul,34,Female,Finance,94904.0,4.0,Lucknow,B.Com,1,17,2020
5610,Priya,39,Female,HR,84940.0,21.0,Mumbai,MCA,3,9,2021
5611,Rahul,39,Male,IT,62736.0,12.0,Delhi,MCA,3,19,2017
5612,Priya,39,Female,Sales,60047.5,5.0,Mumbai,MCA,3,14,2020
5613,Rahul,39,Female,HR,60047.5,22.0,Lucknow,BCA,3,13,2022
5614,Neha,39,Male,Sales,27771.0,13.0,Delhi,MCA,3,5,2021
5615,Rahul,52,Male,HR,98996.0,23.0,Lucknow,MCA,3,10,2019
5616,Rahul,39,Male,HR,60047.5,1.0,Lucknow,B.Com,1,10,2020
5617,Rohit,26,Male,Finance,60047.5,12.0,Lucknow,MCA,3,10,2015
5618,Priya,34,Male,HR,23553.0,5.0,Delhi,MCA,3,10,2020
5619,Priya,57,Female,Sales,54117.0,23.0,Delhi,MCA,4,5,2020
5620,Neha,39,Female,HR,60047.5,4.0,Delhi,BCA,3,7,2023
5621,Rahul,48,Female,HR,60047.5,13.0,Lucknow,B.Tech,3,2,2020
5622,Rahul,50,Female,HR,54890.0,16.0,Lucknow,BCA,3,10,2020
5623,Rahul,44,Female,IT,99428.0,12.0,Lucknow,MCA,3,16,2018
5624,Rahul,43,Male,HR,28689.0,0.0,Noida,BCA,5,10,2025
5625,Neha,39,Female,HR,48063.0,9.0,Lucknow,BCA,2,10,2020
5626,Amit,21,Male,HR,77198.0,8.0,Lucknow,B.Com,2,10,2020
5627,Amit,39,Female,Finance,60047.5,19.0,Noida,MBA,3,2,2018
5628,Rahul,39,Male,Sales,21363.0,12.0,Noida,B.Tech,3,8,2023
5629,Priya,52,Male,Finance,60047.5,0.0,Lucknow,MCA,2,9,2020
5630,Rahul,27,Male,Sales,22751.0,12.0,Delhi,MBA,3,12,2020
5631,Amit,44,Female,Finance,27782.0,17.0,Pune,B.Com,3,5,2022
5632,Rahul,39,Female,Marketing,32540.0,12.0,Mumbai,MCA,3,13,2020
5633,Neha,53,Female,HR,65991.0,1.0,Pune,B.Com,2,5,2026
5634,Priya,42,Female,Finance,90875.0,0.0,Mumbai,MCA,5,15,2020
5636,Rahul,39,Female,Finance,60047.5,24.0,Delhi,B.Tech,5,5,2026
5637,Rahul,27,Male,HR,91384.0,12.0,Noida,MCA,3,4,2021
5638,Amit,35,Male,Marketing,83177.0,21.0,Lucknow,BCA,3,16,2021
5639,Amit,34,Male,Marketing,78396.0,11.0,Mumbai,MCA,2,18,2016
5640,Rohit,20,Male,HR,60047.5,6.0,Delhi,MCA,2,10,2020
5641,Sneha,39,Female,HR,38405.0,12.0,Lucknow,MBA,2,3,2020
5642,Neha,22,Female,Sales,60047.5,20.0,Noida,B.Tech,3,10,2024
5643,Amit,57,Female,Marketing,60047.5,19.0,Lucknow,BCA,3,13,2025
5644,Rahul,33,Male,HR,60047.5,3.0,Pune,MCA,5,3,2026
5645,Sneha,55,Female,HR,23302.0,14.0,Mumbai,MCA,3,4,2019
5646,Neha,39,Female,IT,99973.0,0.0,Lucknow,BCA,4,13,2017
5647,Neha,39,Female,HR,43511.0,5.0,Lucknow,B.Com,2,10,2017
5649,Neha,29,Male,Sales,63239.0,13.0,Pune,MCA,3,10,2015
5650,Rahul,58,Female,IT,91691.0,9.0,Lucknow,BCA,1,16,2024
5651,Rahul,20,Male,IT,60047.5,6.0,Lucknow,MCA,4,10,2020
5653,Rahul,39,Male,HR,81895.0,23.0,Mumbai,B.Tech,5,10,2020
5654,Rahul,30,Female,Finance,89890.0,12.0,Pune,MCA,5,4,2020
5655,Rahul,24,Male,Marketing,60047.5,12.0,Pune,BCA,2,12,2020
5656,Rahul,26,Female,IT,60047.5,11.0,Delhi,B.Tech,5,10,2024
5657,Sneha,38,Male,HR,60047.5,12.0,Lucknow,MCA,1,2,2020
5658,Amit,48,Male,Sales,42453.0,12.0,Pune,MCA,4,10,2024
5659,Priya,34,Male,HR,94374.0,12.0,Delhi,B.Com,5,8,2020
5660,Rahul,54,Male,HR,57976.0,2.0,Delhi,MBA,2,10,2020
5661,Rahul,39,Male,IT,60047.5,3.0,Mumbai,B.Com,3,6,2020
5662,Sneha,39,Male,Finance,94873.0,12.0,Delhi,MCA,3,2,2020
5663,Rahul,49,Female,HR,96237.0,9.0,Noida,BCA,5,14,2022
5664,Rahul,39,Female,IT,63043.0,13.0,Lucknow,MBA,1,10,2025
5665,Neha,39,Male,IT,97080.0,12.0,Noida,MCA,3,2,2016
5666,Amit,22,Female,Sales,84990.0,7.0,Delhi,MBA,3,4,2015
5667,Rahul,28,Female,Marketing,66809.0,18.0,Delhi,MCA,3,6,2020
5668,Priya,58,Male,Finance,36705.0,9.0,Lucknow,B.Tech,3,10,2016
5669,Rohit,45,Female,HR,83131.0,21.0,Mumbai,MCA,5,5,2020
5670,Rahul,39,Female,Sales,60047.5,4.0,Delhi,MBA,2,6,2025
5671,Rahul,42,Male,HR,82456.0,12.0,Lucknow,MCA,3,10,2020
5672,Amit,39,Male,HR,96859.0,4.0,Noida,MCA,2,10,2022
5673,Priya,40,Male,HR,98473.0,12.0,Pune,MCA,3,11,2020
5674,Rahul,35,Male,Finance,43089.0,22.0,Mumbai,MCA,2,11,2020
5675,Rahul,28,Female,IT,87238.0,12.0,Lucknow,MCA,2,10,2020
5676,Rohit,39,Male,Marketing,95940.0,12.0,Noida,BCA,3,1,2020
5677,Rahul,39,Male,Marketing,93916.0,8.0,Lucknow,B.Com,4,10,2020
5678,Rahul,46,Male,HR,60047.5,12.0,Lucknow,MCA,2,8,2022
5679,Amit,36,Male,HR,60047.5,5.0,Pune,B.Tech,3,10,2020
5680,Rahul,57,Female,Sales,93212.0,21.0,Pune,MCA,3,6,2018
5681,Amit,39,Male,HR,51818.0,19.0,Mumbai,MCA,1,14,2017
5682,Sneha,20,Male,HR,68555.0,12.0,Delhi,MCA,3,2,2021
5683,Neha,39,Female,HR,60047.5,12.0,Mumbai,B.Tech,3,10,2020
5684,Priya,28,Female,Sales,68180.0,4.0,Lucknow,B.Tech,1,10,2020
5685,Sneha,39,Female,Finance,69421.0,16.0,Mumbai,BCA,4,19,2020
5686,Rahul,59,Female,HR,46620.0,12.0,Lucknow,MBA,2,10,2017
5687,Rohit,34,Male,HR,80539.0,13.0,Mumbai,B.Tech,1,1,2020
5688,Neha,23,Female,Sales,37077.0,12.0,Mumbai,MBA,3,2,2020
5689,Rahul,52,Male,Sales,60047.5,12.0,Mumbai,MBA,3,17,2015
5690,Rahul,39,Male,HR,60047.5,21.0,Noida,B.Com,3,2,2025
5691,Rahul,55,Male,Finance,60047.5,1.0,Lucknow,MCA,3,10,2019
5692,Neha,29,Female,HR,37619.0,12.0,Lucknow,MCA,4,4,2021
5693,Rahul,55,Male,Finance,89503.0,12.0,Lucknow,MCA,3,13,2021
5694,Rahul,39,Male,HR,77477.0,15.0,Delhi,MCA,5,12,2020
5695,Neha,30,Female,HR,47488.0,4.0,Lucknow,B.Com,1,5,2025
5696,Amit,31,Male,HR,60047.5,12.0,Delhi,MCA,3,10,2024
5697,Rahul,37,Male,Finance,60047.5,9.0,Pune,B.Com,3,6,2020
5698,Priya,49,Male,HR,60047.5,12.0,Mumbai,BCA,4,1,2020
5700,Rahul,39,Male,HR,60047.5,4.0,Pune,BCA,1,6,2022
5701,Rohit,44,Male,HR,92170.0,14.0,Delhi,B.Tech,2,13,2020
5702,Rahul,31,Male,HR,75120.0,3.0,Lucknow,BCA,1,13,2015
5703,Priya,40,Male,HR,86376.0,6.0,Lucknow,MCA,3,11,2021
5704,Sneha,44,Male,HR,74235.0,9.0,Pune,MCA,3,16,2020
5705,Sneha,30,Female,HR,54229.0,12.0,Lucknow,B.Com,3,14,2025
5706,Rahul,39,Male,HR,35405.0,12.0,Noida,B.Tech,4,11,2019
5707,Priya,39,Male,HR,35847.0,3.0,Mumbai,MCA,5,5,2021
5708,Priya,39,Male,HR,43547.0,12.0,Lucknow,B.Tech,1,10,2020
5709,Amit,51,Male,IT,60047.5,12.0,Lucknow,MBA,3,15,2023
5710,Rahul,33,Male,Sales,24843.0,12.0,Mumbai,B.Com,2,7,2020
5711,Priya,20,Male,Sales,60047.5,12.0,Noida,MCA,3,3,2020
5712,Rahul,36,Female,Finance,34852.0,12.0,Lucknow,BCA,5,10,2024
5713,Neha,39,Male,HR,71661.0,4.0,Lucknow,MBA,3,9,2026
5714,Amit,27,Female,Finance,60047.5,20.0,Lucknow,MCA,1,10,2020
5715,Rohit,24,Male,IT,92968.0,7.0,Pune,B.Tech,2,4,2020
5716,Rahul,39,Female,IT,38837.0,6.0,Lucknow,MBA,3,18,2015
5717,Neha,54,Male,Finance,96730.0,12.0,Delhi,MCA,3,14,2020
5718,Neha,39,Male,Sales,60047.5,12.0,Lucknow,BCA,1,10,2021
5719,Rohit,39,Male,Sales,60047.5,12.0,Delhi,BCA,4,10,2024
5720,Amit,28,Female,Finance,27404.0,12.0,Mumbai,B.Tech,1,2,2021
5721,Rahul,49,Male,Marketing,60047.5,12.0,Lucknow,B.Tech,2,10,2018
5722,Amit,35,Male,Sales,96043.0,8.0,Delhi,MCA,3,10,2020
5723,Priya,39,Male,HR,38697.0,12.0,Delhi,B.Com,1,17,2025
5724,Amit,39,Female,HR,60047.5,15.0,Delhi,B.Tech,3,11,2020
5725,Rahul,39,Male,Marketing,43570.0,13.0,Mumbai,B.Com,1,4,2017
5726,Rahul,39,Male,IT,60047.5,16.0,Mumbai,BCA,3,17,2024
5727,Amit,45,Male,IT,57982.0,5.0,Lucknow,B.Tech,1,5,2020
5728,Rahul,44,Female,HR,60047.5,2.0,Delhi,MCA,5,4,2025
5729,Rahul,35,Female,Sales,25156.0,16.0,Noida,B.Tech,2,10,2025
5730,Priya,34,Male,IT,60047.5,12.0,Lucknow,MCA,1,3,2020
5731,Priya,45,Female,HR,95324.0,5.0,Lucknow,MCA,2,10,2020
5732,Neha,35,Female,Marketing,80706.0,7.0,Mumbai,B.Tech,4,8,2022
5733,Rahul,33,Male,Sales,99721.0,24.0,Lucknow,MBA,3,5,2019
5734,Rahul,48,Male,HR,29971.0,12.0,Noida,MCA,3,8,2022
5735,Rahul,43,Male,HR,73140.0,12.0,Lucknow,MBA,4,10,2023
5736,Rahul,34,Female,HR,63408.0,12.0,Mumbai,BCA,3,19,2018
5737,Rahul,38,Female,HR,72022.0,16.0,Pune,BCA,4,4,2020
5738,Rahul,27,Male,Marketing,26487.0,20.0,Lucknow,MBA,2,6,2024
5739,Sneha,53,Female,Sales,40997.0,2.0,Lucknow,B.Com,5,3,2021
5740,Rohit,21,Female,Sales,66456.0,12.0,Noida,BCA,4,4,2020
5741,Rahul,46,Male,HR,60047.5,11.0,Lucknow,MCA,3,4,2019
5742,Priya,39,Male,Marketing,79416.0,24.0,Pune,B.Tech,5,5,2019
5743,Amit,39,Male,Finance,60047.5,5.0,Lucknow,B.Com,5,15,2015
5744,Rohit,42,Male,Finance,98970.0,20.0,Noida,MCA,3,10,2020
5745,Priya,27,Male,Marketing,97952.0,6.0,Noida,B.Tech,1,6,2015
5746,Rahul,47,Male,Finance,48194.0,12.0,Lucknow,MCA,3,10,2021
5747,Sneha,42,Male,HR,60047.5,12.0,Lucknow,B.Com,3,12,2020
5748,Priya,39,Male,Finance,78676.0,15.0,Lucknow,MBA,4,10,2026
5749,Rahul,33,Male,IT,28373.0,12.0,Noida,B.Tech,2,12,2018
5750,Rahul,39,Male,Marketing,50283.0,12.0,Pune,MCA,3,14,2020
5751,Priya,20,Male,Finance,75911.0,20.0,Mumbai,MCA,1,13,2023
5752,Rahul,23,Male,Finance,60047.5,12.0,Mumbai,B.Com,1,11,2020
5753,Priya,51,Female,IT,60047.5,4.0,Lucknow,B.Com,4,11,2023
5754,Rahul,52,Female,HR,60047.5,12.0,Pune,MCA,2,2,2020
5755,Rahul,45,Female,Sales,84143.0,2.0,Delhi,MCA,3,10,2024
5756,Amit,36,Female,HR,60047.5,3.0,Noida,BCA,2,15,2023
5757,Rahul,58,Female,Finance,33901.0,24.0,Lucknow,MCA,3,10,2020
5758,Rahul,42,Male,HR,42597.0,14.0,Pune,MBA,3,12,2023
5759,Rohit,51,Male,HR,53428.0,1.0,Delhi,MCA,5,14,2017
5760,Rahul,34,Female,Finance,60047.5,12.0,Lucknow,MBA,4,18,2020
5761,Amit,39,Female,IT,49493.0,12.0,Mumbai,MCA,5,3,2025
5762,Priya,39,Male,Sales,71224.0,4.0,Lucknow,MCA,3,12,2019
5763,Rahul,38,Female,Marketing,51852.0,6.0,Noida,MCA,3,10,2024
5764,Rahul,39,Male,Finance,60047.5,21.0,Lucknow,B.Com,4,3,2020
5765,Amit,43,Female,Finance,84202.0,16.0,Pune,MCA,4,7,2025
5766,Sneha,39,Male,Marketing,53583.0,7.0,Lucknow,MCA,3,16,2025
5767,Amit,41,Female,HR,60047.5,8.0,Lucknow,B.Tech,4,10,2020
5768,Sneha,34,Male,Sales,60047.5,9.0,Noida,MCA,1,8,2016
5769,Rahul,29,Female,HR,32289.0,10.0,Lucknow,MCA,5,15,2020
5770,Rahul,46,Male,Marketing,90270.0,0.0,Lucknow,MCA,4,10,2016
5771,Rahul,28,Male,Marketing,60047.5,14.0,Mumbai,BCA,3,8,2021
5772,Rahul,47,Male,Sales,26505.0,12.0,Lucknow,MCA,1,11,2020
5773,Rahul,20,Female,Marketing,60047.5,12.0,Delhi,B.Com,3,10,2026
5774,Amit,36,Female,HR,60047.5,12.0,Noida,MBA,1,18,2024
5775,Rahul,50,Male,Sales,90221.0,5.0,Pune,MCA,1,9,2018
5776,Rahul,39,Male,HR,38409.0,9.0,Lucknow,MCA,1,16,2020
5778,Rahul,39,Female,Finance,64533.0,12.0,Noida,MCA,1,6,2020
5779,Rahul,37,Female,Finance,50475.0,23.0,Lucknow,BCA,1,2,2025
5780,Rahul,57,Male,HR,60047.5,6.0,Delhi,MCA,1,10,2018
5781,Rohit,58,Female,HR,75344.0,12.0,Pune,MCA,3,10,2020
5782,Rahul,39,Female,Sales,23671.0,12.0,Noida,B.Com,3,9,2023
5783,Priya,59,Male,HR,90477.0,24.0,Noida,MBA,3,14,2015
5784,Amit,31,Female,IT,98002.0,12.0,Lucknow,MCA,2,7,2020
5785,Rohit,39,Male,HR,60047.5,21.0,Lucknow,MBA,3,5,2020
5786,Rahul,29,Male,HR,64959.0,8.0,Lucknow,B.Com,1,7,2016
5787,Rahul,39,Female,HR,60047.5,14.0,Lucknow,MCA,1,3,2023
5788,Priya,34,Female,HR,48080.0,12.0,Lucknow,MBA,3,13,2019
5789,Amit,50,Male,HR,44544.0,12.0,Lucknow,MCA,3,12,2020
5790,Amit,39,Male,IT,96347.0,6.0,Lucknow,BCA,1,6,2020
5791,Rahul,29,Male,Finance,60047.5,12.0,Lucknow,MCA,3,2,2019
5792,Sneha,29,Female,HR,74211.0,12.0,Delhi,MBA,3,15,2015
5793,Rahul,58,Male,Finance,60696.0,12.0,Lucknow,B.Com,3,15,2020
5794,Neha,47,Male,Marketing,68093.0,7.0,Mumbai,MCA,3,10,2022
5795,Rahul,49,Male,HR,67042.0,11.0,Mumbai,B.Tech,5,17,2020
5796,Neha,56,Male,Sales,73516.0,10.0,Lucknow,MBA,3,3,2024
5797,Rahul,22,Female,Sales,57487.0,12.0,Pune,MCA,3,3,2020
5798,Rohit,39,Female,IT,60849.0,19.0,Lucknow,MBA,2,9,2020
5799,Neha,40,Male,HR,34550.0,12.0,Noida,B.Com,2,10,2021
5800,Priya,56,Female,Finance,96400.0,22.0,Lucknow,B.Tech,3,12,2016
5801,Priya,31,Female,HR,69699.0,15.0,Pune,B.Tech,4,10,2020
5802,Rahul,23,Female,HR,98160.0,12.0,Lucknow,B.Com,2,4,2018
5803,Amit,39,Male,HR,88897.0,16.0,Pune,MCA,5,5,2021
5804,Priya,39,Female,Sales,60047.5,12.0,Mumbai,MBA,3,17,2022
5805,Rahul,47,Female,Finance,21924.0,12.0,Pune,B.Tech,1,10,2020
5806,Rohit,42,Male,HR,60047.5,19.0,Lucknow,MCA,3,4,2020
5807,Neha,39,Male,HR,60047.5,12.0,Lucknow,BCA,3,15,2018
5808,Sneha,39,Female,IT,60047.5,12.0,Delhi,MBA,4,10,2024
5809,Rohit,43,Female,HR,85164.0,12.0,Pune,MBA,3,5,2016
5810,Amit,39,Male,Marketing,60047.5,19.0,Lucknow,MCA,3,14,2017
5811,Rahul,39,Male,HR,69573.0,12.0,Noida,B.Tech,3,10,2020
5812,Neha,39,Male,IT,36719.0,12.0,Pune,B.Tech,4,19,2024
5813,Rahul,35,Male,Sales,29718.0,12.0,Delhi,BCA,3,8,2020
5814,Rahul,41,Male,IT,20056.0,12.0,Noida,MCA,3,12,2026
5815,Amit,37,Male,HR,60047.5,12.0,Lucknow,BCA,3,19,2026
5816,Sneha,26,Male,Finance,67820.0,4.0,Noida,MCA,5,19,2020
5817,Sneha,45,Male,HR,60047.5,20.0,Lucknow,MCA,3,6,2020
5818,Priya,39,Male,HR,60047.5,15.0,Mumbai,MCA,5,8,2026
5820,Rahul,49,Male,HR,60047.5,7.0,Mumbai,MCA,3,17,2018
5821,Sneha,39,Female,HR,60194.0,20.0,Lucknow,B.Com,2,1,2022
5822,Sneha,42,Female,Sales,66556.0,15.0,Mumbai,MCA,3,10,2022
5823,Rohit,39,Female,HR,66775.0,3.0,Mumbai,BCA,4,12,2020
5824,Rohit,41,Male,HR,60047.5,5.0,Delhi,B.Com,3,2,2021
5825,Rohit,28,Female,Sales,59883.0,12.0,Lucknow,B.Com,1,17,2020
5826,Rahul,50,Male,HR,30911.0,7.0,Noida,B.Tech,5,7,2017
5827,Priya,26,Male,HR,85795.0,8.0,Lucknow,BCA,4,14,2020
5828,Neha,28,Male,Sales,40872.0,12.0,Delhi,BCA,5,14,2025
5829,Rahul,32,Female,HR,60047.5,16.0,Pune,MCA,1,12,2021
5830,Priya,22,Female,Marketing,93072.0,8.0,Mumbai,B.Com,3,16,2020
5832,Rohit,52,Male,HR,36860.0,8.0,Pune,B.Com,1,10,2021
5833,Rahul,39,Female,HR,90819.0,12.0,Lucknow,B.Tech,4,2,2016
5834,Amit,39,Male,Marketing,60047.5,9.0,Mumbai,B.Tech,3,10,2018
5835,Rahul,53,Male,HR,62559.0,4.0,Lucknow,MCA,3,1,2020
5836,Neha,51,Male,HR,92941.0,6.0,Mumbai,B.Com,5,10,2020
5837,Rohit,54,Female,HR,52205.0,10.0,Noida,MCA,3,18,2021
5838,Rahul,34,Female,Finance,60047.5,23.0,Lucknow,BCA,1,16,2019
5839,Neha,51,Male,IT,60047.5,8.0,Lucknow,BCA,3,2,2024
5840,Neha,25,Female,HR,60047.5,24.0,Lucknow,MCA,3,10,2017
5841,Neha,40,Male,HR,70734.0,9.0,Delhi,MBA,3,16,2016
5842,Amit,52,Male,Sales,50431.0,10.0,Mumbai,B.Tech,1,19,2020
5843,Priya,51,Female,IT,60047.5,12.0,Mumbai,B.Com,1,5,2018
5844,Rahul,39,Male,HR,37882.0,7.0,Lucknow,MCA,4,6,2024
5845,Rohit,52,Female,Marketing,98539.0,16.0,Lucknow,MBA,3,10,2020
5846,Rohit,39,Male,Finance,63346.0,12.0,Noida,BCA,2,16,2020
5847,Rahul,50,Male,Sales,32979.0,11.0,Lucknow,MBA,3,16,2022
5848,Rahul,40,Male,HR,64828.0,15.0,Lucknow,MCA,5,7,2023
5850,Rohit,34,Male,IT,94836.0,20.0,Lucknow,MCA,1,9,2026
5851,Sneha,33,Male,HR,94217.0,12.0,Mumbai,BCA,5,6,2017
5852,Rohit,39,Male,Sales,60047.5,17.0,Noida,B.Tech,3,16,2020
5853,Neha,39,Male,HR,90908.0,12.0,Pune,BCA,2,10,2021
5854,Sneha,39,Female,IT,60047.5,12.0,Pune,MCA,3,4,2020
5855,Priya,39,Male,Sales,30920.0,4.0,Lucknow,BCA,3,6,2020
5856,Rahul,56,Male,HR,47785.0,12.0,Mumbai,B.Com,5,14,2024
5857,Priya,39,Male,Marketing,45178.0,10.0,Noida,MCA,3,3,2021
5858,Priya,53,Male,HR,91997.0,2.0,Pune,MCA,2,10,2015
5860,Rahul,39,Female,HR,92868.0,22.0,Lucknow,MCA,3,8,2023
5861,Rohit,39,Female,Sales,69383.0,11.0,Mumbai,B.Com,2,8,2016
5862,Rahul,47,Female,Sales,20327.0,2.0,Lucknow,MCA,4,4,2020
5863,Rahul,28,Female,Finance,90775.0,22.0,Delhi,BCA,3,15,2018
5864,Sneha,39,Female,HR,95614.0,1.0,Noida,MCA,4,10,2020
5865,Rahul,25,Male,Sales,60047.5,12.0,Lucknow,BCA,4,11,2020
5866,Rahul,33,Female,HR,60047.5,17.0,Mumbai,BCA,4,7,2020
5867,Amit,47,Female,HR,34954.0,19.0,Noida,B.Com,1,10,2017
5868,Sneha,39,Female,IT,77541.0,20.0,Noida,B.Tech,2,6,2023
5869,Rahul,32,Male,Marketing,65471.0,13.0,Lucknow,MBA,3,10,2022
5870,Sneha,31,Male,Marketing,88315.0,12.0,Noida,MCA,1,5,2021
5871,Rohit,38,Female,Finance,33225.0,1.0,Noida,B.Tech,3,3,2025
5872,Rahul,40,Female,Finance,60047.5,18.0,Lucknow,MBA,3,6,2020
5873,Rahul,46,Male,HR,90871.0,9.0,Delhi,B.Tech,3,14,2020
5874,Neha,38,Male,HR,29530.0,4.0,Pune,MCA,1,1,2019
5875,Rahul,43,Female,IT,60047.5,12.0,Delhi,B.Com,3,10,2020
5876,Sneha,45,Female,IT,44791.0,8.0,Lucknow,B.Com,3,10,2020
5877,Rahul,47,Male,Marketing,60047.5,15.0,Lucknow,B.Com,2,3,2019
5878,Sneha,37,Female,Sales,60047.5,12.0,Noida,B.Tech,3,17,2020
5879,Rahul,39,Male,HR,88398.0,14.0,Lucknow,MCA,3,14,2017
5880,Rohit,48,Female,HR,47134.0,12.0,Lucknow,BCA,3,19,2016
5881,Rohit,39,Male,HR,60047.5,8.0,Pune,MCA,2,7,2020
5883,Sneha,48,Male,Finance,60047.5,12.0,Noida,B.Tech,3,7,2016
5884,Neha,23,Male,Sales,60047.5,14.0,Lucknow,MCA,3,13,2020
5885,Rohit,29,Female,HR,42066.0,8.0,Delhi,MCA,2,10,2018
5886,Rahul,44,Male,HR,60047.5,12.0,Noida,MCA,2,11,2024
5887,Rohit,39,Female,HR,60047.5,12.0,Mumbai,MCA,4,8,2026
5888,Rahul,22,Male,HR,94826.0,20.0,Noida,MBA,4,10,2015
5889,Rohit,39,Male,Marketing,60047.5,3.0,Lucknow,B.Com,3,15,2016
5890,Sneha,44,Female,Marketing,55489.0,12.0,Delhi,MBA,5,10,2025
5891,Neha,39,Female,IT,47284.0,20.0,Lucknow,BCA,3,10,2020
5892,Rahul,45,Male,HR,60047.5,21.0,Mumbai,MBA,3,13,2016
5893,Sneha,27,Male,Finance,63660.0,6.0,Pune,B.Tech,1,10,2018
5894,Sneha,54,Female,Finance,39637.0,12.0,Delhi,MBA,5,17,2015
5895,Sneha,39,Female,Marketing,68024.0,12.0,Mumbai,BCA,3,10,2020
5896,Rahul,44,Male,HR,80405.0,12.0,Mumbai,BCA,2,6,2015
5897,Sneha,37,Male,HR,81305.0,17.0,Lucknow,B.Com,1,1,2017
5898,Rahul,20,Female,HR,53556.0,6.0,Lucknow,BCA,3,17,2020
5899,Rahul,39,Female,HR,60047.5,18.0,Lucknow,MCA,2,1,2016
5900,Amit,22,Male,HR,60047.5,9.0,Pune,MCA,3,5,2018
5901,Priya,23,Female,Sales,23654.0,12.0,Noida,MCA,4,10,2020
5903,Sneha,34,Female,Sales,60047.5,21.0,Lucknow,MCA,4,17,2026
5904,Priya,27,Male,HR,64549.0,19.0,Lucknow,B.Com,3,10,2020
5905,Priya,39,Male,HR,85355.0,10.0,Lucknow,MCA,2,13,2026
5907,Amit,45,Female,Finance,66257.0,12.0,Pune,B.Tech,4,10,2020
5908,Neha,58,Female,IT,35987.0,2.0,Lucknow,B.Com,3,6,2020
5909,Priya,39,Female,Sales,60047.5,0.0,Noida,MBA,3,11,2024
5910,Rahul,57,Male,HR,40311.0,2.0,Lucknow,MCA,3,2,2019
5911,Priya,39,Female,Marketing,60047.5,2.0,Delhi,B.Com,4,18,2023
5912,Neha,38,Male,IT,60047.5,21.0,Lucknow,B.Com,5,12,2017
5913,Amit,49,Male,HR,28738.0,3.0,Delhi,MCA,3,15,2022
5914,Sneha,24,Male,IT,93424.0,12.0,Pune,MBA,1,10,2020
5915,Rahul,50,Female,HR,82232.0,12.0,Pune,B.Com,3,10,2026
5916,Amit,26,Female,HR,25474.0,12.0,Lucknow,MCA,3,18,2022
5917,Sneha,38,Female,IT,79026.0,17.0,Lucknow,BCA,3,16,2020
5918,Sneha,39,Male,HR,60047.5,11.0,Pune,B.Tech,2,10,2023
5919,Neha,39,Female,HR,60047.5,3.0,Delhi,B.Tech,5,12,2015
5920,Amit,43,Male,Marketing,60047.5,23.0,Mumbai,B.Tech,3,12,2017
5921,Rohit,53,Female,Finance,25622.0,10.0,Lucknow,MCA,2,10,2020
5922,Rahul,42,Female,Marketing,60047.5,5.0,Mumbai,MCA,3,14,2020
5923,Rahul,59,Male,Marketing,59214.0,18.0,Lucknow,B.Com,2,4,2020
5924,Sneha,25,Male,HR,77993.0,17.0,Noida,MBA,3,15,2018
5925,Rahul,57,Male,Finance,60047.5,12.0,Lucknow,MBA,5,10,2025
5926,Rahul,39,Male,HR,41865.0,12.0,Pune,BCA,3,7,2016
5927,Amit,46,Male,HR,60047.5,16.0,Lucknow,MCA,3,7,2017
5928,Rahul,30,Male,HR,83649.0,0.0,Noida,MCA,2,9,2017
5929,Rahul,24,Male,Finance,60047.5,1.0,Delhi,MCA,1,10,2020
5930,Rahul,36,Male,IT,79207.0,18.0,Lucknow,B.Com,2,13,2019
5931,Rahul,26,Female,Sales,46866.0,8.0,Delhi,B.Tech,1,6,2019
5932,Priya,46,Male,Sales,60047.5,7.0,Noida,B.Com,3,4,2025
5933,Priya,34,Female,HR,45775.0,12.0,Mumbai,B.Com,2,17,2018
5934,Amit,32,Female,Marketing,49080.0,12.0,Lucknow,BCA,1,10,2018
5935,Rohit,30,Female,HR,90423.0,24.0,Noida,MBA,5,10,2023
5936,Sneha,45,Male,Finance,39374.0,22.0,Pune,MCA,3,1,2021
5937,Rahul,41,Male,Sales,78451.0,6.0,Delhi,MBA,3,10,2020
5938,Priya,39,Male,HR,60047.5,12.0,Lucknow,MCA,3,2,2022
5939,Rohit,43,Male,HR,60047.5,12.0,Lucknow,MBA,3,8,2018
5940,Rohit,39,Male,Sales,44002.0,12.0,Lucknow,MCA,1,16,2025
5941,Rahul,39,Female,HR,42972.0,19.0,Lucknow,B.Tech,3,4,2020
5942,Rahul,23,Female,HR,86153.0,20.0,Pune,MCA,3,19,2015
5943,Rohit,37,Female,HR,66404.0,11.0,Mumbai,B.Com,3,10,2023
5944,Rohit,35,Female,HR,60047.5,16.0,Lucknow,MCA,3,17,2020
5945,Priya,39,Male,IT,88326.0,10.0,Mumbai,BCA,3,10,2016
5947,Rohit,58,Male,IT,60047.5,18.0,Delhi,B.Tech,5,9,2020
5948,Rahul,29,Male,HR,60047.5,1.0,Lucknow,BCA,2,7,2026
5949,Priya,28,Male,HR,24054.0,1.0,Lucknow,MCA,4,3,2020
5950,Rahul,50,Female,HR,36090.0,23.0,Delhi,BCA,3,12,2026
5951,Amit,47,Male,HR,35569.0,12.0,Delhi,MCA,3,10,2016
5952,Priya,22,Female,Sales,60047.5,23.0,Lucknow,BCA,5,10,2022
5953,Rahul,33,Female,IT,26508.0,8.0,Pune,MCA,2,3,2020
5954,Rohit,39,Female,HR,36608.0,12.0,Pune,MCA,2,11,2020
5955,Rahul,39,Male,Finance,95969.0,12.0,Noida,BCA,3,8,2021
5956,Rahul,39,Male,HR,44520.0,9.0,Mumbai,MCA,1,2,2025
5957,Rahul,39,Female,Finance,97424.0,22.0,Lucknow,MCA,2,10,2020
5958,Rahul,39,Male,IT,50932.0,12.0,Lucknow,BCA,3,4,2020
5959,Amit,26,Female,HR,60047.5,20.0,Lucknow,B.Tech,2,10,2020
5960,Rahul,55,Male,Finance,60047.5,12.0,Delhi,MBA,3,14,2022
5961,Rahul,43,Female,HR,70555.0,24.0,Lucknow,MBA,3,10,2025
5962,Rohit,46,Male,HR,36257.0,22.0,Lucknow,B.Com,4,10,2020
5963,Rahul,56,Male,HR,52194.0,20.0,Lucknow,MBA,4,12,2019
5964,Rahul,57,Female,Finance,36793.0,1.0,Pune,B.Tech,3,8,2016
5965,Rohit,49,Male,HR,54684.0,13.0,Noida,MBA,4,11,2020
5966,Rahul,46,Male,HR,60047.5,3.0,Mumbai,MBA,3,10,2025
5967,Priya,58,Female,HR,22859.0,12.0,Lucknow,B.Tech,2,12,2020
5968,Neha,34,Male,Sales,59840.0,12.0,Lucknow,MCA,3,7,2020
5969,Rahul,45,Male,Marketing,79327.0,1.0,Lucknow,MBA,2,12,2020
5970,Sneha,20,Male,IT,54819.0,1.0,Mumbai,MCA,3,10,2019
5971,Neha,23,Male,Finance,60047.5,17.0,Lucknow,MBA,5,7,2020
5972,Rahul,48,Male,IT,61704.0,12.0,Noida,MBA,4,19,2020
5973,Rahul,20,Male,HR,60047.5,8.0,Noida,B.Tech,3,7,2024
5974,Rohit,41,Male,Marketing,60047.5,7.0,Lucknow,B.Tech,3,18,2024
5975,Rahul,30,Female,HR,60047.5,12.0,Lucknow,MCA,5,12,2024
5976,Sneha,29,Male,Sales,83956.0,1.0,Lucknow,BCA,5,10,2025
5977,Rahul,36,Male,HR,60047.5,4.0,Pune,B.Tech,1,1,2020
5978,Amit,55,Male,Finance,60047.5,12.0,Lucknow,MCA,4,5,2020
5979,Rahul,45,Female,Sales,63634.0,15.0,Lucknow,MCA,3,10,2019
5980,Rahul,39,Male,HR,84501.0,13.0,Lucknow,MBA,2,10,2023
5981,Sneha,32,Male,Sales,39046.0,19.0,Noida,MBA,3,7,2017
5983,Sneha,30,Male,HR,41910.0,23.0,Mumbai,B.Com,2,14,2018
5984,Rohit,39,Female,Finance,60047.5,12.0,Pune,B.Com,2,5,2020
5985,Amit,39,Female,Finance,68392.0,3.0,Mumbai,B.Tech,1,2,2017
5986,Amit,20,Male,HR,81472.0,12.0,Lucknow,BCA,5,14,2020
5987,Priya,25,Female,HR,60047.5,8.0,Noida,B.Tech,5,8,2015
5988,Rahul,32,Male,HR,65335.0,19.0,Lucknow,BCA,3,10,2026
5989,Rohit,41,Male,HR,42487.0,12.0,Noida,MCA,4,8,2025
5990,Amit,50,Female,Finance,60047.5,18.0,Delhi,B.Tech,3,10,2020
5991,Rahul,41,Female,IT,95927.0,1.0,Lucknow,B.Com,1,10,2019
5992,Rohit,56,Male,HR,60047.5,15.0,Lucknow,B.Com,1,7,2020
5993,Sneha,46,Male,HR,60047.5,10.0,Pune,MCA,2,13,2020
5994,Sneha,33,Male,Finance,73948.0,7.0,Mumbai,MCA,1,10,2015
5995,Rahul,24,Male,Marketing,23608.0,11.0,Pune,MCA,3,10,2018
5996,Priya,55,Male,HR,74501.0,2.0,Lucknow,B.Com,2,10,2018
5997,Amit,51,Male,Finance,73912.0,12.0,Delhi,MCA,3,16,2020
5998,Priya,53,Male,Sales,60047.5,12.0,Mumbai,MBA,3,7,2025
5999,Sneha,26,Male,HR,88203.0,12.0,Lucknow,B.Com,5,13,2020
6000,Rahul,29,Male,Finance,82496.0,7.0,Pune,BCA,3,4,2015
